/*******************************************************************************
 * Size: 22 px
 * Bpp: 1
 * Opts: --bpp 1 --size 22 --font C:/Users/lck13/Documents/SquaeLine_Studio/M5StickCplus2TEST03/assets/malgunbd.ttf -o C:/Users/lck13/Documents/SquaeLine_Studio/M5StickCplus2TEST03/assets\ui_font_korea22.c --format lvgl -r 0x20-0x7f --symbols 송편잡증겨락곰연머흥빼꼬나쌍루높면침깨반전프남근드온향랙족께친넓업의창타른곡쇄질네녀밴요취불표혼턴곧잘닥롤칙두힘경틱술꿈쓰산알동션꽃섬멋즈워총스심생번당냄디려기도느라결휠브접병돌미과왕진뭔피뿌뚱콩굶송편잡증락픽둡약겨낯연머흥졸꼬나쌍루뺨높면침뻗깨좁반전닭프남근드온향삶칠족처춘친넓업의창타른릇곡깐질네볶녀챙요깔취춤불표혼끓곧잘낡닥츰볍칙칼두힘경술꿈쓰산알잊동맣묶멋섬숨밥즈렵워총헤닿스털짚심몇생줍당번맨맡디려기도뱃느라결엌흉접샌콤병꼴미과왕진피꼭와웃별옥쳐밭희포체입싫즐젊컨류맞늬츠개혜덮뻔쥐오옛마존굽씹망깥촬습덕랍탓긴허매김최받렬올닷직임승째3걸글관해며차륙춥견데커등흩광사말서붙씀령립틀첫켜흐흘복천혀홍록험레뤄필육득먹률놀료함둠랗력끗밀누져행버뼈추티셋든벗왠녕수쏟앞공촌계균펴놓문범선달즉외쟁지례탕탁그겁짓멍년늘쩌테것빌좋핵맛정익뇌역굉특꽉항카압착썹형얹니눈명훔딪국하넷쫓킬쏘싸이방댁택더숙주잎때터앉줌얗좌끊낫들꺾울련격림찌열럽얘람갑권에짜끝죽무빠협런젖노닮모신엄깜까쉽확걔용껍럭릿간틈시급출논쉬박청블갖널평액텍굵잠골작집젓내찰점팔없곁깊인길으담적너대고휴래햇초세새다념쎄봉답낚속궁안픔금실멈막후패멀중강넣애솔목메믿구단싣활엉닫량괜흰백부뭇듣층몸축건태랜땅밝겉척풀빛벽몹훈보쌓학흙치코큼롯르채랑롭순분종찾톤통탤야품충쁨설억조잃저름어옳움홀양묻플파여란준곱각철상을왜완렉깝랫썩환넘죄큰호징풍꽤맥음윽튼묵닐릎늙휘러빨감끌교소키잇줄맺흔성꾸제씨촉응짙덧은폭페배곤걱밟발히슬못뽑회화듬굳튿얼찬낮깎섞덥팬텔찍덜탑먼객뜩갈쪽능얇일합물따댐갛독듭염황잔긍북펼숫바십님유본농덤턱아솟민운악색게붕클칭않끄핏꺼곳리투장쨌욱난자영변뻐토템짐끼현컵붉돈흡한규빵쇠참크앓식법솜럼델손덩군갚밖엽꽂냐씩퍼로춧책가날걀언효살획1판냉월검웨혹램벌율욕만원극비붓우예절재쁘룩많뜨웬짝괴떡위트귀젠되거몰론석왼렇푸 --no-compress --no-prefilter
 ******************************************************************************/

#include "ui.h"

#ifndef UI_FONT_KOREA22
#define UI_FONT_KOREA22 1
#endif

#if UI_FONT_KOREA22

/*-----------------
 *    BITMAPS
 *----------------*/

/*Store the image of the glyphs*/
static LV_ATTRIBUTE_LARGE_CONST const uint8_t glyph_bitmap[] = {
    /* U+0020 " " */
    0x0,

    /* U+0021 "!" */
    0xff, 0xff, 0xff, 0xff, 0x81, 0xff,

    /* U+0022 "\"" */
    0xef, 0xdf, 0xbf, 0x7e, 0xe0,

    /* U+0023 "#" */
    0x6, 0x60, 0x33, 0x3, 0x18, 0x18, 0xc7, 0xff,
    0xbf, 0xfc, 0x33, 0x3, 0x18, 0x18, 0xc3, 0xff,
    0xbf, 0xfc, 0x33, 0x3, 0x18, 0x18, 0xc0, 0xc6,
    0x0,

    /* U+0024 "$" */
    0x8, 0x2, 0x0, 0x80, 0xfc, 0x7f, 0xbe, 0xee,
    0x83, 0xa0, 0xe8, 0x3e, 0x7, 0xc0, 0xfc, 0xf,
    0x82, 0xf0, 0x9c, 0x27, 0xcb, 0xff, 0xe7, 0xe0,
    0x20, 0x8, 0x0,

    /* U+0025 "%" */
    0x3c, 0xc, 0x3f, 0x6, 0x39, 0xc6, 0x18, 0x67,
    0xc, 0x33, 0x6, 0x3b, 0x1, 0xfb, 0x80, 0x79,
    0x80, 0x1, 0xcf, 0x0, 0xcf, 0x80, 0xcc, 0x60,
    0xe6, 0x30, 0x63, 0x18, 0x71, 0x8c, 0x70, 0x7c,
    0x30, 0x1c,

    /* U+0026 "&" */
    0xf, 0x80, 0x7, 0xf0, 0x3, 0x8e, 0x0, 0xe3,
    0x80, 0x38, 0xe7, 0x7, 0x71, 0xc1, 0xf8, 0x70,
    0x7e, 0x1c, 0x7b, 0xc6, 0x3c, 0x3b, 0x8e, 0x7,
    0xc3, 0x80, 0xf0, 0xe0, 0x38, 0x3c, 0x1f, 0x7,
    0xfe, 0xfc, 0x7e, 0x1f,

    /* U+0027 "'" */
    0xff, 0xc0,

    /* U+0028 "(" */
    0x1c, 0x63, 0x9c, 0x71, 0xce, 0x38, 0xe3, 0x8e,
    0x38, 0xe3, 0x87, 0x1c, 0x70, 0xe1, 0x87,

    /* U+0029 ")" */
    0xe1, 0x87, 0xe, 0x38, 0xe1, 0xc7, 0x1c, 0x71,
    0xc7, 0x1c, 0x73, 0x8e, 0x39, 0xc6, 0x38,

    /* U+002A "*" */
    0x18, 0x18, 0x99, 0xff, 0x3c, 0x3c, 0x76, 0x66,

    /* U+002B "+" */
    0xc, 0x1, 0x80, 0x30, 0x6, 0xf, 0xff, 0xff,
    0xc3, 0x0, 0x60, 0xc, 0x1, 0x80, 0x30, 0x0,

    /* U+002C "," */
    0x77, 0x76, 0x60,

    /* U+002D "-" */
    0xff, 0xf0,

    /* U+002E "." */
    0xff, 0x80,

    /* U+002F "/" */
    0x1, 0xc0, 0x60, 0x38, 0xc, 0x7, 0x1, 0xc0,
    0x60, 0x38, 0xc, 0x7, 0x1, 0xc0, 0x60, 0x38,
    0xc, 0x7, 0x1, 0xc0, 0x60, 0x38, 0xc, 0x0,

    /* U+0030 "0" */
    0x1f, 0x7, 0xf1, 0xc7, 0x38, 0xee, 0xf, 0xc1,
    0xf8, 0x3f, 0x7, 0xe0, 0xfc, 0x1f, 0x83, 0xf0,
    0x77, 0x1c, 0xe3, 0x8f, 0xe0, 0xf8,

    /* U+0031 "1" */
    0xe, 0x3f, 0xff, 0xfc, 0xe1, 0xc3, 0x87, 0xe,
    0x1c, 0x38, 0x70, 0xe1, 0xc3, 0x87,

    /* U+0032 "2" */
    0x3f, 0x1f, 0xe4, 0x3c, 0x7, 0x1, 0xc0, 0x70,
    0x3c, 0x1e, 0xf, 0xf, 0x83, 0xc1, 0xe0, 0xf0,
    0x38, 0xf, 0xff, 0xff,

    /* U+0033 "3" */
    0x3f, 0xf, 0xf1, 0xf, 0x0, 0xe0, 0x1c, 0x7,
    0xf, 0xc1, 0xfc, 0x3, 0xc0, 0x1c, 0x3, 0x80,
    0x70, 0xf, 0x83, 0xbf, 0xe3, 0xf8,

    /* U+0034 "4" */
    0x1, 0xc0, 0x3c, 0x3, 0xc0, 0x7c, 0xf, 0xc0,
    0xdc, 0x19, 0xc3, 0x9c, 0x71, 0xce, 0x1c, 0xff,
    0xff, 0xff, 0x1, 0xc0, 0x1c, 0x1, 0xc0, 0x1c,

    /* U+0035 "5" */
    0x7f, 0x9f, 0xe7, 0x1, 0xc0, 0x70, 0x18, 0x7,
    0xe1, 0xfe, 0x3, 0xc0, 0x70, 0x1c, 0x7, 0x1,
    0xf0, 0xef, 0xf1, 0xf8,

    /* U+0036 "6" */
    0xf, 0xc3, 0xf8, 0xe0, 0x38, 0x6, 0x1, 0xdf,
    0x3f, 0xf7, 0x8e, 0xe0, 0xfc, 0x1f, 0x83, 0xf0,
    0x76, 0xe, 0xe3, 0x8f, 0xe0, 0xf8,

    /* U+0037 "7" */
    0xff, 0xff, 0xfc, 0x3, 0x0, 0xe0, 0x38, 0x7,
    0x1, 0xc0, 0x38, 0x7, 0x1, 0xc0, 0x38, 0x7,
    0x1, 0xc0, 0x38, 0x7, 0x0, 0xe0,

    /* U+0038 "8" */
    0x3f, 0xf, 0xf3, 0xcf, 0x70, 0xee, 0x1c, 0xe7,
    0xf, 0xc1, 0xfc, 0x71, 0xdc, 0x1f, 0x83, 0xf0,
    0x7e, 0xe, 0xe3, 0x9f, 0xf0, 0xf8,

    /* U+0039 "9" */
    0x1f, 0x7, 0xf1, 0xc7, 0x70, 0x6e, 0xf, 0xc1,
    0xf8, 0x3f, 0x8f, 0x7f, 0xe7, 0xdc, 0x3, 0x80,
    0xe0, 0x1c, 0x87, 0x1f, 0xc3, 0xf0,

    /* U+003A ":" */
    0xff, 0x80, 0x0, 0x1f, 0xf0,

    /* U+003B ";" */
    0x77, 0x70, 0x0, 0x0, 0x7, 0x66, 0x6c,

    /* U+003C "<" */
    0x0, 0x0, 0x30, 0x3c, 0x3e, 0x3e, 0x3e, 0xe,
    0x1, 0xe0, 0x1e, 0x1, 0xf0, 0x1c, 0x1,

    /* U+003D "=" */
    0xff, 0xff, 0xfc, 0x0, 0x0, 0x0, 0x1, 0xff,
    0xff, 0xf8,

    /* U+003E ">" */
    0x0, 0x30, 0xf, 0x1, 0xf0, 0xf, 0x0, 0xf0,
    0x1c, 0x1e, 0x3e, 0x3e, 0xe, 0x2, 0x0,

    /* U+003F "?" */
    0x7c, 0xfe, 0x8f, 0x7, 0x7, 0xf, 0xe, 0x1c,
    0x3c, 0x38, 0x38, 0x0, 0x0, 0x38, 0x38, 0x38,

    /* U+0040 "@" */
    0x3, 0xf8, 0x3, 0xff, 0x81, 0xe0, 0xf0, 0xe0,
    0xe, 0x71, 0xf9, 0x98, 0xfe, 0x7e, 0x73, 0x8f,
    0x3c, 0x63, 0xce, 0x18, 0xf3, 0x86, 0x3c, 0xe1,
    0x8f, 0x38, 0xe7, 0xcf, 0x39, 0x99, 0xf7, 0xc6,
    0x3c, 0xe0, 0xc0, 0x0, 0x1c, 0x4, 0x3, 0xff,
    0x0, 0x3f, 0x80,

    /* U+0041 "A" */
    0x3, 0xc0, 0xf, 0x80, 0x1f, 0x0, 0x3f, 0x0,
    0xee, 0x1, 0xde, 0x3, 0x9c, 0xe, 0x38, 0x1c,
    0x78, 0x38, 0x70, 0xff, 0xe1, 0xff, 0xe7, 0x81,
    0xce, 0x3, 0x9c, 0x7, 0xf8, 0x7,

    /* U+0042 "B" */
    0xff, 0x1f, 0xf3, 0x8f, 0x70, 0xee, 0x1d, 0xc3,
    0xb8, 0xe7, 0xf8, 0xff, 0xdc, 0x3b, 0x83, 0xf0,
    0x7e, 0xf, 0xc3, 0xff, 0xf7, 0xf8,

    /* U+0043 "C" */
    0x7, 0xf1, 0xff, 0x3f, 0xf7, 0xc1, 0x70, 0xf,
    0x0, 0xe0, 0xe, 0x0, 0xe0, 0xe, 0x0, 0xf0,
    0x7, 0x0, 0x7c, 0x13, 0xff, 0x1f, 0xf0, 0xfe,

    /* U+0044 "D" */
    0xff, 0x83, 0xff, 0x8e, 0xf, 0x38, 0x1e, 0xe0,
    0x3b, 0x80, 0x7e, 0x1, 0xf8, 0x7, 0xe0, 0x1f,
    0x80, 0x7e, 0x1, 0xf8, 0xe, 0xe0, 0x7b, 0x83,
    0xcf, 0xfe, 0x3f, 0xe0,

    /* U+0045 "E" */
    0xff, 0xff, 0xf8, 0x1c, 0xe, 0x7, 0x3, 0x81,
    0xff, 0xff, 0xf0, 0x38, 0x1c, 0xe, 0x7, 0x3,
    0xff, 0xff,

    /* U+0046 "F" */
    0xff, 0xff, 0xf8, 0x1c, 0xe, 0x7, 0x3, 0x81,
    0xff, 0xff, 0xf0, 0x38, 0x1c, 0xe, 0x7, 0x3,
    0x81, 0xc0,

    /* U+0047 "G" */
    0x7, 0xf8, 0x7f, 0xe3, 0xc0, 0x9e, 0x0, 0x70,
    0x3, 0x80, 0xe, 0x0, 0x38, 0x7f, 0xe1, 0xff,
    0x80, 0x7e, 0x1, 0xdc, 0x7, 0x70, 0x1c, 0xf0,
    0x71, 0xff, 0xc1, 0xfe,

    /* U+0048 "H" */
    0xe0, 0x3f, 0x1, 0xf8, 0xf, 0xc0, 0x7e, 0x3,
    0xf0, 0x1f, 0xff, 0xff, 0xff, 0xff, 0xff, 0x1,
    0xf8, 0xf, 0xc0, 0x7e, 0x3, 0xf0, 0x1f, 0x80,
    0xfc, 0x7,

    /* U+0049 "I" */
    0xff, 0xff, 0xff, 0xff, 0xff, 0xff,

    /* U+004A "J" */
    0x7, 0x7, 0x7, 0x7, 0x7, 0x7, 0x7, 0x7,
    0x7, 0x7, 0x7, 0x7, 0x8f, 0xfe, 0xfc, 0xf8,

    /* U+004B "K" */
    0xe0, 0xfe, 0x1e, 0xe3, 0xce, 0x38, 0xe7, 0xe,
    0xf0, 0xee, 0xf, 0xc0, 0xfe, 0xe, 0xe0, 0xe7,
    0xe, 0x78, 0xe3, 0xce, 0x1e, 0xe1, 0xee, 0xf,

    /* U+004C "L" */
    0xe0, 0x70, 0x38, 0x1c, 0xe, 0x7, 0x3, 0x81,
    0xc0, 0xe0, 0x70, 0x38, 0x1c, 0xe, 0x7, 0x3,
    0xff, 0xff,

    /* U+004D "M" */
    0xf8, 0x7, 0xfc, 0x7, 0xfe, 0x3, 0xff, 0x81,
    0xff, 0xc1, 0xff, 0x60, 0xdf, 0xb8, 0xef, 0xdc,
    0x77, 0xe7, 0x33, 0xf3, 0xb9, 0xf9, 0xdc, 0xfc,
    0x6c, 0x7e, 0x3e, 0x3f, 0xe, 0x1f, 0x87, 0xf,
    0xc3, 0x87,

    /* U+004E "N" */
    0xf0, 0x1f, 0xc0, 0x7f, 0x81, 0xff, 0x7, 0xfc,
    0x1f, 0xb8, 0x7e, 0x71, 0xf9, 0xc7, 0xe3, 0x9f,
    0x8e, 0x7e, 0x1d, 0xf8, 0x3f, 0xe0, 0xff, 0x81,
    0xfe, 0x3, 0xf8, 0xf,

    /* U+004F "O" */
    0x7, 0xe0, 0x3f, 0xe0, 0xff, 0xe3, 0xc1, 0xe7,
    0x1, 0xde, 0x1, 0xf8, 0x3, 0xf0, 0x7, 0xe0,
    0xf, 0xc0, 0x1f, 0x80, 0x3b, 0x80, 0xe7, 0x83,
    0xc7, 0xff, 0x7, 0xfc, 0x3, 0xe0,

    /* U+0050 "P" */
    0xff, 0x1f, 0xfb, 0x87, 0xf0, 0x7e, 0xf, 0xc1,
    0xf8, 0x3f, 0xe, 0xff, 0x9f, 0xe3, 0x80, 0x70,
    0xe, 0x1, 0xc0, 0x38, 0x7, 0x0,

    /* U+0051 "Q" */
    0x7, 0xe0, 0xf, 0xf8, 0xf, 0xfe, 0xf, 0x7,
    0x87, 0x1, 0xc7, 0x80, 0x73, 0x80, 0x39, 0xc0,
    0x1c, 0xe0, 0xe, 0x70, 0x7, 0x38, 0x3, 0x8e,
    0x3, 0x87, 0x83, 0xc1, 0xff, 0xc0, 0x7f, 0xe0,
    0xf, 0xf8, 0x0, 0x1e, 0x0, 0x7, 0x80,

    /* U+0052 "R" */
    0xff, 0x87, 0xfe, 0x38, 0x79, 0xc1, 0xce, 0xe,
    0x70, 0x73, 0x87, 0x1f, 0xf0, 0xff, 0x7, 0x3c,
    0x38, 0xf1, 0xc3, 0x8e, 0x1e, 0x70, 0x73, 0x81,
    0xdc, 0xf,

    /* U+0053 "S" */
    0x1f, 0x9f, 0xef, 0xb, 0x80, 0xe0, 0x3c, 0xf,
    0xc1, 0xfc, 0x3f, 0x83, 0xf0, 0x3c, 0x7, 0x1,
    0xf0, 0xff, 0xfb, 0xf8,

    /* U+0054 "T" */
    0xff, 0xff, 0xff, 0x7, 0x0, 0x70, 0x7, 0x0,
    0x70, 0x7, 0x0, 0x70, 0x7, 0x0, 0x70, 0x7,
    0x0, 0x70, 0x7, 0x0, 0x70, 0x7, 0x0, 0x70,

    /* U+0055 "U" */
    0xe0, 0x3f, 0x1, 0xf8, 0xf, 0xc0, 0x7e, 0x3,
    0xf0, 0x1f, 0x80, 0xfc, 0x7, 0xe0, 0x3f, 0x1,
    0xf8, 0xf, 0xe0, 0xff, 0x87, 0x3f, 0xf8, 0xff,
    0x83, 0xf8,

    /* U+0056 "V" */
    0xf0, 0x1c, 0xe0, 0x39, 0xc0, 0x73, 0xc1, 0xc3,
    0x83, 0x87, 0x7, 0xe, 0x1c, 0xe, 0x38, 0x1c,
    0x70, 0x39, 0xc0, 0x3b, 0x80, 0x77, 0x0, 0xec,
    0x0, 0xf8, 0x1, 0xf0, 0x3, 0xc0,

    /* U+0057 "W" */
    0xe0, 0x78, 0x3f, 0xc1, 0xe0, 0xe7, 0x7, 0x83,
    0x9c, 0x1f, 0xe, 0x70, 0xfc, 0x39, 0xe3, 0xf1,
    0xc3, 0x8c, 0xc7, 0xe, 0x73, 0x9c, 0x39, 0xce,
    0x60, 0xe7, 0x3b, 0x81, 0xd8, 0x6e, 0x7, 0xe1,
    0xf8, 0x1f, 0x87, 0xc0, 0x3c, 0x1f, 0x0, 0xf0,
    0x3c, 0x3, 0xc0, 0xf0,

    /* U+0058 "X" */
    0x78, 0x3d, 0xe0, 0xe3, 0xc7, 0x87, 0x1c, 0x1e,
    0xe0, 0x3b, 0x80, 0xfc, 0x1, 0xf0, 0x7, 0xc0,
    0x3f, 0x0, 0xee, 0x7, 0x38, 0x3c, 0x70, 0xe1,
    0xe7, 0x83, 0xbc, 0xf,

    /* U+0059 "Y" */
    0xf0, 0x3b, 0x83, 0x9e, 0x1c, 0x71, 0xc3, 0x8e,
    0xe, 0xe0, 0x77, 0x1, 0xf0, 0xf, 0x80, 0x38,
    0x1, 0xc0, 0xe, 0x0, 0x70, 0x3, 0x80, 0x1c,
    0x0, 0xe0,

    /* U+005A "Z" */
    0x7f, 0xfb, 0xff, 0xc0, 0x1c, 0x1, 0xe0, 0x1e,
    0x1, 0xe0, 0xf, 0x0, 0xf0, 0xf, 0x0, 0x78,
    0x7, 0x80, 0x78, 0x3, 0xc0, 0x3c, 0x3, 0xff,
    0xff, 0xff,

    /* U+005B "[" */
    0xff, 0xf9, 0xce, 0x73, 0x9c, 0xe7, 0x39, 0xce,
    0x73, 0x9c, 0xe7, 0x3f, 0xf0,

    /* U+005C "\\" */
    0x61, 0xc3, 0x30, 0xe1, 0x9c, 0x70, 0xce, 0x3c,
    0xe7, 0x16, 0x61, 0x9b, 0x30, 0xcd, 0x99, 0xff,
    0xff, 0xff, 0xff, 0x9d, 0xbf, 0x7, 0x8f, 0x3,
    0xc7, 0x81, 0xe3, 0xc0, 0xf1, 0xe0, 0x78, 0xf0,
    0x38, 0x30,

    /* U+005D "]" */
    0xff, 0xf1, 0xc7, 0x1c, 0x71, 0xc7, 0x1c, 0x71,
    0xc7, 0x1c, 0x71, 0xc7, 0x1c, 0x7f, 0xff,

    /* U+005E "^" */
    0x6, 0x0, 0x60, 0xf, 0x0, 0xf0, 0x1b, 0x81,
    0x98, 0x31, 0xc3, 0xc, 0x60, 0xe6, 0x6,

    /* U+005F "_" */
    0xff, 0xff, 0xc0,

    /* U+0060 "`" */
    0xc3, 0xc, 0x30,

    /* U+0061 "a" */
    0x3f, 0x1f, 0xe6, 0x3c, 0x7, 0x3, 0xcf, 0xf7,
    0x9f, 0x87, 0xe1, 0xf8, 0xff, 0xfd, 0xf7,

    /* U+0062 "b" */
    0xe0, 0x1c, 0x3, 0x80, 0x70, 0xe, 0x1, 0xdf,
    0x3f, 0xf7, 0x8e, 0xe0, 0xfc, 0x1f, 0x83, 0xf0,
    0x7e, 0xf, 0xc3, 0xfc, 0x77, 0xfc, 0xef, 0x0,

    /* U+0063 "c" */
    0x1f, 0x9f, 0xde, 0x3e, 0xe, 0x7, 0x3, 0x81,
    0xc0, 0xf0, 0x3c, 0x4f, 0xe3, 0xf0,

    /* U+0064 "d" */
    0x0, 0xe0, 0x1c, 0x3, 0x80, 0x70, 0xe, 0x3d,
    0xcf, 0xfb, 0x8f, 0xf0, 0xfc, 0x1f, 0x83, 0xf0,
    0x7e, 0xf, 0xc1, 0xdc, 0x7b, 0xff, 0x3e, 0xe0,

    /* U+0065 "e" */
    0x1f, 0x7, 0xf9, 0xc7, 0x70, 0x7e, 0xf, 0xff,
    0xff, 0xff, 0x0, 0xe0, 0xe, 0x8, 0xff, 0xf,
    0xc0,

    /* U+0066 "f" */
    0xf, 0x1f, 0x38, 0x38, 0x38, 0xfe, 0xfe, 0x38,
    0x38, 0x38, 0x38, 0x38, 0x38, 0x38, 0x38, 0x38,
    0x38,

    /* U+0067 "g" */
    0x1e, 0xe7, 0xfd, 0xc7, 0xf8, 0x7e, 0xf, 0xc1,
    0xf8, 0x3f, 0x7, 0xe0, 0xee, 0x3d, 0xff, 0x9f,
    0x70, 0xe, 0x3, 0x90, 0xf3, 0xfc, 0x7f, 0x0,

    /* U+0068 "h" */
    0xe0, 0x38, 0xe, 0x3, 0x80, 0xe0, 0x3b, 0xcf,
    0xfb, 0xcf, 0xe1, 0xf8, 0x7e, 0x1f, 0x87, 0xe1,
    0xf8, 0x7e, 0x1f, 0x87, 0xe1, 0xc0,

    /* U+0069 "i" */
    0xff, 0x81, 0xff, 0xff, 0xff, 0xff, 0xe0,

    /* U+006A "j" */
    0x1c, 0x71, 0xc0, 0x0, 0x71, 0xc7, 0x1c, 0x71,
    0xc7, 0x1c, 0x71, 0xc7, 0x1c, 0x71, 0xce, 0xfb,
    0xc0,

    /* U+006B "k" */
    0xe0, 0x1c, 0x3, 0x80, 0x70, 0xe, 0x1, 0xc7,
    0xb8, 0xe7, 0x38, 0xef, 0x1d, 0xc3, 0xf0, 0x7f,
    0xe, 0xe1, 0xce, 0x39, 0xe7, 0x1e, 0xe1, 0xc0,

    /* U+006C "l" */
    0xff, 0xff, 0xff, 0xff, 0xff, 0xff, 0xe0,

    /* U+006D "m" */
    0xef, 0x9e, 0x7f, 0xff, 0xbc, 0xf9, 0xfc, 0x38,
    0x7e, 0x1c, 0x3f, 0xe, 0x1f, 0x87, 0xf, 0xc3,
    0x87, 0xe1, 0xc3, 0xf0, 0xe1, 0xf8, 0x70, 0xfc,
    0x38, 0x70,

    /* U+006E "n" */
    0xef, 0x3f, 0xef, 0x3f, 0x87, 0xe1, 0xf8, 0x7e,
    0x1f, 0x87, 0xe1, 0xf8, 0x7e, 0x1f, 0x87,

    /* U+006F "o" */
    0x1f, 0x83, 0xfc, 0x70, 0xef, 0x7, 0xe0, 0x7e,
    0x7, 0xe0, 0x7e, 0x7, 0xe0, 0x77, 0xe, 0x3f,
    0xc1, 0xf8,

    /* U+0070 "p" */
    0xef, 0x9f, 0xfb, 0xc7, 0x70, 0x7e, 0xf, 0xc1,
    0xf8, 0x3f, 0x7, 0xe1, 0xfe, 0x3b, 0xfe, 0x77,
    0x8e, 0x1, 0xc0, 0x38, 0x7, 0x0, 0xe0, 0x0,

    /* U+0071 "q" */
    0x1e, 0xe7, 0xfd, 0xc7, 0xf8, 0x7e, 0xf, 0xc1,
    0xf8, 0x3f, 0x7, 0xe0, 0xee, 0x3d, 0xff, 0x9f,
    0x70, 0xe, 0x1, 0xc0, 0x38, 0x7, 0x0, 0xe0,

    /* U+0072 "r" */
    0xef, 0xff, 0xc7, 0xe, 0x1c, 0x38, 0x70, 0xe1,
    0xc3, 0x87, 0x0,

    /* U+0073 "s" */
    0x3e, 0x7e, 0xe0, 0xe0, 0xf0, 0xfc, 0x3f, 0xf,
    0x7, 0x87, 0xfe, 0xfc,

    /* U+0074 "t" */
    0x0, 0x70, 0xe1, 0xcf, 0xff, 0xce, 0x1c, 0x38,
    0x70, 0xe1, 0xc3, 0x87, 0xf, 0x8f,

    /* U+0075 "u" */
    0xe1, 0xf8, 0x7e, 0x1f, 0x87, 0xe1, 0xf8, 0x7e,
    0x1f, 0x87, 0xe1, 0xfc, 0xf7, 0xfc, 0xf7,

    /* U+0076 "v" */
    0xe0, 0xf7, 0xe, 0x70, 0xe7, 0xe, 0x39, 0xc3,
    0x9c, 0x39, 0x81, 0xb8, 0x1f, 0x81, 0xf0, 0xf,
    0x0, 0xf0,

    /* U+0077 "w" */
    0xf0, 0xe1, 0xb8, 0xf1, 0xdc, 0x78, 0xee, 0x3c,
    0x63, 0x1f, 0x31, 0xdb, 0xb8, 0xec, 0xdc, 0x76,
    0x6c, 0x1b, 0x3e, 0xf, 0x1f, 0x7, 0x87, 0x83,
    0xc3, 0x80,

    /* U+0078 "x" */
    0x70, 0xe7, 0x8e, 0x39, 0xc3, 0xd8, 0x1f, 0x80,
    0xf0, 0xf, 0x1, 0xf8, 0x3b, 0xc3, 0x9c, 0x71,
    0xef, 0xe,

    /* U+0079 "y" */
    0x70, 0x77, 0x7, 0x78, 0xe3, 0x8e, 0x38, 0xe1,
    0x8c, 0x1d, 0xc1, 0xd8, 0xd, 0x80, 0xf8, 0xf,
    0x0, 0x70, 0x7, 0x0, 0xe0, 0xe, 0x7, 0xc0,
    0x78, 0x0,

    /* U+007A "z" */
    0x7f, 0xdf, 0xf0, 0x38, 0x1e, 0xf, 0x3, 0x81,
    0xe0, 0xf0, 0x38, 0x1e, 0xf, 0xff, 0xff,

    /* U+007B "{" */
    0xc, 0x73, 0x8e, 0x38, 0xe3, 0x8e, 0x3b, 0xcf,
    0xe, 0x38, 0xe3, 0x8e, 0x38, 0xe3, 0xc7,

    /* U+007C "|" */
    0xff, 0xff, 0xff, 0xff, 0xff, 0xff, 0xff, 0xff,
    0xf8,

    /* U+007D "}" */
    0xe3, 0xc7, 0x8e, 0x38, 0xe3, 0x8e, 0x38, 0x71,
    0xce, 0x38, 0xe3, 0x8e, 0x38, 0xef, 0x38,

    /* U+007E "~" */
    0x78, 0x6f, 0x8f, 0x1f, 0x61, 0xe0,

    /* U+AC00 "가" */
    0x0, 0x3, 0x87, 0xfe, 0x38, 0x7f, 0xe3, 0x80,
    0xe, 0x38, 0x0, 0xe3, 0x80, 0xc, 0x38, 0x1,
    0xc3, 0x80, 0x3c, 0x38, 0x3, 0x83, 0xf0, 0x70,
    0x3f, 0xf, 0x3, 0x81, 0xe0, 0x38, 0x7c, 0x3,
    0x8f, 0x0, 0x38, 0x60, 0x3, 0x80, 0x0, 0x38,
    0x0, 0x3, 0x80, 0x0, 0x38, 0x0, 0x3, 0x80,

    /* U+AC01 "각" */
    0x7f, 0xe3, 0x87, 0xfe, 0x38, 0x0, 0xe3, 0x80,
    0x1c, 0x38, 0x1, 0xc3, 0xf0, 0x38, 0x3f, 0x7,
    0x83, 0x80, 0xf0, 0x38, 0x3e, 0x3, 0x8f, 0x80,
    0x38, 0x70, 0x3, 0x80, 0x0, 0x0, 0x1f, 0xff,
    0x81, 0xff, 0xf8, 0x0, 0x3, 0x80, 0x0, 0x38,
    0x0, 0x3, 0x80, 0x0, 0x38, 0x0, 0x3, 0x80,

    /* U+AC04 "간" */
    0x3f, 0xe3, 0x83, 0xfe, 0x38, 0x0, 0xe3, 0x80,
    0xe, 0x38, 0x1, 0xc3, 0x80, 0x1c, 0x38, 0x3,
    0x83, 0xf0, 0x70, 0x3f, 0x1f, 0x3, 0x83, 0xe0,
    0x38, 0x78, 0x3, 0x87, 0x0, 0x38, 0xe, 0x3,
    0x80, 0xe0, 0x38, 0xe, 0x3, 0x80, 0xe0, 0x0,
    0xe, 0x0, 0x0, 0xff, 0xfc, 0xf, 0xff, 0xc0,

    /* U+AC08 "갈" */
    0x7f, 0xe3, 0x87, 0xfe, 0x38, 0x0, 0xe3, 0x80,
    0x1c, 0x38, 0x1, 0xc3, 0xf0, 0x38, 0x3f, 0xf,
    0x3, 0x83, 0xe0, 0x38, 0xf8, 0x3, 0x86, 0x0,
    0x38, 0xf, 0xff, 0x80, 0xff, 0xf8, 0x0, 0x3,
    0x80, 0x0, 0x38, 0xf, 0xff, 0x80, 0xff, 0xf8,
    0xe, 0x0, 0x0, 0xff, 0xfc, 0xf, 0xff, 0xc0,

    /* U+AC10 "감" */
    0x7f, 0xe3, 0x87, 0xfe, 0x38, 0x0, 0xe3, 0x80,
    0xe, 0x38, 0x1, 0xc3, 0xf0, 0x3c, 0x3f, 0x7,
    0x83, 0x80, 0xf0, 0x38, 0x3e, 0x3, 0x8f, 0xc0,
    0x38, 0x70, 0x3, 0x80, 0x0, 0x0, 0xf, 0xff,
    0x80, 0xff, 0xf8, 0xe, 0x3, 0x80, 0xe0, 0x38,
    0xe, 0x3, 0x80, 0xff, 0xf8, 0xf, 0xff, 0x80,

    /* U+AC11 "갑" */
    0x7f, 0xe3, 0x87, 0xfe, 0x38, 0x0, 0xe3, 0x80,
    0xe, 0x38, 0x1, 0xc3, 0xf0, 0x3c, 0x3f, 0x7,
    0x83, 0x80, 0xf0, 0x38, 0x7e, 0x3, 0x87, 0x80,
    0x38, 0x60, 0x3, 0x80, 0xe0, 0x38, 0xe, 0x3,
    0x80, 0xff, 0xf8, 0xf, 0xff, 0x80, 0xe0, 0x38,
    0xe, 0x3, 0x80, 0xff, 0xf8, 0xf, 0xff, 0x80,

    /* U+AC15 "강" */
    0x7f, 0xe3, 0x87, 0xfe, 0x38, 0x0, 0xe3, 0x80,
    0x1c, 0x38, 0x1, 0xc3, 0xf0, 0x38, 0x3f, 0x7,
    0x83, 0x80, 0xf0, 0x38, 0x3e, 0x3, 0x8f, 0xc0,
    0x38, 0x70, 0x3, 0x86, 0x0, 0x38, 0x3, 0xfc,
    0x0, 0xff, 0xf0, 0x1e, 0x7, 0x81, 0xc0, 0x38,
    0x1e, 0x7, 0x80, 0xff, 0xf0, 0x3, 0xfc, 0x0,

    /* U+AC16 "갖" */
    0x3f, 0xe3, 0x83, 0xfe, 0x38, 0x0, 0xe3, 0x80,
    0xe, 0x38, 0x1, 0xc3, 0xf0, 0x3c, 0x3f, 0x7,
    0x83, 0x81, 0xf0, 0x38, 0x7e, 0x3, 0x87, 0x80,
    0x38, 0x30, 0x3, 0x80, 0x0, 0x0, 0x1f, 0xff,
    0x81, 0xff, 0xf8, 0x0, 0xf0, 0x0, 0x1f, 0x80,
    0x3, 0xfc, 0x1, 0xf8, 0xf8, 0x3e, 0x7, 0xc1,
    0x80, 0x18,

    /* U+AC1A "갚" */
    0x3f, 0xf3, 0x83, 0xfe, 0x38, 0x0, 0xe3, 0x80,
    0xe, 0x38, 0x1, 0xc3, 0xf0, 0x3c, 0x3f, 0x7,
    0x83, 0x81, 0xf0, 0x38, 0x7e, 0x3, 0x87, 0x80,
    0x38, 0x20, 0x3, 0x80, 0x0, 0x0, 0x1f, 0xff,
    0xc1, 0xff, 0xfc, 0x3, 0x8e, 0x0, 0x38, 0xe0,
    0x3, 0x8e, 0x1, 0xff, 0xfc, 0x1f, 0xff, 0xc0,

    /* U+AC1B "갛" */
    0x3f, 0xf1, 0x83, 0xfe, 0x18, 0x0, 0xe1, 0x80,
    0x1e, 0x18, 0x1, 0xc1, 0xf0, 0x78, 0x1f, 0xf,
    0x81, 0x87, 0xf0, 0x18, 0x7c, 0x1, 0x87, 0x7,
    0x18, 0x0, 0x70, 0x1, 0xff, 0xfc, 0x1f, 0xff,
    0xc0, 0x0, 0x0, 0x3, 0xfe, 0x0, 0xff, 0xf8,
    0xe, 0x3, 0x80, 0xff, 0xf8, 0x3, 0xfe, 0x0,

    /* U+AC1C "개" */
    0x0, 0x1c, 0xdf, 0xe7, 0x37, 0xf9, 0xcc, 0xe,
    0x73, 0x3, 0x9c, 0xc0, 0xc7, 0x30, 0x71, 0xcc,
    0x1c, 0x7f, 0xe, 0x1f, 0xc3, 0x87, 0x31, 0xc1,
    0xcc, 0xe0, 0x73, 0x78, 0x1c, 0xfc, 0x7, 0x34,
    0x1, 0xcc, 0x0, 0x73, 0x0, 0x1c, 0xc0, 0x7,
    0x30, 0x1, 0xcc,

    /* U+AC1D "객" */
    0x7f, 0xdc, 0xef, 0xfb, 0x9c, 0x7, 0x73, 0x80,
    0xce, 0x70, 0x39, 0xce, 0xf, 0x3f, 0xc1, 0xc7,
    0xf8, 0x70, 0xe7, 0x3c, 0x1c, 0xff, 0x3, 0x9d,
    0x80, 0x73, 0x80, 0x0, 0x70, 0x7f, 0xfe, 0xf,
    0xff, 0xc0, 0x0, 0x38, 0x0, 0x7, 0x0, 0x0,
    0xe0, 0x0, 0x1c, 0x0, 0x3, 0x80,

    /* U+AC40 "걀" */
    0x7f, 0xe3, 0x87, 0xfe, 0x3f, 0x0, 0xe3, 0xf0,
    0x1c, 0x38, 0x1, 0xc3, 0x80, 0x78, 0x38, 0xf,
    0x3, 0xf3, 0xe0, 0x3f, 0xf8, 0x3, 0x86, 0x0,
    0x38, 0xf, 0xff, 0x80, 0xff, 0xf8, 0x0, 0x3,
    0x80, 0x0, 0x38, 0xf, 0xff, 0x80, 0xff, 0xf8,
    0xe, 0x0, 0x0, 0xff, 0xfc, 0xf, 0xff, 0xc0,

    /* U+AC54 "걔" */
    0x0, 0x1c, 0xdf, 0xe7, 0x37, 0xf9, 0xcc, 0xe,
    0x73, 0x3, 0x9f, 0xc0, 0xc7, 0xf0, 0x71, 0xcc,
    0x1c, 0x73, 0xe, 0x1c, 0xc3, 0x87, 0x31, 0xc1,
    0xcc, 0xf0, 0x7f, 0x78, 0x1f, 0xfc, 0x7, 0x36,
    0x1, 0xcc, 0x0, 0x73, 0x0, 0x1c, 0xc0, 0x7,
    0x30, 0x1, 0xcc,

    /* U+AC70 "거" */
    0x0, 0x1, 0xdf, 0xf8, 0x77, 0xfe, 0x1c, 0x3,
    0x87, 0x0, 0xe1, 0xc0, 0x30, 0x70, 0x1c, 0x1c,
    0xe, 0xff, 0x3, 0xbf, 0xc1, 0xc0, 0x70, 0xe0,
    0x1c, 0xf0, 0x7, 0x78, 0x1, 0xfc, 0x0, 0x74,
    0x0, 0x1c, 0x0, 0x7, 0x0, 0x1, 0xc0, 0x0,
    0x70, 0x0, 0x1c,

    /* U+AC71 "걱" */
    0x7f, 0xe1, 0xdf, 0xf8, 0x70, 0xe, 0x1c, 0x7,
    0x7, 0x1, 0xc1, 0xc0, 0xef, 0xf0, 0x7b, 0xfc,
    0x3c, 0x7, 0x1e, 0x1, 0xdf, 0x0, 0x7f, 0x80,
    0x1d, 0x80, 0x7, 0xf, 0xff, 0xc3, 0xff, 0xf0,
    0x0, 0x1c, 0x0, 0x7, 0x0, 0x1, 0xc0, 0x0,
    0x70, 0x0, 0x1c,

    /* U+AC74 "건" */
    0x7f, 0xe1, 0xdf, 0xf8, 0x70, 0xe, 0x1c, 0x7,
    0x7, 0x1, 0xc1, 0xc0, 0xff, 0xf0, 0x7b, 0xfc,
    0x3c, 0x7, 0x1e, 0x1, 0xdf, 0x0, 0x7f, 0x80,
    0x1d, 0x80, 0x7, 0xe, 0x1, 0xc3, 0x80, 0x70,
    0xe0, 0x1c, 0x38, 0x0, 0xe, 0x0, 0x3, 0xff,
    0xf0, 0xff, 0xfc,

    /* U+AC78 "걸" */
    0x7f, 0xe1, 0xdf, 0xf8, 0x70, 0xe, 0x1c, 0x7,
    0x7, 0x3, 0xff, 0xc1, 0xef, 0xf0, 0xf0, 0x1c,
    0xf8, 0x7, 0xf8, 0x1, 0xd8, 0x0, 0x70, 0x0,
    0x0, 0x3f, 0xff, 0xf, 0xff, 0xc0, 0x0, 0x70,
    0xff, 0xfc, 0x3f, 0xff, 0xe, 0x0, 0x3, 0xff,
    0xf0, 0xff, 0xfc,

    /* U+AC80 "검" */
    0x7f, 0xe1, 0xdf, 0xf8, 0x70, 0xe, 0x1c, 0x7,
    0x7, 0x1, 0xc1, 0xc0, 0xef, 0xf0, 0x7b, 0xfc,
    0x3c, 0x7, 0x3e, 0x1, 0xfe, 0x0, 0x77, 0x0,
    0x1c, 0x0, 0x0, 0xf, 0xff, 0xc3, 0xff, 0xf0,
    0xe0, 0x1c, 0x38, 0x7, 0xe, 0x1, 0xc3, 0xff,
    0xf0, 0xff, 0xfc,

    /* U+AC81 "겁" */
    0x7f, 0xe1, 0xdf, 0xf8, 0x70, 0xe, 0x1c, 0x3,
    0x7, 0x1, 0xff, 0xc0, 0xef, 0xf0, 0x70, 0x1c,
    0x38, 0x7, 0x3c, 0x1, 0xfe, 0x0, 0x72, 0x0,
    0x1c, 0x1c, 0x7, 0x7, 0x1, 0xc1, 0xff, 0xf0,
    0x7f, 0xfc, 0x1c, 0x7, 0x7, 0x1, 0xc1, 0xff,
    0xf0, 0x7f, 0xfc,

    /* U+AC83 "것" */
    0x7f, 0xf1, 0xcf, 0xfc, 0x38, 0x3, 0x87, 0x0,
    0x70, 0xe0, 0x1c, 0x1c, 0x7, 0xff, 0x81, 0xef,
    0xf0, 0x7c, 0xe, 0x1f, 0x1, 0xc7, 0xc0, 0x3b,
    0xf0, 0x7, 0x38, 0x0, 0xe0, 0x7, 0x1c, 0x0,
    0xe3, 0x80, 0x1c, 0x0, 0x7, 0xc0, 0x1, 0xfc,
    0x0, 0x7b, 0xc0, 0x7c, 0x3f, 0x1f, 0x1, 0xf1,
    0x80, 0xc,

    /* U+AC89 "겉" */
    0x7f, 0xe1, 0xdf, 0xf8, 0x70, 0xe, 0x1c, 0x3,
    0x87, 0x1, 0xff, 0xc0, 0xef, 0xf0, 0x78, 0x1c,
    0x3c, 0x7, 0x3e, 0x1, 0xff, 0x0, 0x77, 0x0,
    0x1c, 0x0, 0x0, 0xf, 0xff, 0xc3, 0x80, 0x0,
    0xff, 0xf8, 0x3f, 0xfe, 0xe, 0x0, 0x3, 0xff,
    0xf0, 0xff, 0xfc,

    /* U+AC8C "게" */
    0x0, 0x1d, 0xdf, 0xe7, 0x77, 0xf9, 0xdc, 0xe,
    0x77, 0x3, 0x9d, 0xc0, 0xc7, 0x70, 0x7f, 0xdc,
    0x1f, 0xf7, 0xe, 0x1d, 0xc3, 0x87, 0x71, 0xc1,
    0xdc, 0xe0, 0x77, 0x70, 0x1d, 0xfc, 0x7, 0x72,
    0x1, 0xdc, 0x0, 0x77, 0x0, 0x1d, 0xc0, 0x7,
    0x70, 0x1, 0xdc,

    /* U+ACA8 "겨" */
    0x0, 0x1, 0xdf, 0xfc, 0x77, 0xff, 0x1c, 0x3,
    0xc7, 0x0, 0xe1, 0xc0, 0x7f, 0xf0, 0x1f, 0xfc,
    0xf, 0x7, 0x3, 0xc1, 0xc1, 0xe0, 0x70, 0xf3,
    0xfc, 0xf8, 0xff, 0x7c, 0x1, 0xfc, 0x0, 0x74,
    0x0, 0x1c, 0x0, 0x7, 0x0, 0x1, 0xc0, 0x0,
    0x70, 0x0, 0x1c,

    /* U+ACA9 "격" */
    0x7f, 0xe1, 0xdf, 0xf8, 0x70, 0xe, 0x1c, 0x7,
    0x7f, 0x1, 0xdf, 0xc0, 0xe0, 0x70, 0x78, 0x1c,
    0x3c, 0xff, 0x3e, 0x3f, 0xff, 0x0, 0x77, 0x80,
    0x1c, 0x80, 0x7, 0xf, 0xff, 0xc3, 0xff, 0xf0,
    0x0, 0x1c, 0x0, 0x7, 0x0, 0x1, 0xc0, 0x0,
    0x70, 0x0, 0x1c,

    /* U+ACAC "견" */
    0x7f, 0xe1, 0xdf, 0xf8, 0x70, 0xe, 0x1c, 0x7,
    0x7f, 0x1, 0xdf, 0xc0, 0xf0, 0x70, 0x78, 0x1c,
    0x3c, 0x7, 0x1e, 0x3f, 0xdf, 0xf, 0xff, 0x80,
    0x1d, 0x80, 0x7, 0xe, 0x1, 0xc3, 0x80, 0x70,
    0xe0, 0x1c, 0x38, 0x0, 0xe, 0x0, 0x3, 0xff,
    0xf0, 0xff, 0xfc,

    /* U+ACB0 "결" */
    0x7f, 0xe1, 0xdf, 0xf8, 0x70, 0xf, 0xfc, 0x7,
    0x7f, 0x3, 0xc1, 0xc1, 0xe0, 0x71, 0xf3, 0xfd,
    0xf8, 0xff, 0x78, 0x1, 0xc8, 0x0, 0x70, 0x0,
    0x0, 0x3f, 0xff, 0xf, 0xff, 0xc0, 0x0, 0x70,
    0xff, 0xfc, 0x3f, 0xff, 0xe, 0x0, 0x3, 0xff,
    0xf0, 0xff, 0xfc,

    /* U+ACBD "경" */
    0x7f, 0xe1, 0xdf, 0xf8, 0x70, 0xe, 0x1c, 0x7,
    0x7f, 0x1, 0xdf, 0xc0, 0xe0, 0x70, 0x78, 0x1c,
    0x3c, 0xff, 0x1e, 0x3f, 0xce, 0x0, 0x7f, 0x0,
    0x1c, 0x7, 0xff, 0x7, 0xff, 0x83, 0xc0, 0xf0,
    0xe0, 0x1c, 0x38, 0x7, 0xf, 0x3, 0xc1, 0xff,
    0xe0, 0x1f, 0xe0,

    /* U+ACC1 "곁" */
    0x7f, 0xf1, 0xdf, 0xfc, 0x70, 0xf, 0xfc, 0x7,
    0xff, 0x1, 0xe1, 0xc0, 0xf0, 0x70, 0x7b, 0xfc,
    0x7c, 0xff, 0x7e, 0x1, 0xff, 0x0, 0x77, 0x0,
    0x1c, 0x0, 0x0, 0xf, 0xff, 0xc3, 0x80, 0x0,
    0xff, 0xf8, 0x3f, 0xfe, 0xe, 0x0, 0x3, 0xff,
    0xf0, 0xff, 0xfc,

    /* U+ACC4 "계" */
    0x0, 0x1d, 0xdf, 0xe7, 0x77, 0xf9, 0xdc, 0xe,
    0x77, 0x3, 0xfd, 0xc0, 0xff, 0x70, 0x71, 0xdc,
    0x1c, 0x77, 0xe, 0x1d, 0xc3, 0x87, 0x71, 0xdf,
    0xdc, 0xe7, 0xf7, 0x78, 0x1d, 0xfc, 0x7, 0x76,
    0x1, 0xdc, 0x0, 0x77, 0x0, 0x1d, 0xc0, 0x7,
    0x70, 0x1, 0xdc,

    /* U+ACE0 "고" */
    0x1f, 0xff, 0x3, 0xff, 0xe0, 0x0, 0xc, 0x0,
    0x1, 0x80, 0x0, 0x30, 0x0, 0x6, 0x0, 0x0,
    0xc0, 0xe, 0x18, 0x1, 0xc3, 0x0, 0x38, 0x60,
    0x7, 0x1c, 0x0, 0xe3, 0x80, 0x1c, 0x0, 0x3,
    0x80, 0x3f, 0xff, 0xff, 0xff, 0xff,

    /* U+ACE1 "곡" */
    0x1f, 0xff, 0x3, 0xff, 0xe0, 0x0, 0xc, 0x0,
    0x1, 0x80, 0x1c, 0x30, 0x3, 0x8e, 0x0, 0x71,
    0xc0, 0xe, 0x0, 0xff, 0xff, 0xff, 0xff, 0xfc,
    0x0, 0x0, 0x0, 0x0, 0x0, 0x0, 0x0, 0x3f,
    0xfe, 0x7, 0xff, 0xc0, 0x0, 0x18, 0x0, 0x3,
    0x0, 0x0, 0x60, 0x0, 0xc, 0x0,

    /* U+ACE4 "곤" */
    0x1f, 0xff, 0x83, 0xff, 0xf0, 0x0, 0xe, 0x0,
    0x1, 0xc0, 0x0, 0x38, 0x3, 0x87, 0x0, 0x70,
    0xc0, 0xe, 0x0, 0x1, 0xc0, 0x1f, 0xff, 0xff,
    0xff, 0xff, 0x80, 0x0, 0x0, 0x0, 0x0, 0x38,
    0x0, 0x7, 0x0, 0x0, 0xe0, 0x0, 0x1c, 0x0,
    0x3, 0xff, 0xf0, 0x7f, 0xfe, 0x0,

    /* U+ACE7 "곧" */
    0x1f, 0xff, 0x83, 0xff, 0xf0, 0x0, 0xe, 0x0,
    0x1, 0xc0, 0x1c, 0x38, 0x3, 0x87, 0x0, 0x70,
    0xc0, 0xe, 0x0, 0xff, 0xff, 0xff, 0xff, 0xfc,
    0x0, 0x0, 0x0, 0x0, 0x1, 0xff, 0xf8, 0x3f,
    0xff, 0x7, 0x0, 0x0, 0xe0, 0x0, 0x1c, 0x0,
    0x3, 0xff, 0xf0, 0x7f, 0xfe, 0x0,

    /* U+ACE8 "골" */
    0x1f, 0xff, 0x83, 0xff, 0xf0, 0x0, 0xe, 0x0,
    0xe1, 0xc0, 0x1c, 0x38, 0x3, 0x86, 0x0, 0x70,
    0x7, 0xff, 0xff, 0xff, 0xff, 0xe0, 0x0, 0x0,
    0x0, 0x0, 0xf, 0xff, 0xc1, 0xff, 0xf8, 0x0,
    0x7, 0x7, 0xff, 0xe0, 0xff, 0xfc, 0x1c, 0x0,
    0x3, 0xff, 0xf0, 0x7f, 0xfe, 0x0,

    /* U+ACF0 "곰" */
    0x1f, 0xff, 0x3, 0xff, 0xe0, 0x0, 0x1c, 0x0,
    0x3, 0x80, 0x1c, 0x70, 0x3, 0x8e, 0x0, 0x71,
    0xc0, 0xe, 0x0, 0xff, 0xff, 0xff, 0xff, 0xfc,
    0x0, 0x0, 0x0, 0x0, 0x1, 0xff, 0xf0, 0x3f,
    0xfe, 0x6, 0x1, 0xc0, 0xc0, 0x38, 0x18, 0x7,
    0x3, 0xff, 0xe0, 0x7f, 0xfc, 0x0,

    /* U+ACF1 "곱" */
    0x1f, 0xff, 0x3, 0xff, 0xe0, 0x0, 0x1c, 0x0,
    0x3, 0x80, 0x1c, 0x70, 0x3, 0x8e, 0x0, 0x71,
    0xc0, 0xe, 0x0, 0xff, 0xff, 0xff, 0xff, 0xfc,
    0x0, 0x0, 0xc, 0x3, 0x81, 0x80, 0x70, 0x30,
    0xe, 0x7, 0xff, 0xc0, 0xff, 0xf8, 0x18, 0x7,
    0x3, 0xff, 0xe0, 0x7f, 0xfc, 0x0,

    /* U+ACF3 "곳" */
    0x1f, 0xff, 0x3, 0xff, 0xe0, 0x0, 0xc, 0x0,
    0x1, 0x80, 0x1c, 0x30, 0x3, 0x86, 0x0, 0x71,
    0xc0, 0xe, 0x0, 0xff, 0xff, 0xff, 0xff, 0xfc,
    0x0, 0x0, 0x0, 0x70, 0x0, 0xe, 0x0, 0x1,
    0xc0, 0x0, 0x7c, 0x0, 0x1f, 0xc0, 0xf, 0x9f,
    0xf, 0xc1, 0xf8, 0xe0, 0xe, 0x0,

    /* U+ACF5 "공" */
    0x1f, 0xff, 0x3, 0xff, 0xe0, 0x0, 0xc, 0x0,
    0x1, 0x80, 0x1c, 0x30, 0x3, 0x86, 0x0, 0x71,
    0xc0, 0xe, 0x0, 0xff, 0xff, 0xff, 0xff, 0xfc,
    0x0, 0x0, 0x0, 0x0, 0x0, 0x3f, 0xc0, 0x1f,
    0xfe, 0x7, 0x81, 0xc0, 0xe0, 0x1c, 0x1e, 0x7,
    0x1, 0xff, 0xe0, 0xf, 0xf0, 0x0,

    /* U+ACFC "과" */
    0x0, 0x1, 0xc1, 0xff, 0xce, 0xf, 0xfe, 0x70,
    0x0, 0x73, 0x80, 0x3, 0x9c, 0x0, 0x1c, 0xe0,
    0x0, 0xe7, 0x0, 0xe7, 0x38, 0x7, 0x39, 0xf8,
    0x39, 0xcf, 0xc1, 0xce, 0x70, 0xe, 0x73, 0x80,
    0x70, 0x1c, 0x3, 0x80, 0xe3, 0xff, 0xff, 0x1f,
    0xff, 0xf8, 0x0, 0x1, 0xc0, 0x0, 0xe, 0x0,
    0x0, 0x70,

    /* U+AD00 "관" */
    0x3f, 0xf9, 0xc1, 0xff, 0xce, 0x0, 0xe, 0x70,
    0x0, 0x73, 0x80, 0x3, 0x9c, 0x3, 0x9c, 0xe0,
    0x1c, 0xe7, 0xe0, 0xe1, 0x3f, 0x7, 0x1, 0xc7,
    0xff, 0xee, 0x3f, 0xff, 0x70, 0x0, 0x3, 0x80,
    0x0, 0x1c, 0x7, 0x0, 0xe0, 0x38, 0x7, 0x1,
    0xc0, 0x0, 0xe, 0x0, 0x0, 0x7f, 0xff, 0x3,
    0xff, 0xf8,

    /* U+AD11 "광" */
    0x3f, 0xf9, 0xc1, 0xff, 0xce, 0x0, 0xe, 0x70,
    0x0, 0x73, 0x80, 0x73, 0x9c, 0x3, 0x9c, 0xfc,
    0x1c, 0xe7, 0xe0, 0xe0, 0x38, 0xff, 0xfd, 0xc7,
    0xff, 0xee, 0x0, 0x0, 0x70, 0x0, 0x3, 0x80,
    0x1f, 0xe0, 0x3, 0xff, 0xc0, 0x3c, 0xf, 0x1,
    0xc0, 0x38, 0xf, 0x3, 0xc0, 0x3f, 0xfc, 0x0,
    0x7f, 0x80,

    /* U+AD1C "괜" */
    0x3f, 0xe7, 0x73, 0xfe, 0x77, 0x0, 0xe7, 0x70,
    0xe, 0x77, 0x0, 0xe7, 0x70, 0xee, 0x77, 0xe,
    0xe7, 0xf0, 0xe6, 0x7f, 0xe, 0x7, 0xff, 0xff,
    0x77, 0x7f, 0xf7, 0x70, 0x0, 0x77, 0x7, 0x7,
    0x70, 0x70, 0x77, 0x7, 0x0, 0x70, 0x70, 0x0,
    0x7, 0x0, 0x0, 0x7f, 0xff, 0x7, 0xff, 0xf0,

    /* U+AD34 "괴" */
    0x0, 0x1, 0xcf, 0xfe, 0x73, 0xff, 0x9c, 0x0,
    0xe7, 0x0, 0x39, 0xc0, 0xe, 0x70, 0x3, 0x9c,
    0x0, 0xe7, 0xe, 0x39, 0xc3, 0x8e, 0x70, 0xe3,
    0x9c, 0x38, 0xe7, 0xe, 0x1, 0xc3, 0x80, 0x70,
    0xe0, 0x1f, 0xff, 0xff, 0xff, 0xff, 0xc0, 0x0,
    0x70, 0x0, 0x1c,

    /* U+AD49 "굉" */
    0x3f, 0xf9, 0xcf, 0xfe, 0x70, 0x3, 0x9c, 0x0,
    0xe7, 0x0, 0x39, 0xc1, 0xce, 0x70, 0x73, 0x9c,
    0x1c, 0x7, 0x7, 0x1, 0xff, 0xff, 0x7f, 0xff,
    0xdc, 0x0, 0x7, 0x1, 0xfe, 0x1, 0xff, 0xe0,
    0xf0, 0x3c, 0x38, 0x7, 0xf, 0x3, 0xc1, 0xff,
    0xe0, 0x1f, 0xe0,

    /* U+AD50 "교" */
    0x1f, 0xff, 0x83, 0xff, 0xf0, 0x0, 0xe, 0x0,
    0x1, 0xc0, 0x0, 0x38, 0x0, 0x7, 0x0, 0x0,
    0xe0, 0x31, 0x9c, 0x6, 0x33, 0x0, 0xc6, 0x60,
    0x18, 0xcc, 0x3, 0x19, 0x80, 0x63, 0x0, 0xc,
    0x60, 0x3f, 0xff, 0xff, 0xff, 0xff,

    /* U+AD6C "구" */
    0x1f, 0xff, 0x3, 0xff, 0xe0, 0x0, 0xc, 0x0,
    0x1, 0x80, 0x0, 0x30, 0x0, 0x6, 0x0, 0x0,
    0xc0, 0x0, 0x38, 0x0, 0x7, 0x1f, 0xff, 0xff,
    0xff, 0xff, 0x80, 0x70, 0x0, 0xe, 0x0, 0x1,
    0xc0, 0x0, 0x38, 0x0, 0x7, 0x0, 0x0, 0xe0,
    0x0, 0x1c, 0x0, 0x3, 0x80, 0x0,

    /* U+AD6D "국" */
    0x1f, 0xff, 0x3, 0xff, 0xe0, 0x0, 0xc, 0x0,
    0x1, 0x80, 0x0, 0x30, 0x0, 0x6, 0x0, 0x0,
    0xc7, 0xff, 0xff, 0xff, 0xff, 0xe0, 0x1c, 0x0,
    0x3, 0x80, 0x0, 0x70, 0x1, 0xff, 0xf0, 0x3f,
    0xfe, 0x0, 0x0, 0xc0, 0x0, 0x18, 0x0, 0x3,
    0x0, 0x0, 0x60, 0x0, 0xc, 0x0,

    /* U+AD70 "군" */
    0x1f, 0xff, 0x83, 0xff, 0xf0, 0x0, 0xe, 0x0,
    0x1, 0xc0, 0x0, 0x38, 0x0, 0x7, 0x0, 0x0,
    0xe0, 0x0, 0x1c, 0xff, 0xff, 0xff, 0xff, 0xfc,
    0x1, 0x80, 0x0, 0x30, 0x1, 0xc6, 0x0, 0x38,
    0xc0, 0x7, 0x18, 0x0, 0xe0, 0x0, 0x1c, 0x0,
    0x3, 0xff, 0xf0, 0x7f, 0xfe, 0x0,

    /* U+AD73 "굳" */
    0x1f, 0xff, 0x83, 0xff, 0xf0, 0x0, 0xe, 0x0,
    0x1, 0xc0, 0x0, 0x38, 0x0, 0x7, 0x0, 0x0,
    0xe7, 0xff, 0xff, 0xff, 0xff, 0xe0, 0x1c, 0x0,
    0x3, 0x80, 0x0, 0x70, 0x1, 0xff, 0xf8, 0x3f,
    0xff, 0x7, 0x0, 0x0, 0xe0, 0x0, 0x1c, 0x0,
    0x3, 0xff, 0xf0, 0x7f, 0xfe, 0x0,

    /* U+AD75 "굵" */
    0x1f, 0xff, 0x3, 0xff, 0xe0, 0x0, 0xc, 0x0,
    0x1, 0x80, 0x0, 0x30, 0x0, 0x6, 0x0, 0x0,
    0xc7, 0xff, 0xff, 0xff, 0xff, 0xe0, 0x1c, 0x0,
    0x3, 0x80, 0xf, 0xff, 0xc1, 0xfd, 0xf8, 0x3,
    0x87, 0x7, 0xf0, 0xe0, 0xfe, 0x1c, 0x18, 0x3,
    0x83, 0xfc, 0x70, 0x7f, 0x8e, 0x0,

    /* U+AD76 "굶" */
    0x1f, 0xff, 0x3, 0xff, 0xe0, 0x0, 0xc, 0x0,
    0x1, 0x80, 0x0, 0x30, 0x0, 0x6, 0x0, 0x0,
    0xc7, 0xff, 0xff, 0xff, 0xff, 0xe0, 0x1c, 0x0,
    0x3, 0x80, 0x1f, 0xff, 0xc3, 0xfb, 0xf8, 0x3,
    0x77, 0xf, 0xee, 0xe1, 0xfd, 0xdc, 0x38, 0x3b,
    0x87, 0xf7, 0xf0, 0xfe, 0xfe, 0x0,

    /* U+AD7D "굽" */
    0x1f, 0xff, 0x3, 0xff, 0xe0, 0x0, 0x1c, 0x0,
    0x3, 0x80, 0x0, 0x70, 0x0, 0xe, 0x0, 0x1,
    0xc7, 0xff, 0xff, 0xff, 0xff, 0xe0, 0x1c, 0x0,
    0x3, 0x80, 0xc, 0x73, 0x81, 0x80, 0x70, 0x3f,
    0xfe, 0x7, 0xff, 0xc0, 0xc0, 0x38, 0x18, 0x7,
    0x3, 0xff, 0xe0, 0x7f, 0xfc, 0x0,

    /* U+AD81 "궁" */
    0x1f, 0xff, 0x3, 0xff, 0xe0, 0x0, 0xc, 0x0,
    0x1, 0x80, 0x0, 0x30, 0x0, 0x6, 0x0, 0x0,
    0xc7, 0xff, 0xff, 0xff, 0xff, 0xe0, 0x1c, 0x0,
    0x3, 0x80, 0x1, 0xfc, 0x0, 0xff, 0xe0, 0x3e,
    0x1e, 0x7, 0x0, 0xe0, 0xe0, 0x1c, 0x1e, 0x7,
    0x1, 0xff, 0xc0, 0xf, 0xe0, 0x0,

    /* U+AD8C "권" */
    0x3f, 0xf1, 0xcf, 0xfc, 0x70, 0x7, 0x1c, 0x1,
    0xc7, 0x0, 0x71, 0xc0, 0x1c, 0x70, 0x7, 0x1f,
    0xff, 0xf7, 0xff, 0xfd, 0xc0, 0xe0, 0x70, 0x39,
    0xfc, 0xe, 0x7f, 0x3, 0x81, 0xc7, 0x0, 0x71,
    0xc0, 0x1c, 0x70, 0x0, 0x1c, 0x0, 0x7, 0xff,
    0xf1, 0xff, 0xfc,

    /* U+ADC0 "귀" */
    0x3f, 0xf1, 0xcf, 0xfc, 0x70, 0x3, 0x1c, 0x0,
    0xc7, 0x0, 0x31, 0xc0, 0xc, 0x70, 0x3, 0x1c,
    0x0, 0xc7, 0xff, 0xfd, 0xff, 0xff, 0x70, 0x38,
    0x1c, 0xe, 0x7, 0x3, 0x81, 0xc0, 0xe0, 0x70,
    0x38, 0x1c, 0xe, 0x7, 0x3, 0x81, 0xc0, 0xe0,
    0x70, 0x38, 0x1c,

    /* U+ADDC "규" */
    0x1f, 0xff, 0x3, 0xff, 0xe0, 0x0, 0xc, 0x0,
    0x1, 0x80, 0x0, 0x30, 0x0, 0x6, 0x0, 0x0,
    0xc0, 0x0, 0x38, 0x0, 0x7, 0x1f, 0xff, 0xff,
    0xff, 0xff, 0x83, 0x86, 0x0, 0x70, 0xc0, 0xe,
    0x18, 0x1, 0xc3, 0x0, 0x38, 0x60, 0x7, 0xc,
    0x0, 0xe1, 0x80, 0x1c, 0x30, 0x0,

    /* U+ADE0 "균" */
    0x1f, 0xff, 0x83, 0xff, 0xf0, 0x0, 0xe, 0x0,
    0x1, 0xc0, 0x0, 0x38, 0x0, 0x7, 0x0, 0x0,
    0xe0, 0x0, 0x1c, 0xff, 0xff, 0xff, 0xff, 0xfc,
    0xe, 0x38, 0x1, 0xc7, 0x1, 0xf8, 0xe0, 0x3f,
    0x1c, 0x7, 0xe3, 0x80, 0xe0, 0x0, 0x1c, 0x0,
    0x3, 0xff, 0xf0, 0x7f, 0xfe, 0x0,

    /* U+ADF8 "그" */
    0x1f, 0xff, 0x3, 0xff, 0xe0, 0x0, 0x1c, 0x0,
    0x3, 0x80, 0x0, 0x70, 0x0, 0xe, 0x0, 0x1,
    0xc0, 0x0, 0x38, 0x0, 0x7, 0x0, 0x0, 0xe0,
    0x0, 0x1c, 0x0, 0x3, 0x80, 0x0, 0x71, 0xff,
    0xff, 0xff, 0xff, 0xf8,

    /* U+ADF9 "극" */
    0x1f, 0xff, 0x3, 0xff, 0xe0, 0x0, 0xc, 0x0,
    0x1, 0x80, 0x0, 0x30, 0x0, 0x6, 0x0, 0x0,
    0xc7, 0xff, 0xff, 0xff, 0xff, 0xe0, 0x0, 0x0,
    0x0, 0x0, 0x0, 0x0, 0x1, 0xff, 0xf0, 0x3f,
    0xfe, 0x0, 0x0, 0xc0, 0x0, 0x18, 0x0, 0x3,
    0x0, 0x0, 0x60, 0x0, 0xc, 0x0,

    /* U+ADFC "근" */
    0x1f, 0xff, 0x83, 0xff, 0xf0, 0x0, 0xe, 0x0,
    0x1, 0xc0, 0x0, 0x38, 0x0, 0x7, 0x0, 0x0,
    0xe0, 0x0, 0x1c, 0xff, 0xff, 0xff, 0xff, 0xfc,
    0x0, 0x0, 0x0, 0x0, 0x1, 0xc0, 0x0, 0x38,
    0x0, 0x7, 0x0, 0x0, 0xe0, 0x0, 0x1c, 0x0,
    0x3, 0xff, 0xf0, 0x7f, 0xfe, 0x0,

    /* U+AE00 "글" */
    0x1f, 0xff, 0x83, 0xff, 0xf0, 0x0, 0xe, 0x0,
    0x1, 0xc0, 0x0, 0x38, 0x0, 0x7, 0x3f, 0xff,
    0xff, 0xff, 0xff, 0x0, 0x0, 0x0, 0x0, 0x0,
    0x7f, 0xfe, 0xf, 0xff, 0xc0, 0x0, 0x38, 0x0,
    0x7, 0x7, 0xff, 0xe0, 0xff, 0xfc, 0x1c, 0x0,
    0x3, 0xff, 0xf0, 0x7f, 0xfe, 0x0,

    /* U+AE08 "금" */
    0x1f, 0xff, 0x3, 0xff, 0xe0, 0x0, 0x1c, 0x0,
    0x3, 0x80, 0x0, 0x70, 0x0, 0xe, 0x0, 0x1,
    0xc7, 0xff, 0xff, 0xff, 0xff, 0xe0, 0x0, 0x0,
    0x0, 0x0, 0x0, 0x0, 0x1, 0xff, 0xf0, 0x3f,
    0xfe, 0x6, 0x1, 0xc0, 0xc0, 0x38, 0x18, 0x7,
    0x3, 0xff, 0xe0, 0x7f, 0xfc, 0x0,

    /* U+AE09 "급" */
    0x1f, 0xff, 0x3, 0xff, 0xe0, 0x0, 0x1c, 0x0,
    0x3, 0x80, 0x0, 0x70, 0x0, 0xe, 0x0, 0x1,
    0xc7, 0xff, 0xff, 0xff, 0xff, 0xe0, 0x0, 0x0,
    0x0, 0x0, 0xc, 0x3, 0x81, 0x80, 0x70, 0x3f,
    0xfe, 0x7, 0xff, 0xc0, 0xc0, 0x38, 0x18, 0x7,
    0x3, 0xff, 0xe0, 0x7f, 0xfc, 0x0,

    /* U+AE0D "긍" */
    0x1f, 0xff, 0x3, 0xff, 0xe0, 0x0, 0xc, 0x0,
    0x1, 0x80, 0x0, 0x30, 0x0, 0x6, 0x0, 0x0,
    0xc7, 0xff, 0xff, 0xff, 0xff, 0xe0, 0x0, 0x0,
    0x0, 0x0, 0x1, 0xfe, 0x0, 0xff, 0xe0, 0x3c,
    0xe, 0x7, 0x0, 0xe0, 0xe0, 0x1c, 0x1e, 0x7,
    0x1, 0xff, 0xc0, 0xf, 0xe0, 0x0,

    /* U+AE30 "기" */
    0x0, 0x3, 0xbf, 0xf1, 0xdf, 0xf8, 0xe0, 0x1c,
    0x70, 0xe, 0x38, 0xe, 0x1c, 0x7, 0xe, 0x7,
    0x7, 0x3, 0x83, 0x83, 0x81, 0xc3, 0x80, 0xe7,
    0x80, 0x7f, 0x80, 0x3b, 0x80, 0x1c, 0x0, 0xe,
    0x0, 0x7, 0x0, 0x3, 0x80, 0x1, 0xc0, 0x0,
    0xe0,

    /* U+AE34 "긴" */
    0x7f, 0xe3, 0xbf, 0xf1, 0xc0, 0x70, 0xe0, 0x38,
    0x70, 0x3c, 0x38, 0x1c, 0x1c, 0x1c, 0xe, 0x1c,
    0x7, 0x3e, 0x3, 0xbc, 0x1, 0xfc, 0x0, 0xe8,
    0x0, 0x71, 0xc0, 0x38, 0xe0, 0x1c, 0x70, 0xe,
    0x38, 0x0, 0x1c, 0x0, 0xf, 0xff, 0xc7, 0xff,
    0xe0,

    /* U+AE38 "길" */
    0x7f, 0xe3, 0xbf, 0xf1, 0xc0, 0x70, 0xe0, 0x38,
    0x70, 0x38, 0x38, 0x38, 0x1c, 0x38, 0xe, 0x78,
    0x7, 0xf8, 0x3, 0xb0, 0x1, 0xc7, 0xff, 0xe3,
    0xff, 0xf0, 0x0, 0x38, 0x0, 0x1c, 0x7f, 0xfe,
    0x3f, 0xff, 0x1c, 0x0, 0xf, 0xff, 0xc7, 0xff,
    0xe0,

    /* U+AE40 "김" */
    0x7f, 0xe3, 0xbf, 0xf1, 0xc0, 0x70, 0xe0, 0x38,
    0x70, 0x38, 0x38, 0x3c, 0x1c, 0x3c, 0xe, 0x3c,
    0x7, 0x3c, 0x3, 0xfc, 0x1, 0xf8, 0x0, 0xe8,
    0x0, 0x1, 0xff, 0xf8, 0xff, 0xfc, 0x70, 0xe,
    0x38, 0x7, 0x1c, 0x3, 0x8f, 0xff, 0xc7, 0xff,
    0xe0,

    /* U+AE4A "깊" */
    0x7f, 0xe1, 0x9f, 0xf8, 0x60, 0xe, 0x18, 0x7,
    0x86, 0x1, 0xc1, 0x80, 0xe0, 0x60, 0x78, 0x18,
    0x3c, 0x6, 0x3e, 0x1, 0xbf, 0x0, 0x67, 0x0,
    0x18, 0x0, 0x0, 0x1f, 0xff, 0xc7, 0xff, 0xf0,
    0x38, 0xe0, 0xe, 0x38, 0x3, 0x8e, 0x7, 0xff,
    0xf1, 0xff, 0xfc,

    /* U+AE4C "까" */
    0x0, 0x1, 0xc3, 0xff, 0xce, 0x1f, 0xfe, 0x70,
    0x1c, 0x73, 0x80, 0xe3, 0x9c, 0x7, 0x1c, 0xe0,
    0x30, 0xe7, 0x3, 0x86, 0x3f, 0x1c, 0x71, 0xf9,
    0xc3, 0x8e, 0xe, 0x18, 0x70, 0xe1, 0xc3, 0x8f,
    0xe, 0x1c, 0x10, 0xe0, 0xe0, 0xe, 0x7, 0x0,
    0x10, 0x38, 0x0, 0x1, 0xc0, 0x0, 0xe, 0x0,
    0x0, 0x70,

    /* U+AE4E "깎" */
    0x7f, 0xfb, 0x87, 0xff, 0xb8, 0xe, 0x3b, 0x80,
    0xe3, 0xb8, 0x1c, 0x33, 0x81, 0xc7, 0x3f, 0x38,
    0x73, 0xf7, 0x8e, 0x38, 0xf0, 0xe3, 0x82, 0x1c,
    0x38, 0x0, 0x83, 0x80, 0x0, 0x0, 0x3f, 0xbf,
    0x83, 0xfb, 0xf8, 0x1, 0x83, 0x80, 0x18, 0x38,
    0x1, 0x83, 0x80, 0x18, 0x38, 0x1, 0x83, 0x80,

    /* U+AE50 "깐" */
    0x7f, 0xfb, 0x87, 0xff, 0xb8, 0xe, 0x3b, 0x80,
    0xe3, 0xb8, 0x1c, 0x3b, 0x81, 0xc7, 0x38, 0x3c,
    0x73, 0xf3, 0x87, 0x3f, 0x70, 0xe3, 0x87, 0xe,
    0x38, 0x21, 0xc3, 0x80, 0x8, 0x38, 0xe, 0x3,
    0x80, 0xe0, 0x38, 0xe, 0x3, 0x80, 0xe0, 0x0,
    0xe, 0x0, 0x0, 0xff, 0xfc, 0xf, 0xff, 0xc0,

    /* U+AE54 "깔" */
    0x7e, 0xfb, 0x87, 0xef, 0x38, 0xe, 0x33, 0x80,
    0xc3, 0x38, 0x1c, 0x33, 0xf3, 0xc7, 0x3f, 0x38,
    0x63, 0x8f, 0xe, 0x38, 0x61, 0xc3, 0x80, 0xc,
    0x38, 0x0, 0x0, 0x0, 0xff, 0xf8, 0xf, 0xff,
    0x80, 0x0, 0x38, 0xf, 0xff, 0x80, 0xff, 0xf8,
    0xe, 0x0, 0x0, 0xff, 0xfc, 0xf, 0xff, 0xc0,

    /* U+AE5C "깜" */
    0x7f, 0xfb, 0x87, 0xff, 0xb8, 0xe, 0x3b, 0x80,
    0xe3, 0xb8, 0x1c, 0x33, 0xf1, 0xc7, 0x3f, 0x38,
    0x73, 0x87, 0x8e, 0x38, 0x70, 0xe3, 0x82, 0x1c,
    0x38, 0x0, 0x3, 0x80, 0x0, 0x0, 0xf, 0xff,
    0x80, 0xff, 0xf8, 0xe, 0x3, 0x80, 0xe0, 0x38,
    0xe, 0x3, 0x80, 0xff, 0xf8, 0xf, 0xff, 0x80,

    /* U+AE5D "깝" */
    0x7f, 0xfb, 0x87, 0xff, 0xb8, 0xe, 0x3b, 0x80,
    0xe3, 0xb8, 0x1c, 0x3b, 0xf1, 0xc7, 0x3f, 0x38,
    0x73, 0x87, 0x8e, 0x38, 0x70, 0xe3, 0x82, 0x1c,
    0x38, 0x0, 0x83, 0x80, 0xe0, 0x38, 0xe, 0x3,
    0x80, 0xff, 0xf8, 0xf, 0xff, 0x80, 0xe0, 0x38,
    0xe, 0x3, 0x80, 0xff, 0xf8, 0xf, 0xff, 0x80,

    /* U+AE65 "깥" */
    0x7e, 0xfb, 0x87, 0xef, 0x38, 0xe, 0x33, 0x80,
    0xc3, 0x38, 0x1c, 0x33, 0xf3, 0xc7, 0x3f, 0x38,
    0x63, 0x87, 0xe, 0x38, 0x61, 0xc3, 0x80, 0xc,
    0x38, 0x0, 0x0, 0x0, 0xff, 0xf8, 0xf, 0xff,
    0x80, 0xe0, 0x0, 0xf, 0xff, 0x80, 0xff, 0xf8,
    0xe, 0x0, 0x0, 0xff, 0xfc, 0xf, 0xff, 0xc0,

    /* U+AE68 "깨" */
    0x0, 0xe, 0xef, 0xfd, 0xdd, 0xff, 0xbb, 0x8e,
    0x77, 0x71, 0xce, 0xee, 0x39, 0xdd, 0xc6, 0x3b,
    0xb9, 0xc6, 0x7f, 0x38, 0xcf, 0xe7, 0x39, 0xdd,
    0xc7, 0x3b, 0xb8, 0xc7, 0x7e, 0x38, 0xee, 0x46,
    0x1d, 0xc0, 0xc3, 0xb8, 0x0, 0x77, 0x0, 0xe,
    0xe0, 0x1, 0xdc, 0x0, 0x3b, 0x80,

    /* U+AEBC "꺼" */
    0x0, 0x0, 0xef, 0xff, 0x1d, 0xff, 0xe3, 0x87,
    0x1c, 0x70, 0xe3, 0x8e, 0x1c, 0x71, 0xc3, 0xe,
    0x38, 0xe1, 0xff, 0x1c, 0x7f, 0xe3, 0x8e, 0x1c,
    0xe1, 0xc3, 0x9c, 0x70, 0x77, 0xe, 0xe, 0xc3,
    0x81, 0xc0, 0x70, 0x38, 0xc, 0x7, 0x0, 0x0,
    0xe0, 0x0, 0x1c, 0x0, 0x3, 0x80,

    /* U+AEBE "꺾" */
    0x7f, 0xf1, 0xdf, 0xfc, 0x70, 0xe3, 0x1c, 0x39,
    0xc7, 0x1c, 0x7f, 0xc7, 0x1f, 0xf3, 0x86, 0x1d,
    0xe3, 0x87, 0x70, 0xc1, 0xc8, 0x70, 0x70, 0x8,
    0x1c, 0x0, 0x0, 0x1f, 0xdf, 0xc7, 0xf7, 0xf0,
    0xc, 0x1c, 0x3, 0x7, 0x0, 0xc1, 0xc0, 0x30,
    0x70, 0xc, 0x1c,

    /* U+AECD "껍" */
    0x7f, 0xf1, 0xdf, 0xfc, 0x70, 0xe3, 0x1c, 0x39,
    0xc7, 0x1c, 0x7f, 0xc7, 0x1f, 0xf3, 0x86, 0x1d,
    0xe3, 0x87, 0xf0, 0xc1, 0xc8, 0x70, 0x70, 0x8,
    0x1c, 0x18, 0x7, 0x6, 0x1, 0xc1, 0xff, 0xf0,
    0x7f, 0xfc, 0x18, 0x7, 0x6, 0x1, 0xc1, 0xff,
    0xf0, 0x7f, 0xfc,

    /* U+AED8 "께" */
    0x0, 0xe, 0xef, 0xfd, 0xdd, 0xff, 0xbb, 0x8e,
    0x77, 0x71, 0xce, 0xee, 0x39, 0xdd, 0xc7, 0x3b,
    0xb9, 0xc7, 0xf7, 0x39, 0xfe, 0xe7, 0x39, 0xdc,
    0xe7, 0x3b, 0xb8, 0xe7, 0x77, 0x18, 0xee, 0xc7,
    0x1d, 0xc0, 0xc3, 0xb8, 0x8, 0x77, 0x0, 0xe,
    0xe0, 0x1, 0xdc, 0x0, 0x3b, 0x80,

    /* U+AF2C "꼬" */
    0x7f, 0xff, 0x8f, 0xff, 0xf0, 0xe, 0xe, 0x1,
    0x81, 0xc0, 0x30, 0x38, 0xe, 0x7, 0x1, 0xc0,
    0xe0, 0x3b, 0x9c, 0x7, 0x73, 0x81, 0xce, 0x70,
    0x19, 0xce, 0x0, 0x38, 0x0, 0x7, 0x0, 0x0,
    0xe0, 0x3f, 0xff, 0xff, 0xff, 0xff,

    /* U+AF2D "꼭" */
    0x3f, 0xbf, 0x87, 0xf7, 0xf0, 0xe, 0xe, 0x1,
    0xc1, 0xc0, 0x38, 0x38, 0x6, 0xe7, 0x1, 0xdc,
    0xe0, 0x1b, 0x84, 0x0, 0x70, 0x1f, 0xff, 0xff,
    0xff, 0xff, 0x80, 0x0, 0x0, 0x0, 0x0, 0x3f,
    0xfe, 0x7, 0xff, 0xc0, 0x0, 0x18, 0x0, 0x3,
    0x0, 0x0, 0x60, 0x0, 0xc, 0x0,

    /* U+AF34 "꼴" */
    0x3f, 0xbf, 0xc7, 0xf7, 0xf8, 0xe, 0x6, 0x1,
    0xc0, 0xc0, 0x30, 0x18, 0xe, 0xe3, 0x1, 0xdc,
    0x60, 0x3, 0x80, 0xff, 0xff, 0xff, 0xff, 0xfc,
    0x0, 0x0, 0xf, 0xff, 0xc1, 0xff, 0xf8, 0x0,
    0x7, 0x7, 0xff, 0xe0, 0xff, 0xfc, 0x1c, 0x0,
    0x3, 0xff, 0xf0, 0x7f, 0xfe, 0x0,

    /* U+AF42 "꽂" */
    0x3f, 0xbf, 0x87, 0xf7, 0xf0, 0xe, 0x6, 0x1,
    0xc0, 0xc0, 0x37, 0x18, 0xe, 0xe3, 0x1, 0xdc,
    0xe0, 0x3, 0x80, 0xff, 0xff, 0xff, 0xff, 0xfc,
    0x0, 0x0, 0x0, 0x0, 0x1, 0xff, 0xf8, 0x3f,
    0xff, 0x0, 0x3c, 0x0, 0xf, 0xc0, 0x3, 0xfc,
    0x3, 0xf3, 0xf0, 0xf8, 0x1f, 0xc, 0x0, 0xc0,

    /* U+AF43 "꽃" */
    0x3f, 0xbf, 0x87, 0xf7, 0xf0, 0xe, 0x6, 0x1,
    0xc0, 0xc0, 0x38, 0x38, 0xe, 0xe7, 0x1, 0xdc,
    0xe0, 0x3, 0x80, 0xff, 0xff, 0xff, 0xff, 0xfc,
    0x1, 0x80, 0x0, 0x30, 0x1, 0xff, 0xf8, 0x3f,
    0xff, 0x0, 0x3c, 0x0, 0xf, 0xc0, 0x7, 0x9e,
    0xf, 0xe1, 0xf8, 0xf0, 0xe, 0x0,

    /* U+AF49 "꽉" */
    0x7d, 0xf9, 0xc3, 0xef, 0xce, 0x3, 0xe, 0x70,
    0x38, 0x73, 0x81, 0xc3, 0x9c, 0xd, 0xdc, 0xfc,
    0x6e, 0xe7, 0xe0, 0x70, 0x38, 0x3, 0x81, 0xc7,
    0xff, 0xee, 0x3f, 0xff, 0x70, 0x0, 0x3, 0x80,
    0x0, 0x0, 0xf, 0xff, 0xe0, 0x7f, 0xff, 0x0,
    0x0, 0x38, 0x0, 0x1, 0xc0, 0x0, 0xe, 0x0,
    0x0, 0x70,

    /* U+AF64 "꽤" */
    0x0, 0x7, 0x77, 0xdf, 0x77, 0x7d, 0xf7, 0x71,
    0xc7, 0x77, 0x1c, 0x77, 0x71, 0xc7, 0x77, 0x1c,
    0x77, 0x71, 0x87, 0x77, 0x3b, 0x77, 0xf3, 0xb7,
    0x7f, 0x1b, 0x77, 0x70, 0x30, 0x77, 0x3, 0x7,
    0x70, 0x30, 0x77, 0xff, 0xf7, 0x77, 0xff, 0x77,
    0x0, 0x7, 0x70, 0x0, 0x77, 0x0, 0x7, 0x70,

    /* U+AFB8 "꾸" */
    0x3f, 0xbf, 0x87, 0xf7, 0xf0, 0xe, 0xe, 0x1,
    0xc1, 0xc0, 0x38, 0x38, 0x7, 0x7, 0x0, 0xe0,
    0xe0, 0x1c, 0x1c, 0x3, 0x83, 0x1f, 0xff, 0xff,
    0xff, 0xff, 0x80, 0x30, 0x0, 0x6, 0x0, 0x0,
    0xc0, 0x0, 0x18, 0x0, 0x3, 0x0, 0x0, 0x60,
    0x0, 0xc, 0x0, 0x1, 0x80, 0x0,

    /* U+AFC8 "꿈" */
    0x3f, 0xbf, 0x87, 0xf7, 0xf0, 0x6, 0xe, 0x0,
    0xc1, 0xc0, 0x18, 0x38, 0x7, 0x7, 0x0, 0xe0,
    0xc7, 0xff, 0xff, 0xff, 0xff, 0xe0, 0xc, 0x0,
    0x1, 0x80, 0x0, 0x30, 0x1, 0xff, 0xf0, 0x3f,
    0xfe, 0x7, 0x0, 0xc0, 0xe0, 0x18, 0x1c, 0x3,
    0x3, 0xff, 0xe0, 0x7f, 0xfc, 0x0,

    /* U+B044 "끄" */
    0x7f, 0xbf, 0x8f, 0xf7, 0xf0, 0xe, 0xe, 0x1,
    0xc1, 0xc0, 0x38, 0x38, 0x7, 0x7, 0x0, 0xe0,
    0xe0, 0x1c, 0x1c, 0x3, 0x3, 0x80, 0x60, 0x70,
    0x1c, 0xc, 0x3, 0x81, 0x80, 0x70, 0x30, 0xe,
    0x6, 0x3f, 0xff, 0xff, 0xff, 0xff,

    /* U+B04A "끊" */
    0x3f, 0xbf, 0x87, 0xf7, 0xf0, 0x6, 0xe, 0x0,
    0xc1, 0xc0, 0x38, 0x38, 0x7, 0x7, 0x0, 0xe0,
    0xc7, 0xff, 0xff, 0xff, 0xff, 0xe0, 0x0, 0x0,
    0x0, 0x30, 0xc, 0x3f, 0xc1, 0x87, 0xf8, 0x30,
    0x0, 0x6, 0x7, 0x80, 0xc1, 0xfc, 0x18, 0x31,
    0x83, 0xf7, 0xf0, 0x7e, 0x78, 0x0,

    /* U+B04C "끌" */
    0x3f, 0xbf, 0x87, 0xf7, 0xf0, 0x6, 0xe, 0x1,
    0xc1, 0xc0, 0x38, 0x38, 0x7, 0x6, 0x3f, 0xff,
    0xff, 0xff, 0xff, 0x0, 0x0, 0x0, 0x0, 0x0,
    0x7f, 0xfc, 0xf, 0xff, 0x80, 0x0, 0x30, 0x0,
    0x6, 0x7, 0xff, 0xc0, 0xff, 0xf8, 0x1c, 0x0,
    0x3, 0xff, 0xf0, 0x7f, 0xfe, 0x0,

    /* U+B053 "끓" */
    0x3f, 0xbf, 0x87, 0xf7, 0xf0, 0xe, 0xc, 0x1,
    0xc1, 0x80, 0x38, 0x30, 0x7, 0x6, 0x0, 0xc0,
    0xc7, 0xff, 0xff, 0xff, 0xff, 0xe0, 0x0, 0x0,
    0x0, 0x38, 0x1f, 0xc7, 0x3, 0xff, 0xfc, 0x7,
    0xff, 0x8f, 0xe7, 0xc1, 0xfd, 0xfc, 0x30, 0x31,
    0x87, 0xf7, 0xf0, 0xfe, 0x7c, 0x0,

    /* U+B057 "끗" */
    0x3f, 0xbf, 0x87, 0xf7, 0xf0, 0x6, 0xe, 0x0,
    0xc1, 0xc0, 0x38, 0x38, 0x7, 0x7, 0x0, 0xe0,
    0xe0, 0x1c, 0x1c, 0xff, 0xff, 0xff, 0xff, 0xfc,
    0x0, 0x0, 0x0, 0x30, 0x0, 0x6, 0x0, 0x1,
    0xe0, 0x0, 0x3c, 0x0, 0xf, 0xc0, 0x7, 0x9e,
    0xf, 0xe1, 0xf8, 0xf0, 0x1f, 0x8, 0x0, 0x40,

    /* U+B05D "끝" */
    0x3f, 0xbf, 0x87, 0xf7, 0xf0, 0x6, 0x6, 0x0,
    0xc0, 0xc0, 0x38, 0x38, 0x7, 0x7, 0x0, 0xe0,
    0xe7, 0xff, 0xff, 0xff, 0xff, 0xe0, 0x0, 0x0,
    0x0, 0x0, 0xf, 0xff, 0xc1, 0xff, 0xf8, 0x38,
    0x0, 0x7, 0xff, 0xc0, 0xff, 0xf8, 0x1c, 0x0,
    0x3, 0xff, 0xf0, 0x7f, 0xfe, 0x0,

    /* U+B07C "끼" */
    0x0, 0x1, 0xdf, 0xfe, 0x77, 0xff, 0x9c, 0x38,
    0xe7, 0xe, 0x39, 0xc3, 0x8e, 0x70, 0xc3, 0x9c,
    0x70, 0xc7, 0x1c, 0x71, 0xc6, 0x1c, 0x73, 0x87,
    0x1d, 0xc3, 0x87, 0xf0, 0xe1, 0xc8, 0x70, 0x70,
    0x1c, 0x1c, 0x2, 0x7, 0x0, 0x1, 0xc0, 0x0,
    0x70, 0x0, 0x1c,

    /* U+B098 "나" */
    0x0, 0xe, 0x38, 0x3, 0x8e, 0x0, 0xe3, 0x80,
    0x38, 0xe0, 0xe, 0x38, 0x3, 0x8e, 0x0, 0xe3,
    0x80, 0x3f, 0xe0, 0xf, 0xf8, 0x3, 0x8e, 0x0,
    0xe3, 0x80, 0xb8, 0xff, 0xee, 0x3f, 0xfb, 0x80,
    0x0, 0xe0, 0x0, 0x38, 0x0, 0xe, 0x0, 0x3,
    0x80, 0x0, 0xe0,

    /* U+B09A "낚" */
    0xe0, 0xe, 0x38, 0x3, 0x8e, 0x0, 0xe3, 0x80,
    0x38, 0xe0, 0xf, 0xf8, 0x3, 0xfe, 0x0, 0xff,
    0xff, 0xb8, 0xff, 0xee, 0x0, 0x3, 0x80, 0x0,
    0xe0, 0x0, 0x0, 0xff, 0x7e, 0x3f, 0xdf, 0x80,
    0x70, 0xe0, 0x1c, 0x38, 0x7, 0xe, 0x1, 0xc3,
    0x80, 0x70, 0xe0,

    /* U+B09C "난" */
    0xe0, 0xe, 0x38, 0x3, 0x8e, 0x0, 0xe3, 0x80,
    0x38, 0xe0, 0xe, 0x38, 0x3, 0xfe, 0x0, 0xff,
    0x80, 0xbf, 0xff, 0xee, 0x3f, 0xfb, 0x80, 0x0,
    0xe0, 0x0, 0x38, 0x38, 0xe, 0xe, 0x3, 0x83,
    0x80, 0xe0, 0xe0, 0x0, 0x38, 0x0, 0xf, 0xff,
    0xc3, 0xff, 0xf0,

    /* U+B0A0 "날" */
    0xe0, 0xe, 0x38, 0x3, 0x8e, 0x0, 0xe3, 0x80,
    0x38, 0xe0, 0xf, 0xf8, 0x3, 0xff, 0xfe, 0xe3,
    0xff, 0xb8, 0x0, 0xe, 0x0, 0x3, 0x83, 0xff,
    0xe0, 0xff, 0xf8, 0x0, 0xe, 0x0, 0x3, 0x83,
    0xff, 0xe0, 0xff, 0xf8, 0x38, 0x0, 0xf, 0xff,
    0xc3, 0xff, 0xf0,

    /* U+B0A1 "낡" */
    0xe0, 0xe, 0x38, 0x3, 0x8e, 0x0, 0xe3, 0x80,
    0x38, 0xe0, 0xf, 0xf8, 0x3, 0xff, 0xfe, 0xe3,
    0xff, 0xb8, 0x0, 0xe, 0x0, 0x3, 0x80, 0x0,
    0x3, 0xfd, 0xf8, 0xff, 0x7e, 0x1, 0xc3, 0x8f,
    0xf0, 0xe3, 0xfc, 0x38, 0xe0, 0xe, 0x3f, 0xe3,
    0x8f, 0xf8, 0xe0,

    /* U+B0A8 "남" */
    0xe0, 0xe, 0x38, 0x3, 0x8e, 0x0, 0xe3, 0x80,
    0x38, 0xe0, 0xf, 0xf8, 0x3, 0xfe, 0x0, 0xff,
    0xff, 0xb8, 0xff, 0xee, 0x0, 0x3, 0x80, 0x0,
    0xe0, 0x0, 0x0, 0x3f, 0xfe, 0xf, 0xff, 0x83,
    0x80, 0xe0, 0xe0, 0x38, 0x38, 0xe, 0xf, 0xff,
    0x83, 0xff, 0xe0,

    /* U+B0AB "낫" */
    0xe0, 0xe, 0x38, 0x3, 0x8e, 0x0, 0xe3, 0x80,
    0x38, 0xe0, 0xf, 0xf8, 0x3, 0xfe, 0x0, 0xe3,
    0xff, 0xb8, 0xff, 0xee, 0x0, 0x3, 0x80, 0x0,
    0xe0, 0x0, 0x38, 0x1, 0xce, 0x0, 0x70, 0x0,
    0x1c, 0x0, 0xf, 0x80, 0x7, 0x70, 0x7, 0xde,
    0xf, 0xc3, 0xf3, 0xe0, 0x3c, 0x40, 0x2, 0x0,

    /* U+B0AE "낮" */
    0x70, 0x7, 0xe, 0x0, 0xe1, 0xc0, 0x1c, 0x38,
    0x3, 0x87, 0x0, 0x70, 0xe0, 0xf, 0xdc, 0x5,
    0xfb, 0xff, 0xb8, 0x7f, 0xf7, 0x0, 0x0, 0xe0,
    0x0, 0x1c, 0x1f, 0xff, 0x83, 0xff, 0xf0, 0x3,
    0xc0, 0x0, 0xfc, 0x0, 0x3d, 0xc0, 0x3f, 0x1f,
    0x8f, 0x81, 0xf0, 0xc0, 0xc, 0x0,

    /* U+B0AF "낯" */
    0xe0, 0xe, 0x38, 0x3, 0x8e, 0x0, 0xe3, 0x80,
    0x38, 0xe0, 0xf, 0xf8, 0x3, 0xfe, 0x0, 0xff,
    0xff, 0xb8, 0xff, 0xee, 0x0, 0x3, 0x80, 0x1c,
    0xe0, 0x7, 0x0, 0x7f, 0xfe, 0x1f, 0xff, 0x80,
    0x3e, 0x0, 0x1f, 0xc0, 0x1f, 0x78, 0x3f, 0x8f,
    0xe7, 0x80, 0xf1, 0x0, 0x0,

    /* U+B0B4 "내" */
    0x0, 0x73, 0xf0, 0x39, 0xf8, 0x1c, 0xfc, 0xe,
    0x7e, 0x7, 0x3f, 0x3, 0x9f, 0x81, 0xcf, 0xc0,
    0xff, 0xe0, 0x7f, 0xf0, 0x39, 0xf8, 0x1c, 0xfc,
    0xe, 0x7f, 0xf7, 0x3f, 0xfb, 0x9c, 0x1, 0xce,
    0x0, 0xe7, 0x0, 0x73, 0x80, 0x39, 0xc0, 0x1c,
    0xe0,

    /* U+B0C4 "냄" */
    0xe0, 0x73, 0xf0, 0x39, 0xf8, 0x1c, 0xfc, 0xe,
    0x7e, 0x7, 0x3f, 0x3, 0xff, 0x81, 0xff, 0xfe,
    0xe7, 0xff, 0x73, 0x80, 0x39, 0xc0, 0x1c, 0xe0,
    0x0, 0x0, 0xff, 0xf8, 0x7f, 0xfc, 0x30, 0xe,
    0x18, 0x7, 0xc, 0x3, 0x87, 0xff, 0xc3, 0xff,
    0xe0,

    /* U+B0C9 "냉" */
    0xe0, 0x73, 0xf0, 0x39, 0xf8, 0x1c, 0xfc, 0xe,
    0x7e, 0x7, 0xff, 0x3, 0xff, 0x81, 0xff, 0xfe,
    0xe7, 0xff, 0x73, 0x80, 0x39, 0xc0, 0x1c, 0xe0,
    0x0, 0x70, 0x3f, 0xc0, 0x7f, 0xf8, 0x70, 0x1e,
    0x30, 0x7, 0x1c, 0x7, 0x87, 0xff, 0x80, 0xff,
    0x0,

    /* U+B0D0 "냐" */
    0x0, 0xe, 0x38, 0x3, 0x8e, 0x0, 0xe3, 0x80,
    0x38, 0xe0, 0xf, 0xf8, 0x3, 0xfe, 0x0, 0xe3,
    0x80, 0x38, 0xe0, 0xe, 0x38, 0x3, 0x8e, 0x0,
    0xe3, 0x80, 0x3f, 0xff, 0xef, 0xff, 0xfb, 0x80,
    0x0, 0xe0, 0x0, 0x38, 0x0, 0xe, 0x0, 0x3,
    0x80, 0x0, 0xe0,

    /* U+B108 "너" */
    0x0, 0x7, 0xe0, 0x7, 0xe0, 0x7, 0xe0, 0x7,
    0xe0, 0x7, 0xe1, 0xff, 0xe1, 0xff, 0xe0, 0x7,
    0xe0, 0x7, 0xe0, 0x7, 0xe0, 0x7, 0xe0, 0x7,
    0xff, 0xe7, 0xff, 0xe7, 0x0, 0x7, 0x0, 0x7,
    0x0, 0x7, 0x0, 0x7, 0x0, 0x7,

    /* U+B110 "널" */
    0xe0, 0x7, 0xe0, 0x7, 0xe1, 0xff, 0xe1, 0xff,
    0xe0, 0x7, 0xe0, 0x7, 0xff, 0xe7, 0xff, 0xe7,
    0x0, 0x7, 0x0, 0x7, 0x0, 0x0, 0x1f, 0xff,
    0x1f, 0xff, 0x0, 0x7, 0x1f, 0xff, 0x1f, 0xff,
    0x18, 0x0, 0x1f, 0xff, 0x1f, 0xff,

    /* U+B113 "넓" */
    0xe0, 0x7, 0xe0, 0x7, 0xe1, 0xff, 0xe1, 0xff,
    0xe0, 0x7, 0xe0, 0x7, 0xe0, 0x27, 0xff, 0xe7,
    0xff, 0xe7, 0x0, 0x7, 0x7f, 0x67, 0x7f, 0x67,
    0x3, 0x67, 0x3, 0x7f, 0x7f, 0x7f, 0x7f, 0x67,
    0x70, 0x67, 0x7f, 0x7f, 0x7f, 0x7f,

    /* U+B118 "넘" */
    0xe0, 0x7, 0xe0, 0x7, 0xe1, 0xff, 0xe1, 0xff,
    0xe0, 0x7, 0xe0, 0x7, 0xe0, 0x7, 0xff, 0xe7,
    0xff, 0xe7, 0x0, 0x7, 0x0, 0x7, 0x0, 0x0,
    0x1f, 0xff, 0x1f, 0xff, 0x18, 0x7, 0x18, 0x7,
    0x18, 0x7, 0x1f, 0xff, 0x1f, 0xff,

    /* U+B123 "넣" */
    0xe0, 0x7, 0xe0, 0x7, 0xe0, 0xff, 0xe0, 0xff,
    0xe0, 0x7, 0xe0, 0x7, 0xff, 0xf7, 0xff, 0xf7,
    0x0, 0x7, 0x0, 0xe7, 0x0, 0xe0, 0x3f, 0xff,
    0x3f, 0xff, 0x0, 0x0, 0x7, 0xf8, 0x1f, 0xfe,
    0x1c, 0xe, 0x1f, 0xfe, 0x7, 0xf8,

    /* U+B124 "네" */
    0x0, 0x3b, 0xf0, 0x1d, 0xf8, 0xe, 0xfc, 0x7,
    0x7e, 0x3, 0xbf, 0x1f, 0xdf, 0x8f, 0xef, 0xc0,
    0x77, 0xe0, 0x3b, 0xf0, 0x1d, 0xf8, 0xe, 0xfc,
    0x7, 0x7f, 0xfb, 0xbf, 0xfd, 0xdc, 0x0, 0xee,
    0x0, 0x77, 0x0, 0x3b, 0x80, 0x1d, 0xc0, 0xe,
    0xe0,

    /* U+B137 "넷" */
    0xe0, 0x3b, 0xb8, 0xe, 0xee, 0x3, 0xbb, 0x8f,
    0xee, 0xe3, 0xfb, 0xb8, 0xe, 0xee, 0x3, 0xbb,
    0x80, 0xee, 0xff, 0x3b, 0xbf, 0xee, 0xe0, 0x3,
    0xb8, 0x0, 0xe, 0x0, 0xe3, 0x80, 0x38, 0x0,
    0x1f, 0x0, 0xf, 0xe0, 0x7, 0xbc, 0x7, 0xc7,
    0xc7, 0xe0, 0xfc, 0xe0, 0xe,

    /* U+B140 "녀" */
    0x0, 0x7, 0xe0, 0x7, 0xe0, 0x7, 0xe1, 0xff,
    0xe1, 0xff, 0xe0, 0x7, 0xe0, 0x7, 0xe0, 0x7,
    0xe1, 0xff, 0xe1, 0xff, 0xe0, 0x7, 0xe0, 0x7,
    0xff, 0xe7, 0xff, 0xe7, 0x0, 0x7, 0x0, 0x7,
    0x0, 0x7, 0x0, 0x7, 0x0, 0x7,

    /* U+B144 "년" */
    0xe0, 0x7, 0xe1, 0xff, 0xe1, 0xff, 0xe0, 0x7,
    0xe0, 0x7, 0xe1, 0xff, 0xe1, 0xff, 0xe0, 0x7,
    0xe0, 0x7, 0xff, 0xe7, 0xff, 0xe7, 0x0, 0x7,
    0x18, 0x7, 0x18, 0x7, 0x18, 0x7, 0x18, 0x0,
    0x18, 0x0, 0x1f, 0xff, 0x1f, 0xff,

    /* U+B150 "념" */
    0xe0, 0x7, 0xe1, 0xff, 0xe1, 0xff, 0xe0, 0x7,
    0xe1, 0xff, 0xe1, 0xff, 0xe0, 0x7, 0xe0, 0x27,
    0xff, 0xe7, 0xff, 0xe7, 0x0, 0x7, 0x0, 0x0,
    0x1f, 0xff, 0x1f, 0xff, 0x18, 0x7, 0x18, 0x7,
    0x18, 0x7, 0x1f, 0xff, 0x1f, 0xff,

    /* U+B155 "녕" */
    0xe0, 0x7, 0xe1, 0xff, 0xe1, 0xff, 0xe0, 0x7,
    0xe1, 0xff, 0xe1, 0xff, 0xe0, 0x7, 0xe0, 0x7,
    0xff, 0xe7, 0xff, 0xe7, 0x0, 0x7, 0x0, 0x7,
    0x7, 0xf8, 0x1f, 0xfe, 0x1c, 0xf, 0x38, 0x7,
    0x1c, 0xf, 0x1f, 0xfe, 0x7, 0xf8,

    /* U+B178 "노" */
    0x1c, 0x0, 0x3, 0x80, 0x0, 0x70, 0x0, 0xe,
    0x0, 0x1, 0xc0, 0x0, 0x38, 0x0, 0x7, 0x0,
    0x0, 0xff, 0xfc, 0x1f, 0xff, 0x80, 0x1c, 0x0,
    0x3, 0x80, 0x0, 0x70, 0x0, 0xe, 0x0, 0x1,
    0xc0, 0x3f, 0xff, 0xff, 0xff, 0xff,

    /* U+B17C "논" */
    0x1c, 0x0, 0x3, 0x80, 0x0, 0x70, 0x0, 0xe,
    0x0, 0x1, 0xc0, 0x0, 0x3f, 0xff, 0x7, 0xff,
    0xe0, 0x7, 0x0, 0x0, 0xe0, 0x0, 0x1c, 0x3,
    0xff, 0xff, 0xff, 0xff, 0xf0, 0x0, 0x0, 0x38,
    0x0, 0x7, 0x0, 0x0, 0xe0, 0x0, 0x1c, 0x0,
    0x3, 0xff, 0xf0, 0x7f, 0xfe, 0x0,

    /* U+B180 "놀" */
    0x1c, 0x0, 0x3, 0x80, 0x0, 0x70, 0x0, 0xe,
    0x0, 0x1, 0xff, 0xf8, 0x3f, 0xff, 0x0, 0x38,
    0x7, 0xff, 0xff, 0xff, 0xff, 0xe0, 0x0, 0x0,
    0x0, 0x0, 0xf, 0xff, 0xc1, 0xff, 0xf8, 0x0,
    0x7, 0x7, 0xff, 0xe0, 0xff, 0xfc, 0x1c, 0x0,
    0x3, 0xff, 0xf0, 0x7f, 0xfe, 0x0,

    /* U+B18D "농" */
    0x1c, 0x0, 0x3, 0x80, 0x0, 0x70, 0x0, 0xe,
    0x0, 0x1, 0xff, 0xf0, 0x3f, 0xfe, 0x0, 0x38,
    0x0, 0x7, 0x0, 0x0, 0xe0, 0x1f, 0xff, 0xff,
    0xff, 0xff, 0x80, 0x0, 0x0, 0x7f, 0xc0, 0x3f,
    0xfc, 0x7, 0x1, 0xc0, 0xc0, 0x18, 0x1c, 0x7,
    0x3, 0xff, 0xc0, 0x1f, 0xf0, 0x0,

    /* U+B192 "높" */
    0x1c, 0x0, 0x3, 0x80, 0x0, 0x70, 0x0, 0xe,
    0x0, 0x1, 0xff, 0xf0, 0x3f, 0xfe, 0x0, 0x38,
    0x0, 0x7, 0x0, 0xff, 0xff, 0xff, 0xff, 0xfc,
    0x0, 0x0, 0x0, 0x0, 0x3, 0xff, 0xf0, 0x7f,
    0xfe, 0x1, 0xc7, 0x0, 0x38, 0xe0, 0x7, 0x1c,
    0x7, 0xff, 0xf0, 0xff, 0xfe, 0x0,

    /* U+B193 "놓" */
    0x1c, 0x0, 0x3, 0x80, 0x0, 0x70, 0x0, 0xf,
    0xff, 0xc1, 0xff, 0xf8, 0x1, 0xc0, 0x0, 0x38,
    0x7, 0xff, 0xff, 0xff, 0xff, 0xe0, 0x0, 0x0,
    0x3, 0x80, 0x1f, 0xff, 0xe3, 0xff, 0xfc, 0x0,
    0x0, 0x0, 0xff, 0x0, 0x7f, 0xf8, 0x1e, 0x7,
    0x3, 0xc0, 0xe0, 0x3f, 0xfc, 0x1, 0xfe, 0x0,

    /* U+B1CC "뇌" */
    0x0, 0x0, 0xe0, 0x0, 0x1c, 0xe0, 0x3, 0x9c,
    0x0, 0x73, 0x80, 0xe, 0x70, 0x1, 0xce, 0x0,
    0x39, 0xc0, 0x7, 0x3f, 0xf8, 0xe7, 0xff, 0x1c,
    0xe, 0x3, 0x81, 0xc0, 0x70, 0x38, 0xe, 0x7,
    0x1, 0xff, 0xff, 0xbf, 0xff, 0xf7, 0x0, 0x0,
    0xe0, 0x0, 0x1c, 0x0, 0x3, 0x80,

    /* U+B204 "누" */
    0x1c, 0x0, 0x3, 0x80, 0x0, 0x70, 0x0, 0xe,
    0x0, 0x1, 0xc0, 0x0, 0x3f, 0xff, 0x7, 0xff,
    0xe0, 0x0, 0x0, 0x0, 0x0, 0x0, 0x0, 0x3,
    0xff, 0xff, 0xff, 0xff, 0xf0, 0xe, 0x0, 0x1,
    0xc0, 0x0, 0x38, 0x0, 0x7, 0x0, 0x0, 0xe0,
    0x0, 0x1c, 0x0, 0x3, 0x80, 0x0,

    /* U+B208 "눈" */
    0x1c, 0x0, 0x3, 0x80, 0x0, 0x70, 0x0, 0xe,
    0x0, 0x1, 0xc0, 0x0, 0x3f, 0xff, 0x7, 0xff,
    0xe0, 0x0, 0x0, 0x0, 0x0, 0x1f, 0xff, 0xff,
    0xff, 0xff, 0x80, 0x70, 0x0, 0xe, 0x0, 0x39,
    0xc0, 0x7, 0x38, 0x0, 0xe0, 0x0, 0x1c, 0x0,
    0x3, 0xff, 0xf0, 0x7f, 0xfe, 0x0,

    /* U+B290 "느" */
    0x1c, 0x0, 0x3, 0x80, 0x0, 0x70, 0x0, 0xe,
    0x0, 0x1, 0xc0, 0x0, 0x38, 0x0, 0x7, 0x0,
    0x0, 0xff, 0xfc, 0x1f, 0xff, 0x80, 0x0, 0x0,
    0x0, 0x0, 0x0, 0x0, 0x0, 0x0, 0x0, 0x0,
    0x0, 0x3f, 0xff, 0xff, 0xff, 0xff,

    /* U+B298 "늘" */
    0x1c, 0x0, 0x3, 0x80, 0x0, 0x70, 0x0, 0xe,
    0x0, 0x1, 0xff, 0xf8, 0x3f, 0xff, 0x0, 0x0,
    0x7, 0xff, 0xff, 0xff, 0xff, 0xe0, 0x0, 0x0,
    0x0, 0x0, 0xf, 0xff, 0xc1, 0xff, 0xf8, 0x0,
    0x7, 0x7, 0xff, 0xe0, 0xff, 0xfc, 0x1c, 0x0,
    0x3, 0xff, 0xf0, 0x7f, 0xfe, 0x0,

    /* U+B299 "늙" */
    0x1c, 0x0, 0x3, 0x80, 0x0, 0x70, 0x0, 0xe,
    0x0, 0x1, 0xff, 0xf8, 0x3f, 0xff, 0x0, 0x0,
    0x7, 0xff, 0xff, 0xff, 0xff, 0xe0, 0x0, 0x0,
    0x7f, 0x7e, 0xf, 0xef, 0xc1, 0xfd, 0xf8, 0x3,
    0x87, 0x7, 0xf0, 0xe0, 0xfe, 0x1c, 0x18, 0x3,
    0x83, 0xfc, 0x70, 0x7f, 0x8e, 0x0,

    /* U+B2A5 "능" */
    0x1c, 0x0, 0x3, 0x80, 0x0, 0x70, 0x0, 0xe,
    0x0, 0x1, 0xff, 0xf0, 0x3f, 0xfe, 0x0, 0x0,
    0x0, 0x0, 0x0, 0xff, 0xff, 0xff, 0xff, 0xfc,
    0x0, 0x0, 0x0, 0x0, 0x0, 0x7f, 0xc0, 0x3f,
    0xfc, 0x7, 0x1, 0xc0, 0xc0, 0x18, 0x1c, 0x7,
    0x3, 0xff, 0xc0, 0x1f, 0xf0, 0x0,

    /* U+B2AC "늬" */
    0x0, 0x0, 0xe7, 0x0, 0x1c, 0xe0, 0x3, 0x9c,
    0x0, 0x73, 0x80, 0xe, 0x70, 0x1, 0xce, 0x0,
    0x39, 0xff, 0xc7, 0x3f, 0xf8, 0xe0, 0x0, 0x1c,
    0x0, 0x3, 0x80, 0x0, 0x70, 0x0, 0xe, 0x0,
    0x1, 0xff, 0xff, 0xbf, 0xff, 0xf7, 0x0, 0x0,
    0xe0, 0x0, 0x1c, 0x0, 0x3, 0x80,

    /* U+B2C8 "니" */
    0x0, 0x7, 0xe0, 0x7, 0xe0, 0x7, 0xe0, 0x7,
    0xe0, 0x7, 0xe0, 0x7, 0xe0, 0x7, 0xe0, 0x7,
    0xe0, 0x7, 0xe0, 0x7, 0xe0, 0x7, 0xe0, 0x7,
    0xff, 0xf7, 0xff, 0xf7, 0x0, 0x7, 0x0, 0x7,
    0x0, 0x7, 0x0, 0x7, 0x0, 0x7,

    /* U+B2D0 "닐" */
    0xe0, 0x7, 0xe0, 0x7, 0xe0, 0x7, 0xe0, 0x7,
    0xe0, 0x7, 0xe0, 0x7, 0xff, 0xe7, 0xff, 0xe7,
    0x0, 0x7, 0x0, 0x7, 0x1f, 0xff, 0x1f, 0xff,
    0x0, 0x7, 0x0, 0x7, 0x1f, 0xff, 0x1f, 0xff,
    0x18, 0x0, 0x1f, 0xff, 0x1f, 0xff,

    /* U+B2D8 "님" */
    0xe0, 0x7, 0xe0, 0x7, 0xe0, 0x7, 0xe0, 0x7,
    0xe0, 0x7, 0xe0, 0x7, 0xe0, 0x7, 0xff, 0xe7,
    0xff, 0xe7, 0x0, 0x7, 0x0, 0x7, 0x0, 0x0,
    0x1f, 0xff, 0x1f, 0xff, 0x1c, 0x7, 0x1c, 0x7,
    0x1c, 0x7, 0x1f, 0xff, 0x1f, 0xff,

    /* U+B2E4 "다" */
    0x0, 0x7, 0x1f, 0xf8, 0xe3, 0xff, 0x1c, 0x70,
    0x3, 0x8e, 0x0, 0x71, 0xc0, 0xe, 0x38, 0x1,
    0xc7, 0x0, 0x3f, 0xe0, 0x7, 0xfc, 0x0, 0xe3,
    0x80, 0x1c, 0x70, 0x3, 0x8f, 0xfe, 0x71, 0xff,
    0xce, 0x0, 0x1, 0xc0, 0x0, 0x38, 0x0, 0x7,
    0x0, 0x0, 0xe0, 0x0, 0x1c, 0x0,

    /* U+B2E5 "닥" */
    0xff, 0xc7, 0x1f, 0xf8, 0xe3, 0x80, 0x1c, 0x70,
    0x3, 0x8e, 0x0, 0x7f, 0xc0, 0xf, 0xf8, 0x1,
    0xff, 0xff, 0x38, 0xff, 0xe7, 0x0, 0x0, 0xe0,
    0x0, 0x1c, 0x0, 0x3, 0x83, 0xff, 0xf0, 0x7f,
    0xfe, 0x0, 0x1, 0xc0, 0x0, 0x38, 0x0, 0x7,
    0x0, 0x0, 0xe0, 0x0, 0x1c, 0x0,

    /* U+B2E8 "단" */
    0xff, 0xc7, 0x1f, 0xf8, 0xe3, 0x80, 0x1c, 0x70,
    0x3, 0x8e, 0x0, 0x71, 0xc0, 0xf, 0xf8, 0x1,
    0xff, 0x0, 0x3f, 0xff, 0xe7, 0x1f, 0xfc, 0xe0,
    0x0, 0x1c, 0x0, 0x3, 0x81, 0xc0, 0x70, 0x38,
    0xe, 0x7, 0x1, 0xc0, 0xe0, 0x0, 0x1c, 0x0,
    0x3, 0xff, 0xf0, 0x7f, 0xfe, 0x0,

    /* U+B2EB "닫" */
    0xff, 0xc7, 0x1f, 0xf8, 0xe3, 0x80, 0x1c, 0x70,
    0x3, 0x8e, 0x0, 0x7f, 0xc0, 0xf, 0xf8, 0x1,
    0xff, 0xff, 0x38, 0xff, 0xe7, 0x0, 0x0, 0xe0,
    0x0, 0x1c, 0x0, 0x0, 0x1, 0xff, 0xf0, 0x3f,
    0xfe, 0x7, 0x0, 0x0, 0xe0, 0x0, 0x1c, 0x0,
    0x3, 0xff, 0xf0, 0x7f, 0xfe, 0x0,

    /* U+B2EC "달" */
    0xff, 0xc7, 0x1f, 0xf8, 0xe3, 0x80, 0x1c, 0x70,
    0x3, 0xfe, 0x0, 0x7f, 0xc0, 0xf, 0xff, 0xf9,
    0xc7, 0xff, 0x38, 0x0, 0x7, 0x0, 0x0, 0xe0,
    0x7f, 0xfc, 0xf, 0xff, 0x80, 0x0, 0x70, 0x0,
    0xe, 0x7, 0xff, 0xc0, 0xff, 0xf8, 0x1c, 0x0,
    0x3, 0xff, 0xf0, 0x7f, 0xfe, 0x0,

    /* U+B2ED "닭" */
    0xff, 0xc7, 0x1f, 0xf8, 0xe3, 0x80, 0x1c, 0x70,
    0x3, 0x8e, 0x0, 0x7f, 0xc0, 0xf, 0xf8, 0x1,
    0xff, 0xff, 0x38, 0xff, 0xe7, 0x0, 0x0, 0xe0,
    0x0, 0x0, 0x3f, 0xdf, 0x87, 0xfb, 0xf0, 0x7,
    0xe, 0x1f, 0xe1, 0xc3, 0xfc, 0x38, 0x70, 0x7,
    0xf, 0xf8, 0xe1, 0xff, 0x1c, 0x0,

    /* U+B2EE "닮" */
    0xff, 0xc7, 0x1f, 0xf8, 0xe3, 0x80, 0x1c, 0x70,
    0x3, 0x8e, 0x0, 0x7f, 0xc0, 0xf, 0xf8, 0x1,
    0xff, 0xff, 0x38, 0xff, 0xe7, 0x0, 0x0, 0xe0,
    0x0, 0x0, 0x3f, 0xbf, 0x87, 0xf7, 0xf0, 0xe,
    0xce, 0x1f, 0xd9, 0xc3, 0xfb, 0x38, 0x60, 0x67,
    0xf, 0xef, 0xe1, 0xfd, 0xfc, 0x0,

    /* U+B2F4 "담" */
    0xff, 0xc7, 0x1f, 0xf8, 0xe3, 0x80, 0x1c, 0x70,
    0x3, 0x8e, 0x0, 0x7f, 0xc0, 0xf, 0xf8, 0x1,
    0xff, 0xff, 0x38, 0xff, 0xe7, 0x0, 0x0, 0xe0,
    0x0, 0x1c, 0x0, 0x0, 0x1, 0xff, 0xf0, 0x3f,
    0xfe, 0x7, 0x1, 0xc0, 0xe0, 0x38, 0x1c, 0x7,
    0x3, 0xff, 0xe0, 0x7f, 0xfc, 0x0,

    /* U+B2F5 "답" */
    0xff, 0xc7, 0x1f, 0xf8, 0xe3, 0x80, 0x1c, 0x70,
    0x3, 0x8e, 0x0, 0x7f, 0xc0, 0xf, 0xf8, 0x1,
    0xff, 0xff, 0x38, 0xff, 0xe7, 0x0, 0x0, 0xe0,
    0x0, 0x1c, 0xe, 0x3, 0x81, 0xc0, 0x70, 0x3f,
    0xfe, 0x7, 0xff, 0xc0, 0xe0, 0x38, 0x1c, 0x7,
    0x3, 0xff, 0xe0, 0x7f, 0xfc, 0x0,

    /* U+B2F7 "닷" */
    0xff, 0xc7, 0x1f, 0xf8, 0xe3, 0x80, 0x1c, 0x70,
    0x3, 0x8e, 0x0, 0x7f, 0xc0, 0xf, 0xf8, 0x1,
    0xc7, 0x0, 0x38, 0xff, 0xe7, 0x1f, 0xfc, 0xe0,
    0x0, 0x1c, 0x0, 0x3, 0x80, 0x1c, 0x70, 0x3,
    0x80, 0x0, 0x70, 0x0, 0x1f, 0x0, 0x7, 0xf0,
    0x1, 0xef, 0x81, 0xf8, 0x7e, 0x3c, 0x7, 0xc2,
    0x0, 0x10,

    /* U+B2F9 "당" */
    0xff, 0xc7, 0x1f, 0xf8, 0xe3, 0x80, 0x1c, 0x70,
    0x3, 0x8e, 0x0, 0x7f, 0xc0, 0xf, 0xf8, 0x1,
    0xc7, 0xff, 0x38, 0xff, 0xe7, 0x0, 0x0, 0xe0,
    0x0, 0x1c, 0x0, 0x3, 0x80, 0x3f, 0x80, 0x1f,
    0xfc, 0x7, 0x3, 0xc0, 0xc0, 0x38, 0x1c, 0xf,
    0x1, 0xff, 0xc0, 0x1f, 0xe0, 0x0,

    /* U+B2FF "닿" */
    0xff, 0xc3, 0x1f, 0xf8, 0x63, 0x80, 0xc, 0x70,
    0x1, 0x8e, 0x0, 0x3f, 0xc0, 0x7, 0xff, 0xfc,
    0xc7, 0xff, 0x98, 0x0, 0x3, 0x0, 0x1c, 0x60,
    0x3, 0x80, 0x1f, 0xff, 0xc3, 0xff, 0xf8, 0x0,
    0x0, 0x1, 0xff, 0x0, 0x7f, 0xf8, 0x1c, 0x7,
    0x1, 0xff, 0xe0, 0x1f, 0xf0, 0x0,

    /* U+B300 "대" */
    0x0, 0x39, 0xff, 0xee, 0x7f, 0xfb, 0x9f, 0x80,
    0xe7, 0xe0, 0x39, 0xf8, 0xe, 0x7e, 0x3, 0x9f,
    0x80, 0xff, 0xe0, 0x3f, 0xf8, 0xe, 0x7e, 0x3,
    0x9f, 0x80, 0xe7, 0xff, 0xb9, 0xff, 0xee, 0x70,
    0x3, 0x9c, 0x0, 0xe7, 0x0, 0x39, 0xc0, 0xe,
    0x70, 0x3, 0x9c,

    /* U+B301 "댁" */
    0xff, 0xb9, 0xff, 0xee, 0x7e, 0x3, 0x9f, 0x80,
    0xe7, 0xe0, 0x3f, 0xf8, 0xf, 0xfe, 0x3, 0xff,
    0xfe, 0xe7, 0xff, 0xb9, 0xc0, 0xe, 0x70, 0x3,
    0x9c, 0x0, 0x7, 0xf, 0xff, 0xc3, 0xff, 0xf0,
    0x0, 0x1c, 0x0, 0x7, 0x0, 0x1, 0xc0, 0x0,
    0x70, 0x0, 0x1c,

    /* U+B310 "댐" */
    0xff, 0xb9, 0xff, 0xee, 0x7e, 0x3, 0x9f, 0x80,
    0xe7, 0xe0, 0x3f, 0xf8, 0xf, 0xfe, 0x3, 0xff,
    0xfe, 0xe7, 0xff, 0xb9, 0xc0, 0xe, 0x70, 0x3,
    0x9c, 0x0, 0x0, 0xf, 0xff, 0xc3, 0xff, 0xf0,
    0xe0, 0x1c, 0x38, 0x7, 0xe, 0x1, 0xc3, 0xff,
    0xf0, 0xff, 0xfc,

    /* U+B354 "더" */
    0x0, 0x3, 0xff, 0xf1, 0xff, 0xf8, 0xfc, 0x0,
    0x7e, 0x0, 0x3f, 0x0, 0x1f, 0x83, 0xff, 0xc1,
    0xff, 0xe0, 0x3, 0xf0, 0x1, 0xf8, 0x0, 0xfc,
    0x0, 0x7f, 0xff, 0x3f, 0xff, 0x9c, 0x0, 0xe,
    0x0, 0x7, 0x0, 0x3, 0x80, 0x1, 0xc0, 0x0,
    0xe0,

    /* U+B355 "덕" */
    0xff, 0xe3, 0xff, 0xf1, 0xf8, 0x0, 0xfc, 0x0,
    0x7e, 0x7, 0xff, 0x3, 0xff, 0x80, 0xf, 0xc0,
    0x7, 0xff, 0xe3, 0xff, 0xf1, 0xc0, 0x0, 0xe0,
    0x0, 0x1, 0xff, 0xf8, 0xff, 0xfc, 0x0, 0xe,
    0x0, 0x7, 0x0, 0x3, 0x80, 0x1, 0xc0, 0x0,
    0xe0,

    /* U+B35C "덜" */
    0xff, 0xe3, 0xbf, 0xf8, 0xee, 0x0, 0x3b, 0x81,
    0xfe, 0xe0, 0x7f, 0xb8, 0x0, 0xee, 0x0, 0x3b,
    0xff, 0x8e, 0xff, 0xe3, 0x80, 0x0, 0xe0, 0x0,
    0x0, 0x7f, 0xfe, 0x1f, 0xff, 0x80, 0x0, 0xe1,
    0xff, 0xf8, 0x7f, 0xfe, 0x1c, 0x0, 0x7, 0xff,
    0xf1, 0xff, 0xfc,

    /* U+B364 "덤" */
    0xff, 0xe3, 0xff, 0xf1, 0xf8, 0x0, 0xfc, 0x0,
    0x7e, 0x7, 0xff, 0x3, 0xff, 0x80, 0xf, 0xc0,
    0x7, 0xff, 0xe3, 0xff, 0xf1, 0xc0, 0x0, 0xe0,
    0x0, 0x1, 0xff, 0xf8, 0xff, 0xfc, 0x70, 0xe,
    0x38, 0x7, 0x1c, 0x3, 0x8f, 0xff, 0xc7, 0xff,
    0xe0,

    /* U+B365 "덥" */
    0xff, 0xe3, 0xff, 0xf1, 0xf8, 0x0, 0xfc, 0x0,
    0x7e, 0x7, 0xff, 0x3, 0xff, 0x80, 0xf, 0xff,
    0xc7, 0xff, 0xe3, 0x80, 0x1, 0xc0, 0x0, 0xe3,
    0x80, 0x71, 0xc0, 0x38, 0xff, 0xfc, 0x7f, 0xfe,
    0x38, 0x7, 0x1c, 0x3, 0x8f, 0xff, 0xc7, 0xff,
    0xe0,

    /* U+B367 "덧" */
    0xff, 0xe3, 0x9f, 0xfc, 0x73, 0x80, 0xe, 0x70,
    0x1, 0xce, 0x7, 0xf9, 0xc0, 0xff, 0x38, 0x0,
    0xe7, 0x0, 0x1c, 0xff, 0xe3, 0x9f, 0xfc, 0x70,
    0x0, 0xe, 0x0, 0x1, 0xc0, 0x6, 0x38, 0x0,
    0xc0, 0x0, 0x3c, 0x0, 0xf, 0xc0, 0x3, 0xfc,
    0x1, 0xf3, 0xe0, 0xf8, 0x1f, 0x1c, 0x0, 0xe0,

    /* U+B369 "덩" */
    0xff, 0xe3, 0xff, 0xf1, 0xf8, 0x0, 0xfc, 0x0,
    0x7e, 0x7, 0xff, 0x3, 0xff, 0x80, 0xf, 0xc0,
    0x7, 0xff, 0xe3, 0xff, 0xf1, 0xc0, 0x0, 0xe0,
    0x3f, 0x80, 0x7f, 0xf0, 0x70, 0x3c, 0x30, 0xe,
    0x18, 0x7, 0xe, 0x7, 0x83, 0xff, 0x80, 0x7f,
    0x0,

    /* U+B36E "덮" */
    0xff, 0xe3, 0xff, 0xf1, 0xf8, 0x0, 0xfc, 0x0,
    0x7e, 0x7, 0xff, 0x3, 0xff, 0x80, 0xf, 0xc0,
    0x7, 0xff, 0xe3, 0xff, 0xf1, 0xc0, 0x0, 0xe0,
    0x0, 0x1, 0xff, 0xf8, 0xff, 0xfc, 0x1c, 0x70,
    0xe, 0x38, 0x7, 0x1c, 0x1f, 0xff, 0xcf, 0xff,
    0xe0,

    /* U+B370 "데" */
    0x0, 0x3b, 0xff, 0x9d, 0xff, 0xce, 0xfc, 0x7,
    0x7e, 0x3, 0xbf, 0x1, 0xdf, 0x8f, 0xef, 0xc7,
    0xf7, 0xe0, 0x3b, 0xf0, 0x1d, 0xf8, 0xe, 0xfc,
    0x7, 0x7f, 0xfb, 0xbf, 0xfd, 0xdc, 0x0, 0xee,
    0x0, 0x77, 0x0, 0x3b, 0x80, 0x1d, 0xc0, 0xe,
    0xe0,

    /* U+B378 "델" */
    0xff, 0x39, 0xff, 0xce, 0x7e, 0x3, 0x9f, 0x80,
    0xe7, 0xe3, 0xf9, 0xf8, 0xfe, 0x7e, 0x3, 0x9f,
    0xfe, 0xe7, 0xff, 0xb9, 0xc0, 0xe, 0x70, 0x0,
    0x0, 0x3f, 0xff, 0xf, 0xff, 0xc0, 0x0, 0x70,
    0xff, 0xfc, 0x3f, 0xff, 0xe, 0x0, 0x3, 0xff,
    0xf0, 0xff, 0xfc,

    /* U+B3C4 "도" */
    0x1f, 0xff, 0x83, 0xff, 0xf0, 0x70, 0x0, 0xe,
    0x0, 0x1, 0xc0, 0x0, 0x38, 0x0, 0x7, 0x0,
    0x0, 0xe0, 0x0, 0x1f, 0xff, 0x83, 0xff, 0xf0,
    0x3, 0x80, 0x0, 0x70, 0x0, 0xe, 0x0, 0x1,
    0xc0, 0x3f, 0xff, 0xff, 0xff, 0xff,

    /* U+B3C5 "독" */
    0x1f, 0xff, 0x3, 0xff, 0xe0, 0x70, 0x0, 0xe,
    0x0, 0x1, 0xc0, 0x0, 0x3f, 0xfe, 0x7, 0xff,
    0xc0, 0x7, 0x0, 0x0, 0xe0, 0x1f, 0xff, 0xff,
    0xff, 0xff, 0x80, 0x0, 0x0, 0x0, 0x0, 0x3f,
    0xfe, 0x7, 0xff, 0xc0, 0x0, 0x18, 0x0, 0x3,
    0x0, 0x0, 0x60, 0x0, 0xc, 0x0,

    /* U+B3C8 "돈" */
    0x1f, 0xff, 0x83, 0xff, 0xf0, 0x70, 0x0, 0xe,
    0x0, 0x1, 0xc0, 0x0, 0x3f, 0xff, 0x7, 0xff,
    0xe0, 0x7, 0x0, 0x0, 0xe0, 0x0, 0x1c, 0x3,
    0xff, 0xff, 0xff, 0xff, 0xf0, 0x0, 0x0, 0x38,
    0x0, 0x7, 0x0, 0x0, 0xe0, 0x0, 0x1c, 0x0,
    0x3, 0xff, 0xf0, 0x7f, 0xfe, 0x0,

    /* U+B3CC "돌" */
    0x1f, 0xff, 0x83, 0xff, 0xf0, 0x70, 0x0, 0xe,
    0x0, 0x1, 0xff, 0xf8, 0x3f, 0xff, 0x0, 0x38,
    0x0, 0x7, 0x0, 0xff, 0xff, 0xff, 0xff, 0xfc,
    0x0, 0x0, 0xf, 0xff, 0xc1, 0xff, 0xf8, 0x0,
    0x7, 0x7, 0xff, 0xe0, 0xff, 0xfc, 0x1c, 0x0,
    0x3, 0xff, 0xf0, 0x7f, 0xfe, 0x0,

    /* U+B3D9 "동" */
    0x1f, 0xff, 0x3, 0xff, 0xe0, 0x70, 0x0, 0xe,
    0x0, 0x1, 0xc0, 0x0, 0x3f, 0xfe, 0x7, 0xff,
    0xc0, 0x7, 0x0, 0x0, 0xe0, 0x1f, 0xff, 0xff,
    0xff, 0xff, 0x80, 0x0, 0x0, 0x3f, 0x80, 0x1f,
    0xfc, 0x7, 0x1, 0xc0, 0xe0, 0x38, 0x1c, 0x7,
    0x1, 0xff, 0xc0, 0x1f, 0xf0, 0x0,

    /* U+B418 "되" */
    0x0, 0x0, 0xe7, 0xff, 0x1c, 0xff, 0xe3, 0x9c,
    0x0, 0x73, 0x80, 0xe, 0x70, 0x1, 0xce, 0x0,
    0x39, 0xc0, 0x7, 0x3f, 0xf8, 0xe7, 0xff, 0x1c,
    0xe, 0x3, 0x81, 0xc0, 0x70, 0x38, 0xe, 0x7,
    0x1, 0xc0, 0xe0, 0x3f, 0xff, 0xf7, 0xff, 0xfe,
    0xe0, 0x0, 0x1c, 0x0, 0x3, 0x80,

    /* U+B450 "두" */
    0x1f, 0xff, 0x83, 0xff, 0xf0, 0x70, 0x0, 0xe,
    0x0, 0x1, 0xc0, 0x0, 0x38, 0x0, 0x7, 0xff,
    0xe0, 0xff, 0xfc, 0x0, 0x0, 0x0, 0x0, 0x3,
    0xff, 0xff, 0xff, 0xff, 0xf0, 0xe, 0x0, 0x1,
    0xc0, 0x0, 0x38, 0x0, 0x7, 0x0, 0x0, 0xe0,
    0x0, 0x1c, 0x0, 0x3, 0x80, 0x0,

    /* U+B460 "둠" */
    0x1f, 0xff, 0x3, 0xff, 0xe0, 0x70, 0x0, 0xe,
    0x0, 0x1, 0xff, 0xf0, 0x3f, 0xfe, 0x0, 0x0,
    0x0, 0x0, 0x0, 0xff, 0xff, 0xff, 0xff, 0xfc,
    0x3, 0x80, 0x0, 0x70, 0x1, 0xff, 0xf0, 0x3f,
    0xfe, 0x7, 0x0, 0xc0, 0xe0, 0x18, 0x1c, 0x3,
    0x3, 0xff, 0xe0, 0x7f, 0xfc, 0x0,

    /* U+B461 "둡" */
    0x1f, 0xff, 0x3, 0xff, 0xe0, 0x70, 0x0, 0xe,
    0x0, 0x1, 0xff, 0xf0, 0x3f, 0xfe, 0x0, 0x0,
    0x0, 0x0, 0x0, 0xff, 0xff, 0xff, 0xff, 0xfc,
    0x3, 0x80, 0xe, 0x71, 0x81, 0xc0, 0x30, 0x38,
    0x6, 0x7, 0xff, 0xc0, 0xff, 0xf8, 0x1c, 0x3,
    0x3, 0xff, 0xe0, 0x7f, 0xfc, 0x0,

    /* U+B4DC "드" */
    0x1f, 0xff, 0x83, 0xff, 0xf0, 0x70, 0x0, 0xe,
    0x0, 0x1, 0xc0, 0x0, 0x38, 0x0, 0x7, 0x0,
    0x0, 0xff, 0xfc, 0x1f, 0xff, 0x80, 0x0, 0x0,
    0x0, 0x0, 0x0, 0x0, 0x0, 0x0, 0x0, 0x0,
    0x0, 0x3f, 0xff, 0xff, 0xff, 0xff,

    /* U+B4DD "득" */
    0x1f, 0xff, 0x3, 0xff, 0xe0, 0x70, 0x0, 0xe,
    0x0, 0x1, 0xc0, 0x0, 0x3f, 0xfe, 0x7, 0xff,
    0xc0, 0x0, 0x0, 0x0, 0x0, 0x1f, 0xff, 0xff,
    0xff, 0xff, 0x80, 0x0, 0x0, 0x0, 0x0, 0x3f,
    0xfe, 0x7, 0xff, 0xc0, 0x0, 0x18, 0x0, 0x3,
    0x0, 0x0, 0x60, 0x0, 0xc, 0x0,

    /* U+B4E0 "든" */
    0x1f, 0xff, 0x83, 0xff, 0xf0, 0x70, 0x0, 0xe,
    0x0, 0x1, 0xc0, 0x0, 0x38, 0x0, 0x7, 0xff,
    0xe0, 0xff, 0xfc, 0x0, 0x0, 0x0, 0x0, 0x3,
    0xff, 0xff, 0xff, 0xff, 0xf0, 0x0, 0x0, 0x38,
    0x0, 0x7, 0x0, 0x0, 0xe0, 0x0, 0x1c, 0x0,
    0x3, 0xff, 0xf0, 0x7f, 0xfe, 0x0,

    /* U+B4E3 "듣" */
    0x1f, 0xff, 0x83, 0xff, 0xf0, 0x70, 0x0, 0xe,
    0x0, 0x1, 0xff, 0xf8, 0x3f, 0xff, 0x0, 0x0,
    0x0, 0x0, 0x0, 0xff, 0xff, 0xff, 0xff, 0xfc,
    0x0, 0x0, 0x0, 0x0, 0x1, 0xff, 0xf8, 0x3f,
    0xff, 0x7, 0x0, 0x0, 0xe0, 0x0, 0x1c, 0x0,
    0x3, 0xff, 0xf0, 0x7f, 0xfe, 0x0,

    /* U+B4E4 "들" */
    0x1f, 0xff, 0x83, 0xff, 0xf0, 0x70, 0x0, 0xe,
    0x0, 0x1, 0xff, 0xf8, 0x3f, 0xff, 0x0, 0x0,
    0x0, 0x0, 0x0, 0xff, 0xff, 0xff, 0xff, 0xfc,
    0x0, 0x0, 0xf, 0xff, 0xc1, 0xff, 0xf8, 0x0,
    0x7, 0x7, 0xff, 0xe0, 0xff, 0xfc, 0x1c, 0x0,
    0x3, 0xff, 0xf0, 0x7f, 0xfe, 0x0,

    /* U+B4EC "듬" */
    0x1f, 0xff, 0x3, 0xff, 0xe0, 0x70, 0x0, 0xe,
    0x0, 0x1, 0xff, 0xf0, 0x3f, 0xfe, 0x0, 0x0,
    0x0, 0x0, 0x0, 0xff, 0xff, 0xff, 0xff, 0xfc,
    0x0, 0x0, 0x0, 0x0, 0x1, 0xff, 0xf0, 0x3f,
    0xfe, 0x7, 0x0, 0xc0, 0xe0, 0x18, 0x1c, 0x3,
    0x3, 0xff, 0xe0, 0x7f, 0xfc, 0x0,

    /* U+B4ED "듭" */
    0x1f, 0xff, 0x3, 0xff, 0xe0, 0x70, 0x0, 0xe,
    0x0, 0x1, 0xff, 0xf0, 0x3f, 0xfe, 0x0, 0x0,
    0x0, 0x0, 0x0, 0xff, 0xff, 0xff, 0xff, 0xfc,
    0x0, 0x0, 0xe, 0x1, 0x81, 0xc0, 0x30, 0x38,
    0x6, 0x7, 0xff, 0xc0, 0xff, 0xf8, 0x1c, 0x3,
    0x3, 0xff, 0xe0, 0x7f, 0xfc, 0x0,

    /* U+B4F1 "등" */
    0x1f, 0xff, 0x3, 0xff, 0xe0, 0x70, 0x0, 0xe,
    0x0, 0x1, 0xc0, 0x0, 0x3f, 0xfe, 0x7, 0xff,
    0xc0, 0x0, 0x0, 0x0, 0x0, 0x1f, 0xff, 0xff,
    0xff, 0xff, 0x80, 0x0, 0x0, 0x3f, 0x80, 0x1f,
    0xfc, 0x7, 0x1, 0xc0, 0xe0, 0x38, 0x1c, 0x7,
    0x1, 0xff, 0xc0, 0x1f, 0xf0, 0x0,

    /* U+B514 "디" */
    0x0, 0x3, 0xff, 0xf1, 0xff, 0xf8, 0xfc, 0x0,
    0x7e, 0x0, 0x3f, 0x0, 0x1f, 0x80, 0xf, 0xc0,
    0x7, 0xe0, 0x3, 0xf0, 0x1, 0xf8, 0x0, 0xfc,
    0x0, 0x7f, 0xff, 0x3f, 0xff, 0x9c, 0x0, 0xe,
    0x0, 0x7, 0x0, 0x3, 0x80, 0x1, 0xc0, 0x0,
    0xe0,

    /* U+B52A "딪" */
    0xff, 0xe7, 0x3f, 0xf9, 0xce, 0x0, 0x73, 0x80,
    0x1c, 0xe0, 0x7, 0x38, 0x1, 0xce, 0x0, 0x73,
    0xff, 0x9c, 0xff, 0xe7, 0x0, 0x1, 0xc0, 0x0,
    0x70, 0x0, 0x0, 0x3f, 0xff, 0xf, 0xff, 0xc0,
    0x1e, 0x0, 0xf, 0xc0, 0x7, 0xbc, 0x1f, 0xc7,
    0xe7, 0xc0, 0xf8, 0xc0, 0xc,

    /* U+B530 "따" */
    0x0, 0x3, 0x8f, 0xdf, 0xb8, 0xfd, 0xfb, 0x8e,
    0x1c, 0x38, 0xe1, 0xc3, 0x8e, 0x1c, 0x38, 0xe1,
    0xc3, 0x8e, 0x1c, 0x3f, 0xe1, 0xc3, 0xfe, 0x1c,
    0x38, 0xe1, 0xc3, 0x8e, 0x1c, 0x38, 0xfd, 0xfb,
    0x8f, 0xdf, 0xf8, 0x0, 0x3, 0x80, 0x0, 0x38,
    0x0, 0x3, 0x80, 0x0, 0x38, 0x0, 0x3, 0x80,

    /* U+B545 "땅" */
    0xfd, 0xfb, 0x8f, 0xdf, 0xb8, 0xe1, 0xc3, 0x8e,
    0x1c, 0x38, 0xe1, 0xc3, 0xfe, 0x1c, 0x3f, 0xe1,
    0xc3, 0x8e, 0x1c, 0x38, 0xfd, 0xfb, 0x8f, 0xdf,
    0xf8, 0x0, 0x3, 0x80, 0x0, 0x38, 0x3, 0xfc,
    0x0, 0xff, 0xf0, 0x1e, 0x7, 0x81, 0xc0, 0x38,
    0x1e, 0x7, 0x80, 0xff, 0xf0, 0x3, 0xfc, 0x0,

    /* U+B54C "때" */
    0x0, 0x1d, 0xff, 0xf7, 0x7f, 0xfd, 0xdf, 0x9c,
    0x77, 0xe7, 0x1d, 0xf9, 0xc7, 0x7e, 0x71, 0xdf,
    0x9c, 0x7f, 0xe7, 0x1f, 0xf9, 0xc7, 0x7e, 0x71,
    0xdf, 0x9c, 0x77, 0xff, 0xdd, 0xff, 0xff, 0x70,
    0x1, 0xdc, 0x0, 0x77, 0x0, 0x1d, 0xc0, 0x7,
    0x70, 0x1, 0xdc,

    /* U+B5A1 "떡" */
    0xff, 0xf3, 0xff, 0xf9, 0xf8, 0xe0, 0xfc, 0x70,
    0x7e, 0x39, 0xff, 0x1c, 0xff, 0x8e, 0xf, 0xc7,
    0x7, 0xff, 0xfb, 0xff, 0xfd, 0xc0, 0x0, 0xe0,
    0x0, 0x71, 0xff, 0xf8, 0xff, 0xfc, 0x0, 0xe,
    0x0, 0x7, 0x0, 0x3, 0x80, 0x1, 0xc0, 0x0,
    0xe0,

    /* U+B6B1 "뚱" */
    0x3f, 0xbf, 0xc7, 0xf7, 0xf8, 0xe0, 0xe0, 0x1c,
    0x1c, 0x3, 0xff, 0xfc, 0x7f, 0xff, 0x80, 0x0,
    0x0, 0x0, 0x0, 0xff, 0xff, 0xff, 0xff, 0xfc,
    0x1, 0x80, 0x0, 0x30, 0x0, 0x7f, 0xe0, 0x1f,
    0xfe, 0x7, 0x1, 0xe0, 0xe0, 0x1c, 0x1c, 0x7,
    0x81, 0xff, 0xe0, 0xf, 0xf0, 0x0,

    /* U+B728 "뜨" */
    0x3f, 0xbf, 0xc7, 0xf7, 0xf8, 0xe0, 0xe0, 0x1c,
    0x1c, 0x3, 0x83, 0x80, 0x70, 0x70, 0xe, 0xe,
    0x1, 0xff, 0xfe, 0x3f, 0xff, 0xc0, 0x0, 0x0,
    0x0, 0x0, 0x0, 0x0, 0x0, 0x0, 0x0, 0x0,
    0x0, 0x3f, 0xff, 0xff, 0xff, 0xff,

    /* U+B729 "뜩" */
    0x3f, 0xbf, 0xc7, 0xf7, 0xf8, 0xe0, 0xe0, 0x1c,
    0x1c, 0x3, 0x83, 0x80, 0x7f, 0xff, 0x8f, 0xff,
    0xf0, 0x0, 0x0, 0x0, 0x0, 0x1f, 0xff, 0xff,
    0xff, 0xff, 0x80, 0x0, 0x0, 0x0, 0x0, 0x7f,
    0xff, 0xf, 0xff, 0xe0, 0x0, 0x1c, 0x0, 0x3,
    0x80, 0x0, 0x70, 0x0, 0xe, 0x0,

    /* U+B77C "라" */
    0x0, 0x7, 0x1f, 0xf8, 0xe3, 0xff, 0x1c, 0x0,
    0xe3, 0x80, 0x1c, 0x70, 0x3, 0x8e, 0x3f, 0xf1,
    0xc7, 0xfe, 0x3f, 0xe0, 0x7, 0xfc, 0x0, 0xe3,
    0x80, 0x1c, 0x70, 0x3, 0x8e, 0x1, 0x71, 0xff,
    0xee, 0x3f, 0xfd, 0xc0, 0x0, 0x38, 0x0, 0x7,
    0x0, 0x0, 0xe0, 0x0, 0x1c, 0x0,

    /* U+B77D "락" */
    0xff, 0xc7, 0x1f, 0xf8, 0xe0, 0x7, 0x1c, 0x0,
    0xe3, 0x8f, 0xfc, 0x71, 0xff, 0x8f, 0xff, 0xf1,
    0xff, 0x0, 0x38, 0xff, 0xf7, 0x1f, 0xfe, 0xe0,
    0x0, 0x1c, 0x0, 0x3, 0x83, 0xff, 0xf0, 0x7f,
    0xfe, 0x0, 0x1, 0xc0, 0x0, 0x38, 0x0, 0x7,
    0x0, 0x0, 0xe0, 0x0, 0x1c, 0x0,

    /* U+B780 "란" */
    0xff, 0xc7, 0x1f, 0xf8, 0xe0, 0x7, 0x1c, 0x0,
    0xe3, 0x80, 0x1c, 0x71, 0xff, 0x8e, 0x3f, 0xf1,
    0xff, 0x0, 0x3f, 0xe0, 0x7, 0x1f, 0xfe, 0xe3,
    0xff, 0xdc, 0x0, 0x3, 0x80, 0x0, 0x70, 0x30,
    0xe, 0x6, 0x1, 0xc0, 0xc0, 0x0, 0x18, 0x0,
    0x3, 0xff, 0xf0, 0x7f, 0xfe, 0x0,

    /* U+B78C "람" */
    0xff, 0xc7, 0x1f, 0xf8, 0xe0, 0x7, 0x1c, 0x0,
    0xe3, 0x8f, 0xfc, 0x7f, 0xff, 0x8f, 0xf8, 0x1,
    0xc7, 0x0, 0x38, 0xff, 0xf7, 0x1f, 0xfe, 0xe0,
    0x0, 0x1c, 0x0, 0x3, 0x81, 0xff, 0xf0, 0x3f,
    0xfe, 0x6, 0x1, 0xc0, 0xc0, 0x38, 0x18, 0x7,
    0x3, 0xff, 0xe0, 0x7f, 0xfc, 0x0,

    /* U+B78D "랍" */
    0xff, 0xc7, 0x1f, 0xf8, 0xe0, 0x7, 0x1c, 0x0,
    0xe3, 0x8f, 0xfc, 0x7f, 0xff, 0x8f, 0xf8, 0x1,
    0xc7, 0x0, 0x38, 0xff, 0xf7, 0x1f, 0xfe, 0xe0,
    0x0, 0x1c, 0xc, 0x3, 0x81, 0x80, 0x70, 0x30,
    0xe, 0x7, 0xff, 0xc0, 0xff, 0xf8, 0x18, 0x7,
    0x3, 0xff, 0xe0, 0x7f, 0xfc, 0x0,

    /* U+B791 "랑" */
    0xff, 0xc7, 0x1f, 0xf8, 0xe0, 0x7, 0x1c, 0x0,
    0xe3, 0x8f, 0xfc, 0x7f, 0xff, 0x8f, 0xf8, 0x1,
    0xc7, 0x0, 0x38, 0xff, 0xf7, 0x1f, 0xfe, 0xe0,
    0x0, 0x1c, 0x0, 0x3, 0x80, 0x3f, 0x80, 0x1f,
    0xfc, 0x7, 0x3, 0xc0, 0xc0, 0x38, 0x1c, 0xf,
    0x1, 0xff, 0xc0, 0x1f, 0xe0, 0x0,

    /* U+B797 "랗" */
    0xff, 0xc3, 0x1f, 0xf8, 0x60, 0x7, 0xc, 0x7f,
    0xe1, 0x8f, 0xfc, 0x3f, 0xc0, 0x7, 0xf8, 0x4,
    0xc7, 0xff, 0x98, 0xff, 0xf3, 0x0, 0x1c, 0x60,
    0x3, 0x80, 0x1f, 0xff, 0xc3, 0xff, 0xf8, 0x0,
    0x0, 0x1, 0xff, 0x0, 0xff, 0xf8, 0x1c, 0x7,
    0x1, 0xff, 0xe0, 0x1f, 0xf0, 0x0,

    /* U+B798 "래" */
    0xff, 0xb9, 0xff, 0xee, 0x70, 0x3b, 0x9c, 0xe,
    0xe7, 0x3, 0xb9, 0xc0, 0xee, 0x7f, 0xfb, 0x9f,
    0xfe, 0xe7, 0xff, 0xbf, 0xf8, 0xf, 0xfe, 0x3,
    0x9f, 0x80, 0xe7, 0xe0, 0x39, 0xff, 0xfe, 0x7f,
    0xff, 0x9c, 0x0, 0xe7, 0x0, 0x39, 0xc0, 0xe,
    0x70, 0x3, 0x9c,

    /* U+B799 "랙" */
    0xff, 0xb9, 0xff, 0xee, 0x70, 0x3b, 0x9c, 0xe,
    0xe7, 0xff, 0xb9, 0xff, 0xef, 0xff, 0xfb, 0xff,
    0x80, 0xe7, 0xff, 0xf9, 0xff, 0xfe, 0x70, 0x3,
    0x9c, 0x0, 0x7, 0xf, 0xff, 0xc3, 0xff, 0xf0,
    0x0, 0x1c, 0x0, 0x7, 0x0, 0x1, 0xc0, 0x0,
    0x70, 0x0, 0x1c,

    /* U+B79C "랜" */
    0xff, 0xb9, 0xff, 0xee, 0x70, 0x3b, 0x9c, 0xe,
    0xe7, 0xff, 0xb9, 0xff, 0xef, 0xff, 0xfb, 0xff,
    0x80, 0xe7, 0xe0, 0x39, 0xff, 0xfe, 0x7f, 0xff,
    0x9c, 0x0, 0xe7, 0xe, 0x39, 0xc3, 0x80, 0x70,
    0xe0, 0x1c, 0x38, 0x0, 0xe, 0x0, 0x3, 0xff,
    0xf0, 0xff, 0xfc,

    /* U+B7A8 "램" */
    0xff, 0x39, 0xff, 0xce, 0x70, 0x33, 0x9c, 0xc,
    0xe7, 0xff, 0x39, 0xff, 0xcf, 0xff, 0xf3, 0xff,
    0x80, 0xe7, 0xff, 0xb9, 0xff, 0xee, 0x70, 0x3,
    0x9c, 0x0, 0x7, 0xf, 0xff, 0xc3, 0xff, 0xf0,
    0xe0, 0x1c, 0x38, 0x7, 0xe, 0x1, 0xc3, 0xff,
    0xf0, 0xff, 0xfc,

    /* U+B7AB "랫" */
    0xff, 0xb9, 0xdf, 0xf7, 0x38, 0xe, 0xe7, 0x1,
    0xdc, 0xe0, 0x3b, 0x9d, 0xff, 0x7f, 0xbf, 0xef,
    0xf7, 0x1, 0xce, 0xe0, 0x39, 0xdf, 0xff, 0x3b,
    0xff, 0xe7, 0x0, 0x0, 0xe0, 0x6, 0x1c, 0x0,
    0xc0, 0x0, 0x38, 0x0, 0xf, 0x80, 0x3, 0xb8,
    0x0, 0xf3, 0xc1, 0xf8, 0x3f, 0x9e, 0x1, 0xe0,
    0x0, 0x0,

    /* U+B7C9 "량" */
    0xff, 0xc7, 0x1f, 0xf8, 0xe0, 0x7, 0x1f, 0x80,
    0xe3, 0xff, 0xfc, 0x71, 0xff, 0x8e, 0x38, 0x1,
    0xc7, 0x0, 0x3f, 0xff, 0xf7, 0xff, 0xfe, 0xe0,
    0x0, 0x1c, 0x0, 0x3, 0x80, 0x3f, 0x80, 0x1f,
    0xfc, 0x7, 0x3, 0xc0, 0xc0, 0x38, 0x1c, 0xf,
    0x1, 0xff, 0xc0, 0x1f, 0xe0, 0x0,

    /* U+B7EC "러" */
    0x0, 0x3, 0xff, 0xe1, 0xff, 0xf0, 0xe0, 0x38,
    0x70, 0x1c, 0x38, 0xe, 0x1c, 0x7, 0xf, 0xff,
    0xff, 0xff, 0xff, 0xf0, 0x1, 0xf8, 0x0, 0xfc,
    0x0, 0x7e, 0x0, 0x3f, 0xff, 0x1f, 0xff, 0x8e,
    0x0, 0x7, 0x0, 0x3, 0x80, 0x1, 0xc0, 0x0,
    0xe0,

    /* U+B7ED "럭" */
    0xff, 0xc3, 0xff, 0xe1, 0xc0, 0x70, 0xe0, 0x38,
    0x7f, 0xfd, 0xff, 0xfe, 0xff, 0x80, 0xf, 0xc0,
    0x7, 0xff, 0xe3, 0xff, 0xf1, 0xc0, 0x0, 0xe0,
    0x0, 0x71, 0xff, 0xf8, 0xff, 0xfc, 0x0, 0xe,
    0x0, 0x7, 0x0, 0x3, 0x80, 0x1, 0xc0, 0x0,
    0xe0,

    /* U+B7F0 "런" */
    0xff, 0xc3, 0xbf, 0xf0, 0xe0, 0x1c, 0x38, 0x7,
    0xe, 0x1, 0xdf, 0xbf, 0xf7, 0xef, 0xfd, 0xfb,
    0x80, 0xe, 0xe0, 0x3, 0xbf, 0xf8, 0xef, 0xfe,
    0x38, 0x0, 0xe, 0xc, 0x3, 0x83, 0x0, 0xe0,
    0xc0, 0x38, 0x30, 0x0, 0xc, 0x0, 0x3, 0xff,
    0xf0, 0xff, 0xfc,

    /* U+B7FC "럼" */
    0xff, 0xc3, 0xff, 0xe1, 0xc0, 0x70, 0xe0, 0x38,
    0x7f, 0xfd, 0xff, 0xfe, 0xff, 0x80, 0xf, 0xc0,
    0x7, 0xff, 0xe3, 0xff, 0xf1, 0xc0, 0x0, 0xe0,
    0x0, 0x1, 0xff, 0xf8, 0xff, 0xfc, 0x70, 0xe,
    0x38, 0x7, 0x1c, 0x3, 0x8f, 0xff, 0xc7, 0xff,
    0xe0,

    /* U+B7FD "럽" */
    0xff, 0xc3, 0xff, 0xe1, 0xc0, 0x70, 0xe0, 0x38,
    0x7f, 0xfd, 0xff, 0xfe, 0xff, 0x80, 0xf, 0xc0,
    0x7, 0xff, 0xe3, 0xff, 0xf1, 0xc0, 0x0, 0xe1,
    0x80, 0x70, 0xc0, 0x38, 0x60, 0x1c, 0x3f, 0xfe,
    0x1f, 0xff, 0xc, 0x3, 0x87, 0xff, 0xc3, 0xff,
    0xe0,

    /* U+B807 "렇" */
    0xff, 0xc3, 0xff, 0xe1, 0xc0, 0x70, 0xff, 0xfb,
    0xff, 0xfd, 0xff, 0x0, 0x1f, 0x80, 0xf, 0xff,
    0xc7, 0xff, 0xf3, 0x80, 0x71, 0xc0, 0x38, 0xe0,
    0x1c, 0x3, 0xff, 0xf9, 0xff, 0xfc, 0x1f, 0xf0,
    0x1f, 0xfe, 0x1c, 0x7, 0x7, 0xff, 0x81, 0xff,
    0x0,

    /* U+B808 "레" */
    0xff, 0x1d, 0xff, 0xc7, 0x70, 0x71, 0xdc, 0x1c,
    0x77, 0x7, 0x1d, 0xc1, 0xc7, 0x70, 0x71, 0xdf,
    0xfd, 0xf7, 0xff, 0x7d, 0xf8, 0x7, 0x7e, 0x1,
    0xdf, 0x80, 0x77, 0xe0, 0x1d, 0xff, 0xf7, 0x7f,
    0xfd, 0xdc, 0x0, 0x77, 0x0, 0x1d, 0xc0, 0x7,
    0x70, 0x1, 0xdc,

    /* U+B809 "렉" */
    0xff, 0x1d, 0xff, 0xc7, 0x70, 0x71, 0xdc, 0x1d,
    0xf7, 0xff, 0x7d, 0xff, 0xdf, 0x7e, 0x1, 0xdf,
    0x80, 0x77, 0xff, 0x9d, 0xff, 0xe7, 0x70, 0x1,
    0xdc, 0x0, 0x7, 0xf, 0xff, 0xc3, 0xff, 0xf0,
    0x0, 0x1c, 0x0, 0x7, 0x0, 0x1, 0xc0, 0x0,
    0x70, 0x0, 0x1c,

    /* U+B824 "려" */
    0x0, 0x3, 0xff, 0xe1, 0xff, 0xf0, 0xff, 0xf8,
    0x70, 0x1f, 0xf8, 0xf, 0xfc, 0x7, 0xf, 0xff,
    0x87, 0xff, 0xc3, 0xf0, 0x1f, 0xf8, 0xf, 0xfc,
    0x0, 0x7e, 0x0, 0x3f, 0xff, 0x1f, 0xff, 0x8e,
    0x0, 0x7, 0x0, 0x3, 0x80, 0x1, 0xc0, 0x0,
    0xe0,

    /* U+B825 "력" */
    0xff, 0xc3, 0xff, 0xe1, 0xc0, 0x77, 0xe0, 0x3b,
    0xff, 0xfc, 0x3f, 0xfe, 0x1f, 0x80, 0x7f, 0xc0,
    0x3f, 0xe0, 0x1f, 0xff, 0xe1, 0xff, 0xf8, 0xe0,
    0x0, 0x71, 0xff, 0xf8, 0xff, 0xfc, 0x0, 0xe,
    0x0, 0x7, 0x0, 0x3, 0x80, 0x1, 0xc0, 0x0,
    0xe0,

    /* U+B828 "련" */
    0xff, 0xc3, 0xbf, 0xf0, 0xe0, 0x1d, 0xf8, 0x7,
    0x7e, 0x1, 0xdf, 0xbf, 0xf0, 0xef, 0xfc, 0x3b,
    0x80, 0x7e, 0xe0, 0x1f, 0xbf, 0xf8, 0xef, 0xfe,
    0x38, 0x0, 0xe, 0xc, 0x3, 0x83, 0x0, 0xe0,
    0xc0, 0x38, 0x30, 0x0, 0xc, 0x0, 0x3, 0xff,
    0xf0, 0xff, 0xfc,

    /* U+B82C "렬" */
    0xff, 0xc3, 0xbf, 0xf0, 0xe0, 0x1d, 0xfb, 0xff,
    0xe, 0xff, 0xc3, 0xb8, 0x7, 0xee, 0x1, 0xfb,
    0xff, 0xe, 0xff, 0xe3, 0x80, 0x0, 0xe0, 0x0,
    0x0, 0x7f, 0xfe, 0x1f, 0xff, 0x80, 0x0, 0xe1,
    0xff, 0xf8, 0x7f, 0xfe, 0x1c, 0x0, 0x7, 0xff,
    0xf1, 0xff, 0xfc,

    /* U+B835 "렵" */
    0xff, 0xc3, 0xff, 0xe1, 0xc0, 0x77, 0xe0, 0x3b,
    0xff, 0xfc, 0x3f, 0xfe, 0x1f, 0x80, 0x7f, 0xc0,
    0x3f, 0xff, 0xc3, 0xff, 0xe1, 0xc0, 0x0, 0xe1,
    0x80, 0x70, 0xc0, 0x38, 0x60, 0x1c, 0x3f, 0xfe,
    0x1f, 0xff, 0xc, 0x3, 0x87, 0xff, 0xc3, 0xff,
    0xe0,

    /* U+B839 "령" */
    0xff, 0xc3, 0xff, 0xe1, 0xc0, 0x77, 0xe0, 0x3b,
    0xff, 0xfc, 0x3f, 0xfe, 0x1f, 0x80, 0x7f, 0xc0,
    0x3f, 0xff, 0xc3, 0xff, 0xf1, 0xc0, 0x0, 0xe0,
    0x0, 0x70, 0x1f, 0xc0, 0x3f, 0xf8, 0x38, 0x1e,
    0x18, 0x7, 0xe, 0x7, 0x83, 0xff, 0x80, 0xff,
    0x0,

    /* U+B840 "례" */
    0xff, 0x1d, 0xff, 0xc7, 0x70, 0x71, 0xdc, 0x1c,
    0x77, 0x7, 0xfd, 0xc1, 0xff, 0x70, 0x71, 0xdf,
    0xfc, 0x77, 0xff, 0x1d, 0xf8, 0x3f, 0x7e, 0xf,
    0xdf, 0x80, 0x77, 0xe0, 0x1d, 0xff, 0xe7, 0x7f,
    0xf9, 0xdc, 0x0, 0x77, 0x0, 0x1d, 0xc0, 0x7,
    0x70, 0x1, 0xdc,

    /* U+B85C "로" */
    0x1f, 0xff, 0x83, 0xff, 0xf0, 0x0, 0xe, 0x0,
    0x1, 0xc1, 0xff, 0xf8, 0x3f, 0xff, 0x7, 0x0,
    0x0, 0xe0, 0x0, 0x1c, 0x0, 0x3, 0xff, 0xf0,
    0x7f, 0xfe, 0x0, 0x70, 0x0, 0xe, 0x0, 0x1,
    0xc0, 0x3f, 0xff, 0xff, 0xff, 0xff,

    /* U+B85D "록" */
    0x1f, 0xff, 0x3, 0xff, 0xe0, 0x0, 0x1c, 0xf,
    0xff, 0x81, 0xff, 0xf0, 0x38, 0x0, 0x7, 0xff,
    0xe0, 0xff, 0xfc, 0x0, 0xe0, 0x0, 0x1c, 0x3,
    0xff, 0xff, 0xff, 0xff, 0xf0, 0x0, 0x0, 0x3f,
    0xff, 0x7, 0xff, 0xe0, 0x0, 0x1c, 0x0, 0x3,
    0x80, 0x0, 0x70, 0x0, 0xe, 0x0,

    /* U+B860 "론" */
    0x1f, 0xff, 0x83, 0xff, 0xf0, 0x0, 0xe, 0xf,
    0xff, 0xc1, 0xff, 0xf8, 0x38, 0x0, 0x7, 0x0,
    0x0, 0xff, 0xfc, 0x1f, 0xff, 0x80, 0x1c, 0x3,
    0xff, 0xff, 0xff, 0xff, 0xf0, 0x0, 0x0, 0x38,
    0x0, 0x7, 0x0, 0x0, 0xe0, 0x0, 0x1c, 0x0,
    0x3, 0xff, 0xf0, 0x7f, 0xfe, 0x0,

    /* U+B864 "롤" */
    0x1f, 0xff, 0x83, 0xff, 0xf0, 0x0, 0xe, 0xf,
    0xff, 0xc1, 0xc0, 0x0, 0x3f, 0xff, 0x7, 0xff,
    0xe0, 0x7, 0x0, 0x0, 0xe0, 0x1f, 0xff, 0xff,
    0xff, 0xff, 0x80, 0x0, 0x1, 0xff, 0xf8, 0x3f,
    0xff, 0x0, 0x0, 0xe0, 0xff, 0xfc, 0x1f, 0xff,
    0x83, 0xff, 0xf0, 0x7f, 0xfe, 0x0,

    /* U+B86D "롭" */
    0x1f, 0xff, 0x83, 0xff, 0xf0, 0x0, 0xe, 0xf,
    0xff, 0xc1, 0xff, 0xf8, 0x38, 0x0, 0x7, 0xff,
    0xe0, 0xff, 0xfc, 0x0, 0xe0, 0x1f, 0xff, 0xff,
    0xff, 0xff, 0x80, 0x0, 0x1, 0xc0, 0x38, 0x38,
    0x7, 0x7, 0xff, 0xe0, 0xff, 0xfc, 0x1c, 0x3,
    0x83, 0xff, 0xf0, 0x7f, 0xfe, 0x0,

    /* U+B86F "롯" */
    0x1f, 0xff, 0x83, 0xff, 0xf0, 0x0, 0xe, 0xf,
    0xff, 0xc1, 0xff, 0xf8, 0x38, 0x0, 0x7, 0xff,
    0xe0, 0xff, 0xfc, 0x0, 0xe0, 0x0, 0x1c, 0x3,
    0xff, 0xff, 0xff, 0xff, 0xf0, 0x0, 0x0, 0x1,
    0xc0, 0x0, 0x3c, 0x0, 0xf, 0xc0, 0x7, 0xfc,
    0x7, 0xe3, 0xf9, 0xf8, 0x1f, 0x18, 0x0, 0x40,

    /* U+B8CC "료" */
    0x1f, 0xff, 0x83, 0xff, 0xf0, 0x0, 0xe, 0x0,
    0x1, 0xc1, 0xff, 0xf8, 0x3f, 0xff, 0x7, 0x0,
    0x0, 0xe0, 0x0, 0x1c, 0x0, 0x3, 0xff, 0xf0,
    0x7f, 0xfe, 0x3, 0x87, 0x0, 0x70, 0xe0, 0xe,
    0x1c, 0x3f, 0xff, 0xff, 0xff, 0xff,

    /* U+B8E8 "루" */
    0x1f, 0xff, 0x83, 0xff, 0xf0, 0x0, 0xe, 0x0,
    0x1, 0xc1, 0xff, 0xf8, 0x3f, 0xff, 0x7, 0x0,
    0x0, 0xff, 0xfc, 0x1f, 0xff, 0x80, 0x0, 0x0,
    0x0, 0x0, 0x7f, 0xff, 0xff, 0xff, 0xfe, 0x1,
    0xc0, 0x0, 0x38, 0x0, 0x7, 0x0, 0x0, 0xe0,
    0x0, 0x1c, 0x0, 0x3, 0x80, 0x0,

    /* U+B8E9 "룩" */
    0x1f, 0xff, 0x3, 0xff, 0xe0, 0x0, 0x1c, 0xf,
    0xff, 0x81, 0xff, 0xf0, 0x38, 0x0, 0x7, 0xff,
    0xe0, 0xff, 0xfc, 0x0, 0x0, 0x1f, 0xff, 0xff,
    0xff, 0xff, 0x80, 0x70, 0x0, 0xe, 0x0, 0x3f,
    0xff, 0x7, 0xff, 0xe0, 0x0, 0x1c, 0x0, 0x3,
    0x80, 0x0, 0x70, 0x0, 0xe, 0x0,

    /* U+B904 "뤄" */
    0x3f, 0xf1, 0xcf, 0xfc, 0x70, 0x7, 0x1c, 0xff,
    0xc7, 0x3f, 0xf1, 0xce, 0x0, 0x73, 0xff, 0x9c,
    0xff, 0xe7, 0x0, 0x1, 0xc0, 0x0, 0x7f, 0xff,
    0xdf, 0xff, 0xf7, 0x3, 0x1, 0xc0, 0xc0, 0x70,
    0x31, 0xfc, 0xc, 0x7f, 0x3, 0x1, 0xc0, 0xc0,
    0x70, 0x30, 0x1c,

    /* U+B958 "류" */
    0x1f, 0xff, 0x83, 0xff, 0xf0, 0x0, 0xe, 0x0,
    0x1, 0xc1, 0xff, 0xf8, 0x3f, 0xff, 0x7, 0x0,
    0x0, 0xff, 0xfc, 0x1f, 0xff, 0x80, 0x0, 0x0,
    0x0, 0x0, 0x7f, 0xff, 0xff, 0xff, 0xfe, 0xe,
    0x1c, 0x1, 0xc3, 0x80, 0x38, 0x70, 0x7, 0xe,
    0x0, 0xe1, 0xc0, 0x1c, 0x38, 0x0,

    /* U+B959 "륙" */
    0x1f, 0xff, 0x3, 0xff, 0xe0, 0x0, 0x1c, 0xf,
    0xff, 0x81, 0xff, 0xf0, 0x38, 0x0, 0x7, 0xff,
    0xe0, 0xff, 0xfc, 0x0, 0x0, 0x1f, 0xff, 0xff,
    0xff, 0xff, 0x83, 0x86, 0x0, 0x70, 0xc0, 0x3f,
    0xff, 0x7, 0xff, 0xe0, 0x0, 0x1c, 0x0, 0x3,
    0x80, 0x0, 0x70, 0x0, 0xe, 0x0,

    /* U+B960 "률" */
    0x1f, 0xff, 0x83, 0xff, 0xf0, 0x7f, 0xfe, 0xf,
    0xff, 0xc1, 0xc0, 0x0, 0x3f, 0xff, 0x7, 0xff,
    0xe0, 0x0, 0x0, 0xff, 0xff, 0xff, 0xff, 0xfc,
    0x1c, 0x30, 0x3, 0x86, 0x1, 0xff, 0xf8, 0x3f,
    0xff, 0x0, 0x0, 0xe0, 0xff, 0xfc, 0x1f, 0xff,
    0x83, 0xff, 0xf0, 0x7f, 0xfe, 0x0,

    /* U+B974 "르" */
    0x1f, 0xff, 0x83, 0xff, 0xf0, 0x0, 0xe, 0x0,
    0x1, 0xc1, 0xff, 0xf8, 0x3f, 0xff, 0x7, 0x0,
    0x0, 0xe0, 0x0, 0x1c, 0x0, 0x3, 0xff, 0xf0,
    0x7f, 0xfe, 0x0, 0x0, 0x0, 0x0, 0x0, 0x0,
    0x0, 0x3f, 0xff, 0xff, 0xff, 0xff,

    /* U+B978 "른" */
    0x1f, 0xff, 0x83, 0xff, 0xf0, 0x0, 0xe, 0xf,
    0xff, 0xc1, 0xff, 0xf8, 0x38, 0x0, 0x7, 0x0,
    0x0, 0xff, 0xfc, 0x1f, 0xff, 0x80, 0x0, 0x3,
    0xff, 0xff, 0xff, 0xff, 0xf0, 0x0, 0x0, 0x38,
    0x0, 0x7, 0x0, 0x0, 0xe0, 0x0, 0x1c, 0x0,
    0x3, 0xff, 0xf0, 0x7f, 0xfe, 0x0,

    /* U+B984 "름" */
    0x1f, 0xff, 0x83, 0xff, 0xf0, 0x0, 0xe, 0xf,
    0xff, 0xc1, 0xff, 0xf8, 0x38, 0x0, 0x7, 0xff,
    0xe0, 0xff, 0xfc, 0x0, 0x0, 0x1f, 0xff, 0xff,
    0xff, 0xff, 0x80, 0x0, 0x0, 0x0, 0x0, 0x3f,
    0xff, 0x7, 0xff, 0xe0, 0xe0, 0x1c, 0x1c, 0x3,
    0x83, 0xff, 0xf0, 0x7f, 0xfe, 0x0,

    /* U+B987 "릇" */
    0x1f, 0xff, 0x83, 0xff, 0xf0, 0x0, 0xe, 0xf,
    0xff, 0xc1, 0xff, 0xf8, 0x38, 0x0, 0x7, 0xff,
    0xe0, 0xff, 0xfc, 0x0, 0x0, 0x0, 0x0, 0x3,
    0xff, 0xff, 0xff, 0xff, 0xf0, 0x0, 0x0, 0x1,
    0xc0, 0x0, 0x38, 0x0, 0xf, 0x80, 0x3, 0xfc,
    0x3, 0xf3, 0xe1, 0xf8, 0x3f, 0x1c, 0x0, 0xc0,

    /* U+B98E "릎" */
    0x1f, 0xff, 0x3, 0xff, 0xe0, 0x0, 0x1c, 0xf,
    0xff, 0x81, 0xff, 0xf0, 0x38, 0x0, 0x7, 0xff,
    0xc0, 0xff, 0xf8, 0x0, 0x0, 0x1f, 0xff, 0xff,
    0xff, 0xff, 0x80, 0x0, 0x0, 0x0, 0x0, 0x7f,
    0xfe, 0xf, 0xff, 0xc0, 0x30, 0x60, 0x6, 0xc,
    0x7, 0xff, 0xf0, 0xff, 0xfe, 0x0,

    /* U+B9AC "리" */
    0x0, 0x7, 0xff, 0xc7, 0xff, 0xc7, 0x1, 0xc7,
    0x1, 0xc7, 0x1, 0xc7, 0x1, 0xc7, 0xff, 0xc7,
    0xff, 0xc7, 0xe0, 0x7, 0xe0, 0x7, 0xe0, 0x7,
    0xe0, 0x7, 0xff, 0xe7, 0xff, 0xf7, 0x0, 0x7,
    0x0, 0x7, 0x0, 0x7, 0x0, 0x7,

    /* U+B9BC "림" */
    0xff, 0xc7, 0xff, 0xc7, 0x1, 0xc7, 0x1, 0xc7,
    0xff, 0xc7, 0xff, 0xc7, 0xe0, 0x7, 0xe0, 0x7,
    0xff, 0xe7, 0xff, 0xe7, 0x0, 0x7, 0x0, 0x0,
    0x1f, 0xff, 0x1f, 0xff, 0x18, 0x7, 0x18, 0x7,
    0x18, 0x7, 0x1f, 0xff, 0x1f, 0xff,

    /* U+B9BD "립" */
    0xff, 0xc7, 0xff, 0xc7, 0x1, 0xc7, 0x1, 0xc7,
    0xff, 0xc7, 0xff, 0xc7, 0xe0, 0x7, 0xe0, 0x7,
    0xff, 0xe7, 0xff, 0xf7, 0x0, 0x7, 0x18, 0x7,
    0x18, 0x7, 0x18, 0x7, 0x1f, 0xff, 0x1f, 0xff,
    0x18, 0x7, 0x1f, 0xff, 0x1f, 0xff,

    /* U+B9BF "릿" */
    0xff, 0xc7, 0x7f, 0xe3, 0x80, 0x71, 0xc0, 0x38,
    0xef, 0xfc, 0x77, 0xfe, 0x3b, 0x80, 0x1d, 0xc0,
    0xe, 0xe0, 0x7, 0x7f, 0xf3, 0xbf, 0xfd, 0xc0,
    0x0, 0xe0, 0x1c, 0x70, 0xe, 0x0, 0xf, 0x80,
    0x7, 0xc0, 0x7, 0x78, 0xf, 0x1f, 0x1f, 0x7,
    0xee, 0x0, 0xe0,

    /* U+B9C8 "마" */
    0x0, 0x7, 0x1f, 0xf8, 0xe3, 0xff, 0x1c, 0x70,
    0xe3, 0x8e, 0x1c, 0x71, 0xc3, 0x8e, 0x38, 0x71,
    0xc7, 0xe, 0x3f, 0xe1, 0xc7, 0xfc, 0x38, 0xe3,
    0x87, 0x1c, 0x70, 0xe3, 0x8f, 0xfc, 0x71, 0xff,
    0x8e, 0x0, 0x1, 0xc0, 0x0, 0x38, 0x0, 0x7,
    0x0, 0x0, 0xe0, 0x0, 0x1c, 0x0,

    /* U+B9C9 "막" */
    0xff, 0xc7, 0x1f, 0xf8, 0xe3, 0x87, 0x1c, 0x70,
    0xe3, 0x8e, 0x1c, 0x7f, 0xc3, 0x8f, 0xf8, 0x71,
    0xc7, 0xfe, 0x38, 0xff, 0xc7, 0x0, 0x0, 0xe0,
    0x0, 0x1c, 0x0, 0x3, 0x83, 0xff, 0xf0, 0x7f,
    0xfe, 0x0, 0x1, 0xc0, 0x0, 0x38, 0x0, 0x7,
    0x0, 0x0, 0xe0, 0x0, 0x1c, 0x0,

    /* U+B9CC "만" */
    0xff, 0xc7, 0x1f, 0xf8, 0xe3, 0x87, 0x1c, 0x70,
    0xe3, 0x8e, 0x1c, 0x71, 0xc3, 0x8f, 0xf8, 0x71,
    0xff, 0xe, 0x3f, 0xff, 0xc7, 0x1f, 0xf8, 0xe0,
    0x0, 0x1c, 0x0, 0x3, 0x81, 0xc0, 0x70, 0x38,
    0xe, 0x7, 0x1, 0xc0, 0xe0, 0x0, 0x1c, 0x0,
    0x3, 0xff, 0xf0, 0x7f, 0xfe, 0x0,

    /* U+B9CE "많" */
    0xff, 0xc3, 0xf, 0xfc, 0x30, 0xe1, 0xc3, 0xe,
    0x1c, 0x30, 0xe1, 0xc3, 0xfe, 0x1c, 0x3f, 0xe1,
    0xc3, 0xf, 0xfc, 0x30, 0xff, 0xc3, 0x0, 0x1,
    0xf0, 0x0, 0x1c, 0x7, 0x1f, 0xfc, 0x71, 0xff,
    0xc7, 0x0, 0x0, 0x70, 0x7f, 0x7, 0xf, 0xf8,
    0x70, 0xe3, 0x87, 0xef, 0xf8, 0x7f, 0x3e, 0x0,

    /* U+B9D0 "말" */
    0xff, 0xc7, 0x1f, 0xf8, 0xe3, 0x87, 0x1c, 0x70,
    0xe3, 0xfe, 0x1c, 0x7f, 0xc3, 0x8e, 0x3f, 0xf1,
    0xc7, 0xfe, 0x38, 0x0, 0x7, 0x0, 0x0, 0xe0,
    0x7f, 0xfc, 0xf, 0xff, 0x80, 0x0, 0x70, 0x0,
    0xe, 0x7, 0xff, 0xc0, 0xff, 0xf8, 0x1c, 0x0,
    0x3, 0xff, 0xf0, 0x7f, 0xfe, 0x0,

    /* U+B9DB "맛" */
    0xff, 0xc7, 0x1f, 0xf8, 0xe3, 0x87, 0x1c, 0x70,
    0xe3, 0x8e, 0x1c, 0x7f, 0xc3, 0x8f, 0xf8, 0x71,
    0xc7, 0xe, 0x38, 0xff, 0xc7, 0x1f, 0xf8, 0xe0,
    0x0, 0x1c, 0x0, 0x3, 0x80, 0xc, 0x70, 0x3,
    0x80, 0x0, 0x78, 0x0, 0xf, 0x0, 0x3, 0xf8,
    0x1, 0xe7, 0x81, 0xf8, 0x7e, 0x3c, 0x3, 0xc2,
    0x0, 0x10,

    /* U+B9DD "망" */
    0xff, 0xc7, 0x1f, 0xf8, 0xe3, 0x87, 0x1c, 0x70,
    0xe3, 0x8e, 0x1c, 0x7f, 0xc3, 0x8f, 0xf8, 0x71,
    0xc7, 0xe, 0x38, 0xff, 0xc7, 0x1f, 0xf8, 0xe0,
    0x0, 0x1c, 0x0, 0x3, 0x80, 0x3f, 0x80, 0x1f,
    0xfc, 0x7, 0x3, 0xc0, 0xc0, 0x38, 0x1c, 0xf,
    0x1, 0xff, 0xc0, 0x1f, 0xe0, 0x0,

    /* U+B9DE "맞" */
    0xff, 0xc7, 0x1f, 0xf8, 0xe3, 0x87, 0x1c, 0x70,
    0xe3, 0x8e, 0x1c, 0x7f, 0xc3, 0x8f, 0xf8, 0x71,
    0xff, 0xfe, 0x38, 0xff, 0xc7, 0x0, 0x0, 0xe0,
    0x0, 0x1c, 0x0, 0x0, 0x3, 0xff, 0xf0, 0x7f,
    0xfe, 0x0, 0x78, 0x0, 0x1f, 0x80, 0xf, 0xfc,
    0xf, 0xe3, 0xf1, 0xf0, 0x3e, 0x18, 0x1, 0x80,

    /* U+B9E1 "맡" */
    0xff, 0xc7, 0x1f, 0xf8, 0xe3, 0x87, 0x1c, 0x70,
    0xe3, 0x8e, 0x1c, 0x7f, 0xc3, 0x8f, 0xf8, 0x71,
    0xc7, 0xfe, 0x38, 0xff, 0xc7, 0x0, 0x0, 0xe0,
    0x0, 0x0, 0xf, 0xff, 0x81, 0xff, 0xf0, 0x38,
    0x0, 0x7, 0xff, 0xc0, 0xff, 0xf8, 0x1c, 0x0,
    0x3, 0xff, 0xf0, 0x7f, 0xfe, 0x0,

    /* U+B9E3 "맣" */
    0xff, 0xc3, 0x1f, 0xf8, 0x63, 0x87, 0xc, 0x70,
    0xe1, 0x8e, 0x1c, 0x3f, 0xc3, 0x87, 0xff, 0xf0,
    0xc7, 0xfe, 0x18, 0x0, 0x3, 0x0, 0x1c, 0x60,
    0x3, 0x80, 0x1f, 0xff, 0xc3, 0xff, 0xf8, 0x0,
    0x0, 0x1, 0xff, 0x0, 0x7f, 0xf8, 0x1c, 0x7,
    0x1, 0xff, 0xe0, 0x1f, 0xf0, 0x0,

    /* U+B9E4 "매" */
    0x0, 0x39, 0xff, 0xee, 0x7f, 0xfb, 0x9f, 0x8e,
    0xe7, 0xe3, 0xb9, 0xf8, 0xee, 0x7e, 0x3b, 0x9f,
    0x8e, 0xff, 0xe3, 0xbf, 0xf8, 0xee, 0x7e, 0x3b,
    0x9f, 0x8e, 0xe7, 0xff, 0xb9, 0xff, 0xee, 0x70,
    0x3, 0x9c, 0x0, 0xe7, 0x0, 0x39, 0xc0, 0xe,
    0x70, 0x3, 0x9c,

    /* U+B9E5 "맥" */
    0xff, 0xb9, 0xff, 0xee, 0x7e, 0x3b, 0x9f, 0x8e,
    0xe7, 0xe3, 0xbf, 0xf8, 0xef, 0xfe, 0x3b, 0x9f,
    0xfe, 0xe7, 0xff, 0xb9, 0xc0, 0xe, 0x70, 0x3,
    0x9c, 0x0, 0x7, 0xf, 0xff, 0xc3, 0xff, 0xf0,
    0x0, 0x1c, 0x0, 0x7, 0x0, 0x1, 0xc0, 0x0,
    0x70, 0x0, 0x1c,

    /* U+B9E8 "맨" */
    0xff, 0xb9, 0xff, 0xee, 0x7e, 0x3b, 0x9f, 0x8e,
    0xe7, 0xe3, 0xb9, 0xf8, 0xef, 0xfe, 0x3b, 0xff,
    0x8e, 0xff, 0xff, 0xb9, 0xff, 0xee, 0x70, 0x3,
    0x9c, 0x0, 0xe7, 0xe, 0x39, 0xc3, 0x80, 0x70,
    0xe0, 0x1c, 0x38, 0x0, 0xe, 0x0, 0x3, 0xff,
    0xf0, 0xff, 0xfc,

    /* U+B9FA "맺" */
    0xff, 0xb9, 0xcf, 0xfb, 0x9c, 0xe3, 0xb9, 0xce,
    0x3b, 0x9c, 0xe3, 0xbf, 0xce, 0x3b, 0xfc, 0xe3,
    0xbf, 0xcf, 0xfb, 0x9c, 0xff, 0xb9, 0xc0, 0x3,
    0x9c, 0x0, 0x39, 0xc1, 0xff, 0xfc, 0x1f, 0xff,
    0xc0, 0x7, 0x0, 0x0, 0xf8, 0x0, 0x3f, 0xe0,
    0xf, 0x8f, 0x83, 0xe0, 0x7e, 0x18, 0x0, 0xc0,

    /* U+BA38 "머" */
    0x0, 0x3, 0xff, 0xf1, 0xff, 0xf8, 0xfc, 0x1c,
    0x7e, 0xe, 0x3f, 0x7, 0x1f, 0x83, 0x8f, 0xc1,
    0xff, 0xe0, 0xff, 0xf0, 0x71, 0xf8, 0x38, 0xfc,
    0x1c, 0x7f, 0xfe, 0x3f, 0xff, 0x1c, 0x0, 0xe,
    0x0, 0x7, 0x0, 0x3, 0x80, 0x1, 0xc0, 0x0,
    0xe0,

    /* U+BA39 "먹" */
    0xff, 0xc3, 0xff, 0xe1, 0xf8, 0x70, 0xfc, 0x3f,
    0xfe, 0x1f, 0xff, 0xf, 0xff, 0x87, 0xf, 0xff,
    0x87, 0xff, 0xc3, 0x80, 0x1, 0xc0, 0x0, 0xe0,
    0x0, 0x71, 0xff, 0xf8, 0xff, 0xfc, 0x0, 0xe,
    0x0, 0x7, 0x0, 0x3, 0x80, 0x1, 0xc0, 0x0,
    0xe0,

    /* U+BA3C "먼" */
    0xff, 0xc3, 0xbf, 0xf0, 0xee, 0x1c, 0x3b, 0x87,
    0xe, 0xe1, 0xff, 0xb8, 0x7f, 0xee, 0x1c, 0x3b,
    0x87, 0xe, 0xff, 0xc3, 0xbf, 0xf0, 0xe0, 0x0,
    0x38, 0x0, 0xe, 0x1c, 0x3, 0x87, 0x0, 0xe1,
    0xc0, 0x38, 0x70, 0x0, 0x1c, 0x0, 0x7, 0xff,
    0xf1, 0xff, 0xfc,

    /* U+BA40 "멀" */
    0xff, 0xc3, 0xbf, 0xf0, 0xee, 0x1c, 0x3b, 0x87,
    0xfe, 0xe1, 0xff, 0xb8, 0x70, 0xee, 0x1c, 0x3b,
    0xff, 0xe, 0xff, 0xc3, 0x80, 0x0, 0xe0, 0x0,
    0x0, 0x7f, 0xfe, 0x1f, 0xff, 0x80, 0x0, 0xe1,
    0xff, 0xf8, 0x7f, 0xfe, 0x1c, 0x0, 0x7, 0xff,
    0xf1, 0xff, 0xfc,

    /* U+BA48 "멈" */
    0xff, 0xc3, 0xff, 0xe1, 0xf8, 0x70, 0xfc, 0x3f,
    0xfe, 0x1f, 0xff, 0xe, 0x1f, 0x87, 0xf, 0xff,
    0x87, 0xff, 0xc3, 0x80, 0x1, 0xc0, 0x0, 0xe0,
    0x0, 0x1, 0xff, 0xf8, 0xff, 0xfc, 0x70, 0xe,
    0x38, 0x7, 0x1c, 0x3, 0x8f, 0xff, 0xc7, 0xff,
    0xe0,

    /* U+BA4B "멋" */
    0xff, 0xc3, 0xbf, 0xf0, 0xee, 0x1c, 0x3b, 0x87,
    0xe, 0xe1, 0xff, 0xb8, 0x7f, 0xee, 0x1c, 0x3b,
    0x87, 0xe, 0xff, 0xc3, 0xbf, 0xf0, 0xe0, 0x0,
    0x38, 0x0, 0xe, 0x0, 0xe3, 0x80, 0x78, 0x0,
    0x1e, 0x0, 0xf, 0xc0, 0x7, 0xf8, 0x3, 0xcf,
    0x87, 0xe1, 0xfc, 0xe0, 0x1e, 0x20, 0x0, 0x80,

    /* U+BA4D "멍" */
    0xff, 0xc3, 0xff, 0xe1, 0xf8, 0x70, 0xfc, 0x38,
    0x7e, 0x1f, 0xff, 0xf, 0xff, 0x87, 0xf, 0xc3,
    0x87, 0xff, 0xc3, 0xff, 0xe1, 0xc0, 0x0, 0xe0,
    0x3f, 0xf0, 0x7f, 0xf0, 0x70, 0x3c, 0x30, 0xe,
    0x18, 0x7, 0xe, 0x7, 0x83, 0xff, 0x80, 0x7f,
    0x0,

    /* U+BA54 "메" */
    0x0, 0x1d, 0xff, 0xe7, 0x7f, 0xf9, 0xdf, 0x8e,
    0x77, 0xe3, 0x9d, 0xf8, 0xe7, 0x7e, 0x39, 0xdf,
    0x8f, 0xf7, 0xe3, 0xfd, 0xf8, 0xe7, 0x7e, 0x39,
    0xdf, 0x8e, 0x77, 0xff, 0x9d, 0xff, 0xe7, 0x70,
    0x1, 0xdc, 0x0, 0x77, 0x0, 0x1d, 0xc0, 0x7,
    0x70, 0x1, 0xdc,

    /* U+BA70 "며" */
    0x0, 0x3, 0x80, 0x1, 0xff, 0xf8, 0xff, 0xfc,
    0x7e, 0xf, 0xff, 0x7, 0xff, 0x83, 0x8f, 0xc1,
    0xc7, 0xe0, 0xe3, 0xf0, 0x7f, 0xf8, 0x3f, 0xfc,
    0x1f, 0xff, 0xfe, 0x3f, 0xff, 0x1c, 0x0, 0xe,
    0x0, 0x7, 0x0, 0x3, 0x80, 0x1, 0xc0, 0x0,
    0xe0,

    /* U+BA74 "면" */
    0x0, 0x3, 0xbf, 0xf0, 0xef, 0xfc, 0x3b, 0xff,
    0xfe, 0xe1, 0xff, 0xb8, 0x70, 0xee, 0x1c, 0x3b,
    0x87, 0xfe, 0xff, 0xff, 0xbf, 0xf0, 0xe0, 0x0,
    0x38, 0x0, 0xe, 0x1c, 0x3, 0x87, 0x0, 0xe1,
    0xc0, 0x38, 0x70, 0x0, 0x1c, 0x0, 0x7, 0xff,
    0xf1, 0xff, 0xfc,

    /* U+BA85 "명" */
    0xff, 0xc3, 0xff, 0xe1, 0xf8, 0x7f, 0xfc, 0x3f,
    0xfe, 0x1c, 0x3f, 0xe, 0x1f, 0x87, 0xff, 0xc3,
    0xff, 0xff, 0xff, 0xff, 0xe1, 0xc0, 0x0, 0xe0,
    0x3f, 0xf0, 0x7f, 0xf0, 0x70, 0x3c, 0x70, 0xe,
    0x38, 0x7, 0xe, 0x7, 0x83, 0xff, 0x80, 0x7f,
    0x0,

    /* U+BA87 "몇" */
    0xff, 0xc3, 0x9f, 0xf8, 0x73, 0x87, 0xfe, 0x70,
    0xff, 0xce, 0x1c, 0x39, 0xc3, 0x87, 0x38, 0x7f,
    0xe7, 0xff, 0xfc, 0xff, 0xc3, 0x80, 0x0, 0x70,
    0x3, 0x8e, 0x0, 0x70, 0x1, 0xff, 0xf8, 0x3f,
    0xff, 0x0, 0x7c, 0x0, 0x1f, 0xc0, 0xf, 0xbe,
    0xf, 0xe1, 0xf8, 0xf0, 0xf, 0x0,

    /* U+BAA8 "모" */
    0x1f, 0xff, 0x3, 0xff, 0xe0, 0x70, 0x1c, 0xe,
    0x3, 0x81, 0xc0, 0x70, 0x38, 0xe, 0x7, 0x1,
    0xc0, 0xe0, 0x38, 0x1f, 0xff, 0x3, 0xff, 0xe0,
    0x3, 0x80, 0x0, 0x70, 0x0, 0xe, 0x0, 0x1,
    0xc0, 0x3f, 0xff, 0xff, 0xff, 0xff,

    /* U+BAA9 "목" */
    0x1f, 0xff, 0x3, 0xff, 0xe0, 0x70, 0xc, 0xe,
    0x1, 0x81, 0xc0, 0x30, 0x3f, 0xfe, 0x7, 0xff,
    0xc0, 0x7, 0x0, 0x0, 0xe0, 0x1f, 0xff, 0xff,
    0xff, 0xff, 0x80, 0x0, 0x0, 0x0, 0x0, 0x3f,
    0xfe, 0x7, 0xff, 0xc0, 0x0, 0x18, 0x0, 0x3,
    0x0, 0x0, 0x60, 0x0, 0xc, 0x0,

    /* U+BAB0 "몰" */
    0x1f, 0xff, 0x83, 0xff, 0xf0, 0x70, 0xe, 0xe,
    0x1, 0xc1, 0xff, 0xf8, 0x3f, 0xff, 0x0, 0x38,
    0x0, 0x7, 0x0, 0xff, 0xff, 0xff, 0xff, 0xfc,
    0x0, 0x0, 0xf, 0xff, 0xc1, 0xff, 0xf8, 0x0,
    0x7, 0x7, 0xff, 0xe0, 0xff, 0xfc, 0x1c, 0x0,
    0x3, 0xff, 0xf0, 0x7f, 0xfe, 0x0,

    /* U+BAB8 "몸" */
    0x1f, 0xff, 0x3, 0xff, 0xe0, 0x70, 0x1c, 0xe,
    0x3, 0x81, 0xc0, 0x70, 0x3f, 0xfe, 0x7, 0xff,
    0xc0, 0x7, 0x0, 0x0, 0xe0, 0x1f, 0xff, 0xff,
    0xff, 0xff, 0x80, 0x0, 0x1, 0xff, 0xf0, 0x3f,
    0xfe, 0x7, 0x1, 0xc0, 0xe0, 0x38, 0x1c, 0x7,
    0x3, 0xff, 0xe0, 0x7f, 0xfc, 0x0,

    /* U+BAB9 "몹" */
    0x1f, 0xff, 0x3, 0xff, 0xe0, 0x70, 0x1c, 0xe,
    0x3, 0x81, 0xc0, 0x70, 0x3f, 0xfe, 0x7, 0xff,
    0xc0, 0x7, 0x0, 0x0, 0xe0, 0x1f, 0xff, 0xff,
    0xff, 0xff, 0x80, 0x0, 0x1, 0xc0, 0x70, 0x38,
    0xe, 0x7, 0xff, 0xc0, 0xff, 0xf8, 0x1c, 0x7,
    0x3, 0xff, 0xe0, 0x7f, 0xfc, 0x0,

    /* U+BABB "못" */
    0x1f, 0xff, 0x3, 0xff, 0xe0, 0x70, 0x1c, 0xe,
    0x3, 0x81, 0xc0, 0x70, 0x3f, 0xfe, 0x7, 0xff,
    0xc0, 0x7, 0x0, 0x0, 0xe0, 0x1f, 0xff, 0xff,
    0xff, 0xff, 0x80, 0x0, 0x0, 0xe, 0x0, 0x1,
    0xc0, 0x0, 0x7c, 0x0, 0x1f, 0xc0, 0xf, 0xbe,
    0xf, 0xc1, 0xf8, 0xe0, 0xe, 0x0,

    /* U+BB34 "무" */
    0x1f, 0xff, 0x3, 0xff, 0xe0, 0x70, 0x1c, 0xe,
    0x3, 0x81, 0xc0, 0x70, 0x38, 0xe, 0x7, 0xff,
    0xc0, 0xff, 0xf8, 0x0, 0x0, 0x0, 0x0, 0x0,
    0x0, 0x0, 0x7f, 0xff, 0xff, 0xff, 0xfe, 0x1,
    0xc0, 0x0, 0x38, 0x0, 0x7, 0x0, 0x0, 0xe0,
    0x0, 0x1c, 0x0, 0x3, 0x80, 0x0,

    /* U+BB35 "묵" */
    0x1f, 0xff, 0x3, 0xff, 0xe0, 0x70, 0xc, 0xe,
    0x1, 0x81, 0xc0, 0x30, 0x3f, 0xfe, 0x7, 0xff,
    0xc0, 0x0, 0x0, 0x0, 0x0, 0x1f, 0xff, 0xff,
    0xff, 0xff, 0x80, 0x70, 0x0, 0xe, 0x0, 0x3f,
    0xfe, 0x7, 0xff, 0xc0, 0x0, 0x18, 0x0, 0x3,
    0x0, 0x0, 0x60, 0x0, 0xc, 0x0,

    /* U+BB36 "묶" */
    0x1f, 0xff, 0x3, 0xff, 0xe0, 0x70, 0xc, 0xe,
    0x1, 0x81, 0xc0, 0x30, 0x3f, 0xfe, 0x7, 0xff,
    0xc0, 0x0, 0x0, 0x0, 0x0, 0x1f, 0xff, 0xff,
    0xff, 0xff, 0x80, 0x30, 0x3, 0xff, 0xf8, 0x7f,
    0xff, 0x0, 0x70, 0x60, 0xe, 0xc, 0x1, 0xc1,
    0x80, 0x38, 0x30, 0x7, 0x6, 0x0,

    /* U+BB38 "문" */
    0x1f, 0xff, 0x83, 0xff, 0xf0, 0x70, 0xe, 0xe,
    0x1, 0xc1, 0xc0, 0x38, 0x3f, 0xff, 0x7, 0xff,
    0xe0, 0x0, 0x0, 0x0, 0x0, 0x1f, 0xff, 0xff,
    0xff, 0xff, 0x80, 0x30, 0x0, 0x6, 0x0, 0x38,
    0xc0, 0x7, 0x18, 0x0, 0xe0, 0x0, 0x1c, 0x0,
    0x3, 0xff, 0xf0, 0x7f, 0xfe, 0x0,

    /* U+BB3B "묻" */
    0x1f, 0xff, 0x83, 0xff, 0xf0, 0x70, 0xe, 0xe,
    0x1, 0xc1, 0xc0, 0x38, 0x3f, 0xff, 0x7, 0xff,
    0xe0, 0x0, 0x0, 0xff, 0xff, 0xff, 0xff, 0xfc,
    0x3, 0x80, 0x0, 0x70, 0x1, 0xff, 0xf8, 0x3f,
    0xff, 0x7, 0x0, 0x0, 0xe0, 0x0, 0x1c, 0x0,
    0x3, 0xff, 0xf0, 0x7f, 0xfe, 0x0,

    /* U+BB3C "물" */
    0x1f, 0xff, 0x83, 0xff, 0xf0, 0x70, 0xe, 0xe,
    0x1, 0xc1, 0xff, 0xf8, 0x3f, 0xff, 0x0, 0x0,
    0x0, 0x0, 0x0, 0xff, 0xff, 0xff, 0xff, 0xfc,
    0x3, 0x80, 0xf, 0xff, 0xc1, 0xff, 0xf8, 0x0,
    0x7, 0x7, 0xff, 0xe0, 0xff, 0xfc, 0x1c, 0x0,
    0x3, 0xff, 0xf0, 0x7f, 0xfe, 0x0,

    /* U+BB47 "뭇" */
    0x1f, 0xff, 0x3, 0xff, 0xe0, 0x70, 0x1c, 0xe,
    0x3, 0x81, 0xc0, 0x70, 0x3f, 0xfe, 0x7, 0xff,
    0xc0, 0x0, 0x0, 0x0, 0x0, 0x1f, 0xff, 0xff,
    0xff, 0xff, 0x80, 0x70, 0x0, 0xe, 0x0, 0x0,
    0x0, 0x0, 0x38, 0x0, 0xf, 0x0, 0x3, 0xf8,
    0x1, 0xf7, 0xc1, 0xf8, 0x3f, 0x1c, 0x1, 0xc0,

    /* U+BB54 "뭔" */
    0x3f, 0xf1, 0xcf, 0xfc, 0x73, 0x83, 0x1c, 0xe0,
    0xc7, 0x38, 0x31, 0xcf, 0xfc, 0x73, 0xff, 0x1c,
    0x0, 0x7, 0xff, 0xfd, 0xff, 0xff, 0x70, 0x38,
    0x1c, 0xe, 0x7f, 0x3, 0x9f, 0xc7, 0xe0, 0x71,
    0xc0, 0x1c, 0x70, 0x0, 0x1c, 0x0, 0x7, 0xff,
    0xf1, 0xff, 0xfc,

    /* U+BBF8 "미" */
    0x0, 0x7, 0xff, 0xc7, 0xff, 0xc7, 0xe1, 0xc7,
    0xe1, 0xc7, 0xe1, 0xc7, 0xe1, 0xc7, 0xe1, 0xc7,
    0xe1, 0xc7, 0xe1, 0xc7, 0xe1, 0xc7, 0xe1, 0xc7,
    0xff, 0xc7, 0xff, 0xc7, 0x0, 0x7, 0x0, 0x7,
    0x0, 0x7, 0x0, 0x7, 0x0, 0x7,

    /* U+BBFC "민" */
    0xff, 0xc7, 0xff, 0xc7, 0xe1, 0xc7, 0xe1, 0xc7,
    0xe1, 0xc7, 0xe1, 0xc7, 0xe1, 0xc7, 0xe1, 0xc7,
    0xff, 0xc7, 0xff, 0xc7, 0x0, 0x7, 0x0, 0x7,
    0x18, 0x7, 0x18, 0x7, 0x18, 0x7, 0x18, 0x0,
    0x18, 0x0, 0x1f, 0xff, 0x1f, 0xff,

    /* U+BBFF "믿" */
    0xff, 0xc3, 0xbf, 0xf0, 0xee, 0x1c, 0x3b, 0x87,
    0xe, 0xe1, 0xc3, 0xb8, 0x70, 0xee, 0x1c, 0x3b,
    0xff, 0xe, 0xff, 0xc3, 0x80, 0x0, 0xe0, 0x0,
    0x38, 0x0, 0x0, 0x1f, 0xff, 0x87, 0xff, 0xe1,
    0xc0, 0x0, 0x70, 0x0, 0x1c, 0x0, 0x7, 0xff,
    0xf1, 0xff, 0xfc,

    /* U+BC00 "밀" */
    0xff, 0xc3, 0xff, 0xe1, 0xf8, 0x70, 0xfc, 0x38,
    0x7e, 0x1c, 0x3f, 0xe, 0x1f, 0x87, 0xf, 0xff,
    0x87, 0xff, 0xc3, 0x80, 0x1, 0xc0, 0x0, 0x3,
    0xff, 0xf1, 0xff, 0xf8, 0x0, 0x1c, 0x7f, 0xfe,
    0x3f, 0xff, 0x18, 0x0, 0xf, 0xff, 0x87, 0xff,
    0xc0,

    /* U+BC14 "바" */
    0x0, 0x7, 0x1c, 0x38, 0xe3, 0x87, 0x1c, 0x70,
    0xe3, 0x8e, 0x1c, 0x71, 0xff, 0x8e, 0x3f, 0xf1,
    0xc7, 0xfe, 0x3f, 0xe1, 0xc7, 0xfc, 0x38, 0xe3,
    0x87, 0x1c, 0x70, 0xe3, 0x8f, 0xfc, 0x71, 0xff,
    0x8e, 0x0, 0x1, 0xc0, 0x0, 0x38, 0x0, 0x7,
    0x0, 0x0, 0xe0, 0x0, 0x1c, 0x0,

    /* U+BC15 "박" */
    0xe1, 0xc7, 0x1c, 0x38, 0xe3, 0x87, 0x1c, 0x7f,
    0xe3, 0x8f, 0xfc, 0x71, 0xc3, 0x8f, 0xf8, 0x71,
    0xc7, 0xfe, 0x38, 0xff, 0xc7, 0x0, 0x0, 0xe0,
    0x0, 0x1c, 0x0, 0x3, 0x83, 0xff, 0xf0, 0x7f,
    0xfe, 0x0, 0x1, 0xc0, 0x0, 0x38, 0x0, 0x7,
    0x0, 0x0, 0xe0, 0x0, 0x1c, 0x0,

    /* U+BC16 "밖" */
    0xe1, 0xc7, 0x1c, 0x38, 0xe3, 0x87, 0x1c, 0x7f,
    0xe3, 0x8f, 0xfc, 0x71, 0xc3, 0x8f, 0xf8, 0x71,
    0xff, 0xfe, 0x38, 0xff, 0xc7, 0x0, 0x0, 0xe0,
    0x0, 0x1c, 0x0, 0x0, 0xf, 0xf7, 0xf1, 0xfe,
    0xfe, 0x1, 0xc1, 0xc0, 0x38, 0x38, 0x7, 0x7,
    0x0, 0xe0, 0xe0, 0x1c, 0x1c, 0x0,

    /* U+BC18 "반" */
    0xe1, 0xc7, 0x1c, 0x38, 0xe3, 0x87, 0x1c, 0x7f,
    0xe3, 0x8f, 0xfc, 0x71, 0xc3, 0x8f, 0xf8, 0x71,
    0xff, 0xe, 0x38, 0xff, 0xc7, 0x1f, 0xf8, 0xe0,
    0x0, 0x1c, 0x0, 0x3, 0x81, 0xc0, 0x70, 0x38,
    0xe, 0x7, 0x1, 0xc0, 0xe0, 0x0, 0x1c, 0x0,
    0x3, 0xff, 0xf0, 0x7f, 0xfe, 0x0,

    /* U+BC1B "받" */
    0xe1, 0xc7, 0x1c, 0x38, 0xe3, 0x87, 0x1c, 0x7f,
    0xe3, 0x8f, 0xfc, 0x71, 0xc3, 0x8f, 0xf8, 0x71,
    0xff, 0xfe, 0x38, 0xff, 0xc7, 0x0, 0x0, 0xe0,
    0x0, 0x1c, 0x0, 0x3, 0x81, 0xff, 0xf0, 0x3f,
    0xfe, 0x6, 0x0, 0x0, 0xc0, 0x0, 0x18, 0x0,
    0x3, 0xff, 0xe0, 0x7f, 0xfc, 0x0,

    /* U+BC1C "발" */
    0xe1, 0xc7, 0x1c, 0x38, 0xe3, 0xff, 0x1c, 0x7f,
    0xe3, 0xfe, 0x1c, 0x7f, 0xc3, 0x8e, 0x3f, 0xf1,
    0xc7, 0xfe, 0x38, 0x0, 0x7, 0x0, 0x0, 0xe0,
    0x7f, 0xfc, 0xf, 0xff, 0x80, 0x0, 0x70, 0x0,
    0xe, 0x7, 0xff, 0xc0, 0xff, 0xf8, 0x18, 0x0,
    0x3, 0xff, 0xf0, 0x7f, 0xfe, 0x0,

    /* U+BC1D "밝" */
    0xe0, 0xc7, 0x1c, 0x18, 0xe3, 0x83, 0x1c, 0x7f,
    0xe3, 0x8f, 0xfc, 0x7f, 0xc1, 0x8f, 0xf8, 0x31,
    0xff, 0xfe, 0x38, 0xff, 0xc7, 0x0, 0x0, 0xe0,
    0x0, 0x0, 0x3f, 0xdf, 0x87, 0xfb, 0xf0, 0x7,
    0xe, 0x1f, 0xe1, 0xc3, 0xfc, 0x38, 0x70, 0x7,
    0xf, 0xf8, 0xe1, 0xff, 0x1c, 0x0,

    /* U+BC1F "밟" */
    0xe0, 0xc7, 0x1c, 0x18, 0xe3, 0x83, 0x1c, 0x7f,
    0xe3, 0x8f, 0xfc, 0x7f, 0xc1, 0x8f, 0xf8, 0x31,
    0xff, 0xfe, 0x38, 0xff, 0xc7, 0x0, 0x0, 0xe0,
    0x0, 0x0, 0x3f, 0xb3, 0x87, 0xf6, 0x70, 0xe,
    0xfe, 0x1f, 0xdf, 0xc3, 0xfb, 0x38, 0x60, 0x67,
    0xf, 0xef, 0xe1, 0xfd, 0xfc, 0x0,

    /* U+BC25 "밥" */
    0xe1, 0xc7, 0x1c, 0x38, 0xe3, 0x87, 0x1c, 0x7f,
    0xe3, 0x8f, 0xfc, 0x7f, 0xc3, 0x8f, 0xf8, 0x71,
    0xc7, 0xfe, 0x38, 0xff, 0xc7, 0x0, 0x0, 0xe0,
    0x0, 0x1c, 0xc, 0x3, 0x81, 0x80, 0x70, 0x3f,
    0xfe, 0x7, 0xff, 0xc0, 0xc0, 0x38, 0x18, 0x7,
    0x3, 0xff, 0xe0, 0x7f, 0xfc, 0x0,

    /* U+BC29 "방" */
    0xe1, 0xc7, 0x1c, 0x38, 0xe3, 0x87, 0x1c, 0x7f,
    0xe3, 0x8f, 0xfc, 0x7f, 0xc3, 0x8f, 0xf8, 0x71,
    0xc7, 0xe, 0x38, 0xff, 0xc7, 0x1f, 0xf8, 0xe0,
    0x0, 0x1c, 0x0, 0x3, 0x80, 0x3f, 0x80, 0x1f,
    0xfc, 0x7, 0x3, 0xc0, 0xc0, 0x38, 0x1c, 0xf,
    0x1, 0xff, 0xc0, 0x1f, 0xe0, 0x0,

    /* U+BC2D "밭" */
    0xe1, 0xc7, 0x1c, 0x38, 0xe3, 0x87, 0x1c, 0x7f,
    0xe3, 0x8f, 0xfc, 0x71, 0xc3, 0x8f, 0xf8, 0x71,
    0xff, 0xfe, 0x38, 0xff, 0xc7, 0x0, 0x0, 0xe0,
    0x0, 0x1c, 0xf, 0xff, 0x81, 0xff, 0xf0, 0x30,
    0x0, 0x7, 0xff, 0xc0, 0xff, 0xf8, 0x18, 0x0,
    0x3, 0xff, 0xf0, 0x7f, 0xfe, 0x0,

    /* U+BC30 "배" */
    0x0, 0x39, 0xf8, 0xee, 0x7e, 0x3b, 0x9f, 0x8e,
    0xe7, 0xe3, 0xb9, 0xff, 0xee, 0x7f, 0xfb, 0x9f,
    0x8e, 0xff, 0xe3, 0xbf, 0xf8, 0xee, 0x7e, 0x3b,
    0x9f, 0x8e, 0xe7, 0xff, 0xb9, 0xff, 0xee, 0x70,
    0x3, 0x9c, 0x0, 0xe7, 0x0, 0x39, 0xc0, 0xe,
    0x70, 0x3, 0x9c,

    /* U+BC31 "백" */
    0xe3, 0xbb, 0xf1, 0xdd, 0xf8, 0xee, 0xff, 0xf7,
    0x7f, 0xfb, 0xbf, 0xfd, 0xff, 0x8e, 0xff, 0xc7,
    0x77, 0xff, 0xbb, 0xff, 0xdd, 0xc0, 0xe, 0xe0,
    0x0, 0x71, 0xff, 0xf8, 0xff, 0xfc, 0x0, 0xe,
    0x0, 0x7, 0x0, 0x3, 0x80, 0x1, 0xc0, 0x0,
    0xe0,

    /* U+BC34 "밴" */
    0xe3, 0xbb, 0xb8, 0xee, 0xee, 0x3b, 0xbb, 0x8e,
    0xee, 0xff, 0xbb, 0xbf, 0xef, 0xee, 0x3b, 0xfb,
    0x8e, 0xee, 0xff, 0xbb, 0xbf, 0xee, 0xe0, 0x3,
    0xb8, 0x0, 0xee, 0xe, 0x3b, 0x83, 0x80, 0xe0,
    0xe0, 0x38, 0x38, 0x0, 0xe, 0x0, 0x3, 0xff,
    0xf0, 0xff, 0xfc,

    /* U+BC43 "뱃" */
    0xe3, 0xbb, 0xb8, 0xee, 0xee, 0x3b, 0xbb, 0xfe,
    0xee, 0xff, 0xbb, 0xbf, 0xef, 0xee, 0x3b, 0xfb,
    0x8e, 0xee, 0xff, 0xbb, 0xbf, 0xee, 0xe0, 0x3,
    0xb8, 0x0, 0xe, 0x0, 0x63, 0x80, 0x18, 0x0,
    0xe, 0x0, 0x7, 0xc0, 0x3, 0xb8, 0x3, 0xe7,
    0x87, 0xe0, 0xfc, 0xf0, 0x1e, 0x0, 0x0, 0x0,

    /* U+BC84 "버" */
    0x0, 0x3, 0xf0, 0x71, 0xf8, 0x38, 0xfc, 0x1c,
    0x7e, 0xe, 0x3f, 0x7, 0x1f, 0xff, 0x8f, 0xff,
    0xff, 0xe0, 0xff, 0xf0, 0x71, 0xf8, 0x38, 0xfc,
    0x1c, 0x7f, 0xfe, 0x3f, 0xff, 0x1c, 0x0, 0xe,
    0x0, 0x7, 0x0, 0x3, 0x80, 0x1, 0xc0, 0x0,
    0xe0,

    /* U+BC88 "번" */
    0xe1, 0xc3, 0xb8, 0x70, 0xee, 0x1c, 0x3b, 0xff,
    0xe, 0xff, 0xff, 0xb8, 0x7f, 0xee, 0x1c, 0x3b,
    0x87, 0xe, 0xff, 0xc3, 0xbf, 0xf0, 0xe0, 0x0,
    0x38, 0x0, 0xe, 0xc, 0x3, 0x83, 0x0, 0xe0,
    0xc0, 0x38, 0x30, 0x0, 0xc, 0x0, 0x3, 0xff,
    0xf0, 0xff, 0xfc,

    /* U+BC8C "벌" */
    0xe1, 0xc3, 0xb8, 0x70, 0xef, 0xfc, 0x3b, 0xff,
    0xfe, 0xe1, 0xff, 0xb8, 0x70, 0xee, 0x1c, 0x3b,
    0xff, 0xe, 0xff, 0xc3, 0x80, 0x0, 0xe0, 0x0,
    0x0, 0x3f, 0xfe, 0xf, 0xff, 0x80, 0x0, 0xe0,
    0xff, 0xf8, 0x3f, 0xfe, 0xc, 0x0, 0x3, 0xff,
    0xf0, 0xff, 0xfc,

    /* U+BC94 "범" */
    0xe1, 0xc3, 0xf0, 0xe1, 0xf8, 0x70, 0xff, 0xf8,
    0x7f, 0xff, 0xff, 0xf, 0xff, 0x87, 0xf, 0xff,
    0x87, 0xff, 0xc3, 0x80, 0x1, 0xc0, 0x0, 0xe0,
    0x0, 0x0, 0xff, 0xf8, 0x7f, 0xfc, 0x30, 0xe,
    0x18, 0x7, 0xc, 0x3, 0x87, 0xff, 0xc3, 0xff,
    0xe0,

    /* U+BC95 "법" */
    0xe1, 0xc3, 0xf0, 0xe1, 0xf8, 0x70, 0xff, 0xf8,
    0x7f, 0xff, 0xff, 0xf, 0xff, 0x87, 0xf, 0xff,
    0x87, 0xff, 0xc3, 0x80, 0x1, 0xc0, 0x0, 0xe1,
    0x80, 0x70, 0xc0, 0x38, 0x7f, 0xfc, 0x3f, 0xfe,
    0x18, 0x7, 0xc, 0x3, 0x87, 0xff, 0xc3, 0xff,
    0xe0,

    /* U+BC97 "벗" */
    0xe1, 0xc3, 0xb8, 0x70, 0xee, 0x1c, 0x3b, 0xff,
    0xe, 0xff, 0xff, 0xb8, 0x7f, 0xee, 0x1c, 0x3b,
    0x87, 0xe, 0xff, 0xc3, 0xbf, 0xf0, 0xe0, 0x0,
    0x38, 0x3, 0x8e, 0x0, 0xe0, 0x0, 0x38, 0x0,
    0x1f, 0x0, 0xf, 0xe0, 0x7, 0xbc, 0x7, 0xc7,
    0xc3, 0xe0, 0x7c, 0x60, 0x6,

    /* U+BCBD "벽" */
    0xe1, 0xc3, 0xf0, 0xe1, 0xf8, 0x7f, 0xff, 0xff,
    0xff, 0xfc, 0x3f, 0xe, 0x1f, 0x87, 0xff, 0xc3,
    0xff, 0xff, 0xc3, 0xff, 0xe1, 0xc0, 0x0, 0xe0,
    0x0, 0x71, 0xff, 0xf8, 0xff, 0xfc, 0x0, 0xe,
    0x0, 0x7, 0x0, 0x3, 0x80, 0x1, 0xc0, 0x0,
    0xe0,

    /* U+BCC0 "변" */
    0xe1, 0xc3, 0xb8, 0x70, 0xee, 0x1f, 0xfb, 0x87,
    0xfe, 0xff, 0xff, 0xbf, 0xf0, 0xee, 0x1c, 0x3b,
    0x87, 0xfe, 0xff, 0xc3, 0xbf, 0xf0, 0xe0, 0x0,
    0x38, 0x0, 0xe, 0xc, 0x3, 0x83, 0x0, 0xe0,
    0xc0, 0x38, 0x30, 0x0, 0xc, 0x0, 0x3, 0xff,
    0xf0, 0xff, 0xfc,

    /* U+BCC4 "별" */
    0xe1, 0xc3, 0xb8, 0x70, 0xee, 0x1f, 0xfb, 0xff,
    0xfe, 0xff, 0xc3, 0xb8, 0x70, 0xee, 0x1f, 0xfb,
    0xff, 0xfe, 0xff, 0xc3, 0x80, 0x0, 0xe0, 0x0,
    0x0, 0x7f, 0xfe, 0x1f, 0xff, 0x80, 0x0, 0xe1,
    0xff, 0xf8, 0x7f, 0xfe, 0x1c, 0x0, 0x7, 0xff,
    0xf1, 0xff, 0xfc,

    /* U+BCCD "볍" */
    0xe0, 0xc3, 0xf0, 0x61, 0xf8, 0x3f, 0xff, 0xff,
    0xff, 0xfc, 0x3f, 0x6, 0x1f, 0x83, 0xff, 0xff,
    0xff, 0xff, 0xc3, 0x80, 0x1, 0xc0, 0x0, 0xe1,
    0xc0, 0x70, 0xe0, 0x38, 0x7f, 0xfc, 0x3f, 0xfe,
    0x1c, 0x7, 0xe, 0x3, 0x87, 0xff, 0xc3, 0xff,
    0xe0,

    /* U+BCD1 "병" */
    0xe1, 0xc3, 0xf0, 0xe1, 0xf8, 0x7f, 0xff, 0xff,
    0xff, 0xfc, 0x3f, 0xe, 0x1f, 0x87, 0xff, 0xc3,
    0xff, 0xff, 0xc3, 0xff, 0xe1, 0xc0, 0x0, 0xe0,
    0x3f, 0xf0, 0x7f, 0xf0, 0x70, 0x3c, 0x30, 0xe,
    0x18, 0x7, 0xe, 0x7, 0x83, 0xff, 0x80, 0x7f,
    0x0,

    /* U+BCF4 "보" */
    0x1c, 0x7, 0x3, 0x80, 0xe0, 0x70, 0x1c, 0xf,
    0xff, 0x81, 0xff, 0xf0, 0x38, 0xe, 0x7, 0x1,
    0xc0, 0xe0, 0x38, 0x1f, 0xff, 0x3, 0xff, 0xe0,
    0x3, 0x80, 0x0, 0x70, 0x0, 0xe, 0x0, 0x1,
    0xc0, 0x3f, 0xff, 0xff, 0xff, 0xff,

    /* U+BCF5 "복" */
    0x1c, 0x3, 0x3, 0x80, 0x60, 0x7f, 0xfc, 0xf,
    0xff, 0x81, 0xc0, 0x30, 0x3f, 0xfe, 0x7, 0xff,
    0xc0, 0x7, 0x0, 0x0, 0xe0, 0x1f, 0xff, 0xff,
    0xff, 0xff, 0x80, 0x0, 0x0, 0x0, 0x0, 0x3f,
    0xfe, 0x7, 0xff, 0xc0, 0x0, 0x18, 0x0, 0x3,
    0x0, 0x0, 0x60, 0x0, 0xc, 0x0,

    /* U+BCF6 "볶" */
    0x1c, 0x3, 0x3, 0xff, 0xe0, 0x7f, 0xfc, 0xe,
    0x1, 0x81, 0xc0, 0x30, 0x3f, 0xfe, 0x7, 0xff,
    0xc0, 0x3, 0x0, 0x0, 0x60, 0x1f, 0xff, 0xff,
    0xff, 0xff, 0x80, 0x0, 0x1, 0xff, 0xf8, 0x3f,
    0xff, 0x0, 0x70, 0xe0, 0xe, 0x1c, 0x1, 0xc3,
    0x80, 0x38, 0x70, 0x7, 0xe, 0x0,

    /* U+BCF8 "본" */
    0x1c, 0x3, 0x83, 0x80, 0x70, 0x7f, 0xfe, 0xf,
    0xff, 0xc1, 0xc0, 0x38, 0x38, 0x7, 0x7, 0xff,
    0xe0, 0xff, 0xfc, 0x0, 0xe0, 0x0, 0x1c, 0x3,
    0xff, 0xff, 0xff, 0xff, 0xf0, 0x0, 0x0, 0x38,
    0x0, 0x7, 0x0, 0x0, 0xe0, 0x0, 0x1c, 0x0,
    0x3, 0xff, 0xf0, 0x7f, 0xfe, 0x0,

    /* U+BD09 "봉" */
    0x1c, 0x7, 0x3, 0xff, 0xe0, 0x7f, 0xfc, 0xe,
    0x3, 0x81, 0xc0, 0x70, 0x3f, 0xfe, 0x7, 0xff,
    0xc0, 0x7, 0x0, 0x0, 0xe0, 0x1f, 0xff, 0xff,
    0xff, 0xff, 0x80, 0x0, 0x0, 0x7f, 0xc0, 0x3f,
    0xfe, 0x7, 0x1, 0xc0, 0xc0, 0x18, 0x1c, 0x7,
    0x3, 0xff, 0xe0, 0x1f, 0xf0, 0x0,

    /* U+BD80 "부" */
    0x1c, 0x7, 0x3, 0x80, 0xe0, 0x7f, 0xfc, 0xf,
    0xff, 0x81, 0xc0, 0x70, 0x38, 0xe, 0x7, 0x1,
    0xc0, 0xff, 0xf8, 0x1f, 0xff, 0x0, 0x0, 0x0,
    0x0, 0x0, 0x7f, 0xff, 0xff, 0xff, 0xfe, 0x1,
    0xc0, 0x0, 0x38, 0x0, 0x7, 0x0, 0x0, 0xe0,
    0x0, 0x1c, 0x0, 0x3, 0x80, 0x0,

    /* U+BD81 "북" */
    0x1c, 0x3, 0x3, 0x80, 0x60, 0x7f, 0xfc, 0xf,
    0xff, 0x81, 0xc0, 0x30, 0x3f, 0xfe, 0x7, 0xff,
    0xc0, 0x0, 0x0, 0x0, 0x0, 0x1f, 0xff, 0xff,
    0xff, 0xff, 0x80, 0x70, 0x0, 0xe, 0x0, 0x3f,
    0xfe, 0x7, 0xff, 0xc0, 0x0, 0x18, 0x0, 0x3,
    0x0, 0x0, 0x60, 0x0, 0xc, 0x0,

    /* U+BD84 "분" */
    0x1c, 0x3, 0x83, 0x80, 0x70, 0x7f, 0xfe, 0xf,
    0xff, 0xc1, 0xc0, 0x38, 0x38, 0x7, 0x7, 0xff,
    0xe0, 0xff, 0xfc, 0x0, 0x0, 0x0, 0x0, 0x3,
    0xff, 0xff, 0xff, 0xff, 0xf0, 0xe, 0x0, 0x39,
    0xc0, 0x7, 0x38, 0x0, 0xe7, 0x0, 0x1c, 0x0,
    0x3, 0xff, 0xf0, 0x7f, 0xfe, 0x0,

    /* U+BD88 "불" */
    0x1c, 0x3, 0x83, 0xff, 0xf0, 0x7f, 0xfe, 0xe,
    0x1, 0xc1, 0xff, 0xf8, 0x3f, 0xff, 0x0, 0x0,
    0x0, 0x0, 0x0, 0xff, 0xff, 0xff, 0xff, 0xfc,
    0x3, 0x80, 0xf, 0xff, 0xc1, 0xff, 0xf8, 0x0,
    0x7, 0x7, 0xff, 0xe0, 0xff, 0xfc, 0x1c, 0x0,
    0x3, 0xff, 0xf0, 0x7f, 0xfe, 0x0,

    /* U+BD89 "붉" */
    0x1c, 0x3, 0x3, 0xff, 0xe0, 0x7f, 0xfc, 0xe,
    0x1, 0x81, 0xc0, 0x30, 0x3f, 0xfe, 0x7, 0xff,
    0xc0, 0x0, 0x0, 0xff, 0xff, 0xff, 0xff, 0xfc,
    0x1, 0x80, 0x1f, 0xff, 0xc3, 0xff, 0xf8, 0x3,
    0x87, 0x0, 0x70, 0xe1, 0xfe, 0x1c, 0x3f, 0xc3,
    0x87, 0xfc, 0x70, 0xff, 0x8e, 0x0,

    /* U+BD93 "붓" */
    0x1c, 0x7, 0x3, 0xff, 0xe0, 0x7f, 0xfc, 0xe,
    0x3, 0x81, 0xc0, 0x70, 0x3f, 0xfe, 0x7, 0xff,
    0xc0, 0x0, 0x0, 0x0, 0x0, 0x1f, 0xff, 0xff,
    0xff, 0xff, 0x80, 0x70, 0x0, 0xe, 0x0, 0x0,
    0x0, 0x0, 0x38, 0x0, 0xf, 0x0, 0x3, 0xf8,
    0x1, 0xf7, 0xc1, 0xf8, 0x3f, 0x1c, 0x1, 0xc0,

    /* U+BD95 "붕" */
    0x1c, 0x7, 0x3, 0xff, 0xe0, 0x7f, 0xfc, 0xe,
    0x3, 0x81, 0xc0, 0x70, 0x3f, 0xfe, 0x7, 0xff,
    0xc0, 0x0, 0x0, 0x0, 0x0, 0x1f, 0xff, 0xff,
    0xff, 0xff, 0x80, 0x70, 0x0, 0x1f, 0x0, 0x1f,
    0xfc, 0x7, 0xff, 0xc0, 0xc0, 0x18, 0x1c, 0x7,
    0x3, 0xff, 0xe0, 0x1f, 0xf0, 0x0,

    /* U+BD99 "붙" */
    0x1c, 0x3, 0x83, 0xff, 0xf0, 0x7f, 0xfe, 0xe,
    0x1, 0xc1, 0xc0, 0x38, 0x3f, 0xff, 0x7, 0xff,
    0xe0, 0x0, 0x0, 0xff, 0xff, 0xff, 0xff, 0xfc,
    0x3, 0x80, 0xf, 0xff, 0xc1, 0xff, 0xf8, 0x38,
    0x0, 0x7, 0x0, 0x0, 0xff, 0xfc, 0x1f, 0xff,
    0x83, 0xff, 0xf0, 0x7f, 0xfe, 0x0,

    /* U+BE0C "브" */
    0x1c, 0x7, 0x3, 0x80, 0xe0, 0x70, 0x1c, 0xf,
    0xff, 0x81, 0xff, 0xf0, 0x38, 0xe, 0x7, 0x1,
    0xc0, 0xe0, 0x38, 0x1f, 0xff, 0x3, 0xff, 0xe0,
    0x0, 0x0, 0x0, 0x0, 0x0, 0x0, 0x0, 0x0,
    0x0, 0x3f, 0xff, 0xff, 0xff, 0xff,

    /* U+BE14 "블" */
    0x1c, 0x3, 0x83, 0xff, 0xf0, 0x7f, 0xfe, 0xe,
    0x1, 0xc1, 0xff, 0xf8, 0x3f, 0xff, 0x0, 0x0,
    0x0, 0x0, 0x0, 0xff, 0xff, 0xff, 0xff, 0xfc,
    0x0, 0x0, 0xf, 0xff, 0xc1, 0xff, 0xf8, 0x0,
    0x7, 0x7, 0xff, 0xe0, 0xff, 0xfc, 0x1c, 0x0,
    0x3, 0xff, 0xf0, 0x7f, 0xfe, 0x0,

    /* U+BE44 "비" */
    0x0, 0x3, 0xf0, 0xe1, 0xf8, 0x70, 0xfc, 0x38,
    0x7e, 0x1c, 0x3f, 0xe, 0x1f, 0xff, 0xf, 0xff,
    0x87, 0xe1, 0xc3, 0xf0, 0xe1, 0xf8, 0x70, 0xfc,
    0x38, 0x7f, 0xfc, 0x3f, 0xfe, 0x1c, 0x0, 0xe,
    0x0, 0x7, 0x0, 0x3, 0x80, 0x1, 0xc0, 0x0,
    0xe0,

    /* U+BE4C "빌" */
    0xe1, 0xc3, 0xf0, 0xe1, 0xf8, 0x70, 0xff, 0xf8,
    0x7f, 0xfc, 0x3f, 0xe, 0x1f, 0x87, 0xf, 0xff,
    0x87, 0xff, 0xc3, 0x80, 0x1, 0xc0, 0x0, 0x3,
    0xff, 0xf1, 0xff, 0xf8, 0x0, 0x1c, 0x7f, 0xfe,
    0x3f, 0xff, 0x1c, 0x0, 0xf, 0xff, 0xc7, 0xff,
    0xe0,

    /* U+BE5B "빛" */
    0xe1, 0xc3, 0x9c, 0x38, 0x73, 0x87, 0xe, 0x7f,
    0xe1, 0xcf, 0xfc, 0x39, 0xc3, 0x87, 0x38, 0x70,
    0xe7, 0xfe, 0x1c, 0xff, 0xc3, 0x80, 0x0, 0x70,
    0x3, 0x8e, 0x0, 0x70, 0x1, 0xff, 0xfc, 0x3f,
    0xff, 0x80, 0x7c, 0x0, 0x1f, 0xc0, 0x7, 0xbe,
    0xf, 0xe1, 0xfc, 0xf0, 0xf, 0x0,

    /* U+BE60 "빠" */
    0xcd, 0x99, 0xcc, 0xd9, 0x9c, 0xcd, 0x99, 0xcc,
    0xd9, 0x9c, 0xcd, 0x99, 0xcc, 0xd9, 0x9c, 0xfd,
    0xf9, 0xcf, 0xdf, 0x9f, 0xcd, 0x99, 0xfc, 0xd9,
    0x9c, 0xcd, 0x99, 0xcc, 0xd9, 0x9c, 0xfd, 0xf9,
    0xcf, 0xdf, 0x9c, 0x0, 0x1, 0xc0, 0x0, 0x1c,
    0x0, 0x1, 0xc0, 0x0, 0x1c, 0x0, 0x1, 0xc0,

    /* U+BE68 "빨" */
    0xdd, 0x9b, 0x8d, 0xd9, 0xb8, 0xdd, 0x9b, 0x8f,
    0xdf, 0xb8, 0xfd, 0xfb, 0x8d, 0xd9, 0xbf, 0xdd,
    0x9b, 0xff, 0xdf, 0xb8, 0xfd, 0xfb, 0x80, 0x0,
    0x38, 0x0, 0x0, 0x1, 0xff, 0xf8, 0x1f, 0xff,
    0x80, 0x0, 0x38, 0x1f, 0xff, 0x81, 0xff, 0xf8,
    0x1c, 0x0, 0x1, 0xff, 0xfc, 0x1f, 0xff, 0xc0,

    /* U+BE75 "빵" */
    0xcd, 0x9b, 0x8c, 0xd9, 0xb8, 0xcd, 0x9b, 0x8c,
    0xd9, 0xb8, 0xfd, 0xfb, 0x8f, 0xdf, 0xbf, 0xcd,
    0x9b, 0xfc, 0xd9, 0xb8, 0xfd, 0xfb, 0x8f, 0xdf,
    0xb8, 0x0, 0x3, 0x80, 0x0, 0x38, 0x3, 0xfc,
    0x0, 0xff, 0xf0, 0x1e, 0x7, 0x81, 0xc0, 0x38,
    0x1e, 0x7, 0x80, 0xff, 0xf0, 0x3, 0xfc, 0x0,

    /* U+BE7C "빼" */
    0xdb, 0x76, 0xf6, 0xdd, 0xbd, 0xb7, 0x6f, 0x6d,
    0xdb, 0xdb, 0x76, 0xf6, 0xdd, 0xbf, 0xbf, 0x6f,
    0xef, 0xdf, 0xdb, 0x77, 0xf6, 0xdd, 0xbd, 0xb7,
    0x6f, 0x6d, 0xdb, 0xfb, 0xf6, 0xfe, 0xfd, 0xb0,
    0x0, 0x6c, 0x0, 0x1b, 0x0, 0x6, 0xc0, 0x1,
    0xb0, 0x0, 0x6c,

    /* U+BEA8 "뺨" */
    0xdd, 0x9b, 0x8d, 0xd9, 0xb8, 0xdd, 0x9b, 0xff,
    0xdf, 0xbf, 0xfd, 0xfb, 0x8d, 0xd9, 0xb8, 0xdd,
    0x9b, 0xfd, 0xd9, 0xbf, 0xfd, 0xfb, 0xff, 0xdf,
    0xb8, 0x0, 0x3, 0x80, 0x0, 0x0, 0x1f, 0xff,
    0x81, 0xff, 0xf8, 0x1c, 0x3, 0x81, 0xc0, 0x38,
    0x1c, 0x3, 0x81, 0xff, 0xf8, 0x1f, 0xff, 0x80,

    /* U+BED0 "뻐" */
    0xcd, 0x99, 0xf3, 0x66, 0x7c, 0xd9, 0x9f, 0x36,
    0x67, 0xcd, 0x99, 0xf3, 0x66, 0x7f, 0xdf, 0x9f,
    0xf7, 0xff, 0xcd, 0x9f, 0xf3, 0x66, 0x7c, 0xd9,
    0x9f, 0x36, 0x67, 0xfd, 0xf9, 0xff, 0x7e, 0x70,
    0x0, 0x1c, 0x0, 0x7, 0x0, 0x1, 0xc0, 0x0,
    0x70, 0x0, 0x1c,

    /* U+BED4 "뻔" */
    0xcd, 0x9b, 0xb3, 0x66, 0xec, 0xd9, 0xbb, 0x36,
    0x6e, 0xfd, 0xfb, 0xbf, 0x7f, 0xec, 0xd9, 0xfb,
    0x36, 0x6e, 0xcd, 0x9b, 0xbf, 0x7e, 0xef, 0xdf,
    0xb8, 0x0, 0xe, 0xc, 0x3, 0x83, 0x0, 0xe0,
    0xc0, 0x38, 0x30, 0x0, 0xc, 0x0, 0x3, 0xff,
    0xf0, 0xff, 0xfc,

    /* U+BED7 "뻗" */
    0xcd, 0x9b, 0xb3, 0x66, 0xec, 0xd9, 0xbb, 0xf7,
    0xee, 0xfd, 0xff, 0xb3, 0x67, 0xec, 0xd9, 0xbb,
    0x36, 0x6e, 0xfd, 0xfb, 0xbf, 0x7e, 0xe0, 0x0,
    0x38, 0x0, 0xe, 0xf, 0xff, 0x83, 0xff, 0xe0,
    0xe0, 0x0, 0x38, 0x0, 0xe, 0x0, 0x3, 0xff,
    0xf0, 0xff, 0xfc,

    /* U+BF08 "뼈" */
    0xcd, 0x99, 0xf3, 0x66, 0x7c, 0xd9, 0x9f, 0x36,
    0x7f, 0xcd, 0x9f, 0xf3, 0x67, 0xff, 0xdf, 0x9f,
    0xf7, 0xe7, 0xcd, 0x99, 0xf3, 0x67, 0xfc, 0xd9,
    0xff, 0x36, 0x67, 0xfd, 0xf9, 0xff, 0x7e, 0x70,
    0x0, 0x1c, 0x0, 0x7, 0x0, 0x1, 0xc0, 0x0,
    0x70, 0x0, 0x1c,

    /* U+BF51 "뽑" */
    0x31, 0xb1, 0x87, 0xf7, 0xf0, 0xfe, 0xfe, 0x18,
    0xd8, 0xc3, 0x1b, 0x18, 0x7f, 0x7f, 0xf, 0xef,
    0xe0, 0x7, 0x0, 0x0, 0xe0, 0x1f, 0xff, 0xff,
    0xff, 0xff, 0x80, 0x0, 0x1, 0x80, 0x30, 0x30,
    0x6, 0x7, 0xff, 0xc0, 0xff, 0xf8, 0x18, 0x3,
    0x3, 0xff, 0xe0, 0x7f, 0xfc, 0x0,

    /* U+BFCC "뿌" */
    0x33, 0xb9, 0x86, 0x77, 0x30, 0xce, 0xe6, 0x1f,
    0xdf, 0xc3, 0xfb, 0xf8, 0x67, 0x73, 0xc, 0xee,
    0x61, 0xfd, 0xfc, 0x3f, 0xbf, 0x80, 0x0, 0x0,
    0x0, 0x0, 0x7f, 0xff, 0xff, 0xff, 0xfe, 0x1,
    0xc0, 0x0, 0x38, 0x0, 0x7, 0x0, 0x0, 0xe0,
    0x0, 0x1c, 0x0, 0x3, 0x80, 0x0,

    /* U+C058 "쁘" */
    0x33, 0xb9, 0x86, 0x77, 0x30, 0xce, 0xe6, 0x1f,
    0xdf, 0xc3, 0xfb, 0xf8, 0x67, 0x73, 0xc, 0xee,
    0x61, 0x9d, 0xcc, 0x3f, 0xbf, 0x87, 0xf7, 0xf0,
    0x0, 0x0, 0x0, 0x0, 0x0, 0x0, 0x0, 0x0,
    0x0, 0x0, 0x0, 0x7, 0xff, 0xff, 0xff, 0xff,
    0xe0,

    /* U+C068 "쁨" */
    0x39, 0xb9, 0x87, 0x37, 0x30, 0xfe, 0xfe, 0x1f,
    0xdf, 0xc3, 0x9b, 0x98, 0x7f, 0x7f, 0xf, 0xef,
    0xe0, 0x0, 0x0, 0x0, 0x0, 0x1f, 0xff, 0xff,
    0xff, 0xff, 0x80, 0x0, 0x0, 0x0, 0x0, 0x3f,
    0xfe, 0x7, 0xff, 0xc0, 0xe0, 0x18, 0x1c, 0x3,
    0x3, 0xff, 0xe0, 0x7f, 0xfc, 0x0,

    /* U+C0AC "사" */
    0x3, 0x81, 0xc0, 0x1c, 0xe, 0x0, 0xe0, 0x70,
    0x7, 0x3, 0x80, 0x38, 0x1c, 0x1, 0xc0, 0xe0,
    0xe, 0x7, 0x0, 0xf8, 0x3f, 0x7, 0xc1, 0xf8,
    0x77, 0xe, 0x7, 0xbc, 0x70, 0x78, 0xf3, 0x87,
    0x83, 0xdc, 0x38, 0xc, 0xe0, 0x0, 0x7, 0x0,
    0x0, 0x38, 0x0, 0x1, 0xc0, 0x0, 0xe, 0x0,
    0x0, 0x70,

    /* U+C0B0 "산" */
    0x7, 0x3, 0x80, 0x70, 0x38, 0x7, 0x3, 0x80,
    0x70, 0x38, 0x7, 0x3, 0x80, 0x78, 0x38, 0xf,
    0x83, 0xf1, 0xfc, 0x3f, 0x3c, 0xe3, 0x87, 0x87,
    0xb8, 0xf0, 0x33, 0x80, 0x0, 0x38, 0xe, 0x3,
    0x80, 0xe0, 0x38, 0xe, 0x3, 0x80, 0xe0, 0x0,
    0xe, 0x0, 0x0, 0xff, 0xfc, 0xf, 0xff, 0xc0,

    /* U+C0B4 "살" */
    0x7, 0x3, 0x80, 0x70, 0x38, 0x7, 0x3, 0x80,
    0x70, 0x38, 0x7, 0x83, 0xf0, 0xf8, 0x3f, 0x1d,
    0xe3, 0x83, 0x8f, 0x38, 0xf0, 0x73, 0x86, 0x0,
    0x38, 0xf, 0xff, 0x80, 0xff, 0xf8, 0x0, 0x3,
    0x80, 0x0, 0x38, 0xf, 0xff, 0x80, 0xff, 0xf8,
    0xe, 0x0, 0x0, 0xff, 0xfc, 0xf, 0xff, 0xc0,

    /* U+C0B6 "삶" */
    0x7, 0x3, 0x80, 0x70, 0x38, 0x7, 0x3, 0x80,
    0x70, 0x38, 0xf, 0x83, 0xf1, 0xdc, 0x3f, 0x3c,
    0xfb, 0x8f, 0x87, 0xb8, 0x70, 0x13, 0x80, 0x0,
    0x38, 0x0, 0x0, 0x3, 0xf9, 0xf8, 0x3f, 0x9f,
    0x80, 0x39, 0xb8, 0x3f, 0x9b, 0x83, 0xf9, 0xb8,
    0x38, 0x1b, 0x83, 0xfd, 0xf8, 0x3f, 0xdf, 0x80,

    /* U+C0C1 "상" */
    0x3, 0x81, 0xc0, 0x1c, 0xe, 0x0, 0xe0, 0x70,
    0x7, 0x3, 0x80, 0x78, 0x1f, 0x83, 0xe0, 0xfc,
    0x3b, 0x87, 0x3, 0x9e, 0x38, 0x3c, 0x79, 0xc3,
    0xc0, 0xce, 0x1c, 0x0, 0x70, 0x40, 0x3, 0x80,
    0x1f, 0xe0, 0x3, 0xff, 0xc0, 0x3c, 0xf, 0x1,
    0xc0, 0x38, 0xf, 0x3, 0xc0, 0x3f, 0xfc, 0x0,
    0x7f, 0x80,

    /* U+C0C8 "새" */
    0xe, 0x1d, 0xc3, 0x87, 0x70, 0xe1, 0xdc, 0x38,
    0x77, 0xe, 0x1d, 0xc3, 0x87, 0x70, 0xe1, 0xdc,
    0x38, 0x7f, 0x1f, 0x1f, 0xc7, 0xc7, 0x73, 0xb9,
    0xdc, 0xee, 0x77, 0x71, 0xdd, 0xf8, 0x37, 0x74,
    0x1, 0xdc, 0x0, 0x77, 0x0, 0x1d, 0xc0, 0x7,
    0x70, 0x1, 0xdc,

    /* U+C0C9 "색" */
    0xe, 0x1d, 0xc3, 0x87, 0x70, 0xe1, 0xdc, 0x38,
    0x77, 0xe, 0x1d, 0xc7, 0xc7, 0xf1, 0xf1, 0xfc,
    0xee, 0x77, 0x7b, 0xdd, 0xfc, 0x7f, 0x7e, 0xd,
    0xdd, 0x0, 0x7, 0xf, 0xff, 0xc3, 0xff, 0xf0,
    0x0, 0x1c, 0x0, 0x7, 0x0, 0x1, 0xc0, 0x0,
    0x70, 0x0, 0x1c,

    /* U+C0CC "샌" */
    0xe, 0x1d, 0xc1, 0xc3, 0xb8, 0x38, 0x77, 0x7,
    0xe, 0xe0, 0xe1, 0xdc, 0x3e, 0x3f, 0x87, 0xc7,
    0xf1, 0xdc, 0xee, 0x7b, 0xdd, 0xde, 0x3b, 0xbb,
    0x83, 0x77, 0x20, 0xe, 0xe0, 0xe1, 0xdc, 0x1c,
    0x3, 0x83, 0x80, 0x70, 0x70, 0x0, 0xe, 0x0,
    0x1, 0xff, 0xfc, 0x3f, 0xff, 0x80,

    /* U+C0DD "생" */
    0xe, 0x1d, 0xc3, 0x87, 0x70, 0xe1, 0xdc, 0x38,
    0x77, 0xe, 0x1d, 0xc7, 0xc7, 0xf1, 0xf1, 0xfc,
    0xee, 0x77, 0x79, 0xfd, 0xfc, 0x37, 0x76, 0x1,
    0xdc, 0x0, 0x7, 0x1, 0xfe, 0x1, 0xff, 0xe0,
    0xf0, 0x3c, 0x38, 0x7, 0xf, 0x3, 0xc1, 0xff,
    0xe0, 0x1f, 0xe0,

    /* U+C11C "서" */
    0x3, 0x80, 0xe0, 0x70, 0x1c, 0xe, 0x3, 0x81,
    0xc0, 0x70, 0x38, 0xe, 0x7, 0x1, 0xc0, 0xe7,
    0xf8, 0x3e, 0xff, 0x7, 0xc0, 0xe1, 0xfc, 0x1c,
    0x3b, 0x83, 0x8e, 0x38, 0x77, 0x83, 0xce, 0xe0,
    0x31, 0xc8, 0x0, 0x38, 0x0, 0x7, 0x0, 0x0,
    0xe0, 0x0, 0x1c, 0x0, 0x3, 0x80,

    /* U+C11D "석" */
    0x7, 0x1, 0xc1, 0xc0, 0x70, 0x70, 0x1c, 0x1c,
    0x7f, 0x7, 0x1f, 0xc3, 0xe0, 0x70, 0xf8, 0x1c,
    0x77, 0x7, 0x38, 0xf1, 0xfc, 0x1c, 0x7e, 0x2,
    0x1d, 0x0, 0x7, 0xf, 0xff, 0xc3, 0xff, 0xf0,
    0x0, 0x1c, 0x0, 0x7, 0x0, 0x1, 0xc0, 0x0,
    0x70, 0x0, 0x1c,

    /* U+C11E "섞" */
    0x7, 0x1, 0xc1, 0xc0, 0x70, 0x70, 0x1c, 0x1c,
    0x7f, 0x7, 0x1f, 0xc3, 0xe0, 0x70, 0xfc, 0x1c,
    0x77, 0x87, 0x38, 0xf1, 0xfc, 0x1c, 0x76, 0x0,
    0x1c, 0x0, 0x0, 0x1f, 0xdf, 0xc7, 0xf7, 0xf0,
    0xc, 0x1c, 0x3, 0x7, 0x0, 0xc1, 0xc0, 0x30,
    0x70, 0xc, 0x1c,

    /* U+C120 "선" */
    0x3, 0x0, 0xe0, 0x60, 0x1c, 0xc, 0x3, 0x83,
    0x80, 0x70, 0x78, 0xfe, 0xf, 0x1f, 0xc3, 0xf0,
    0x38, 0x7f, 0x7, 0x1c, 0xf0, 0xef, 0xf, 0x1d,
    0xc0, 0xe3, 0x90, 0x0, 0x70, 0x70, 0xe, 0xe,
    0x1, 0xc1, 0xc0, 0x38, 0x38, 0x0, 0x7, 0x0,
    0x0, 0xff, 0xfc, 0x1f, 0xff, 0x80,

    /* U+C124 "설" */
    0x3, 0x0, 0xe0, 0x60, 0x1c, 0xc, 0x3, 0x83,
    0xc7, 0xf0, 0x78, 0xfe, 0x1f, 0x81, 0xc7, 0xb8,
    0x39, 0xe7, 0xc7, 0xf8, 0x38, 0xee, 0x2, 0x1c,
    0x0, 0x0, 0x3, 0xff, 0xf0, 0x7f, 0xfe, 0x0,
    0x1, 0xc1, 0xff, 0xf8, 0x3f, 0xff, 0x7, 0x0,
    0x0, 0xff, 0xfc, 0x1f, 0xff, 0x80,

    /* U+C12C "섬" */
    0x3, 0x80, 0xe0, 0x70, 0x1c, 0xe, 0x3, 0x81,
    0xc7, 0xf0, 0x78, 0xfe, 0xf, 0x81, 0xc3, 0xf8,
    0x38, 0xe7, 0x87, 0x3c, 0x78, 0xee, 0x7, 0x1c,
    0x80, 0x3, 0x80, 0x0, 0x0, 0x7f, 0xfe, 0xf,
    0xff, 0xc1, 0xc0, 0x38, 0x38, 0x7, 0x7, 0x0,
    0xe0, 0xff, 0xfc, 0x1f, 0xff, 0x80,

    /* U+C131 "성" */
    0x7, 0x0, 0xe0, 0xe0, 0x1c, 0x1c, 0x3, 0x83,
    0x87, 0xf0, 0x78, 0xfe, 0xf, 0x1, 0xc3, 0xf0,
    0x38, 0xe7, 0x7, 0x3c, 0x78, 0xef, 0x7, 0x1d,
    0xc0, 0x43, 0x90, 0x7f, 0xf0, 0x3f, 0xfc, 0xf,
    0x3, 0xc1, 0xc0, 0x38, 0x38, 0x7, 0x7, 0x81,
    0xe0, 0x7f, 0xf8, 0x3, 0xfc, 0x0,

    /* U+C138 "세" */
    0xe, 0x1d, 0xc3, 0x87, 0x70, 0xe1, 0xdc, 0x38,
    0x77, 0xe, 0x1d, 0xc3, 0x87, 0x70, 0xef, 0xdc,
    0x3b, 0xf7, 0x1e, 0x1d, 0xc7, 0xc7, 0x71, 0xf1,
    0xdc, 0xee, 0x77, 0x73, 0xdd, 0xfc, 0x77, 0x76,
    0x9, 0xdc, 0x0, 0x77, 0x0, 0x1d, 0xc0, 0x7,
    0x70, 0x1, 0xdc,

    /* U+C14B "셋" */
    0xe, 0xd, 0xc1, 0xc1, 0xb8, 0x38, 0x37, 0x7,
    0x3e, 0xe0, 0xe7, 0xdc, 0x3e, 0x1b, 0x87, 0xc3,
    0x71, 0xdc, 0x6e, 0x79, 0xed, 0xde, 0x19, 0xb9,
    0x81, 0x37, 0x0, 0x0, 0xe0, 0x7, 0x1c, 0x0,
    0xe0, 0x0, 0x1c, 0x0, 0x7, 0xc0, 0x1, 0xdc,
    0x0, 0xf1, 0xe0, 0xfc, 0x1f, 0x8e, 0x1, 0xe0,

    /* U+C158 "션" */
    0x3, 0x0, 0xe0, 0x60, 0x1c, 0xc, 0x3f, 0x83,
    0x87, 0xf0, 0x78, 0xe, 0xf, 0x1f, 0xc3, 0xf3,
    0xf8, 0xf7, 0x7, 0x3c, 0xf8, 0xef, 0xf, 0x1d,
    0xc0, 0x43, 0x90, 0x0, 0x70, 0x70, 0xe, 0xe,
    0x1, 0xc1, 0xc0, 0x38, 0x38, 0x0, 0x7, 0x0,
    0x0, 0xff, 0xfc, 0x1f, 0xff, 0x80,

    /* U+C18C "소" */
    0x0, 0xe0, 0x0, 0x1c, 0x0, 0x3, 0x80, 0x0,
    0x70, 0x0, 0x1f, 0x0, 0x7, 0x70, 0x1, 0xef,
    0x0, 0xf8, 0xf8, 0x7e, 0x7, 0xcf, 0x0, 0x78,
    0x83, 0x80, 0x0, 0x70, 0x0, 0xe, 0x0, 0x1,
    0xc0, 0x0, 0x38, 0x7, 0xff, 0xff, 0xff, 0xff,
    0xe0,

    /* U+C18D "속" */
    0x0, 0xe0, 0x0, 0x1c, 0x0, 0x3, 0xc0, 0x1,
    0xfc, 0x0, 0xf9, 0xe0, 0xfc, 0x1f, 0x8e, 0x0,
    0xe0, 0x7, 0x0, 0x0, 0xe0, 0x1f, 0xff, 0xff,
    0xff, 0xff, 0x80, 0x0, 0x0, 0x0, 0x0, 0x3f,
    0xfe, 0x7, 0xff, 0xc0, 0x0, 0x18, 0x0, 0x3,
    0x0, 0x0, 0x60, 0x0, 0xc, 0x0,

    /* U+C190 "손" */
    0x0, 0xe0, 0x0, 0x1c, 0x0, 0x3, 0xc0, 0x0,
    0xfc, 0x0, 0x3b, 0xc0, 0x3e, 0x3e, 0x1f, 0x81,
    0xf1, 0x87, 0xc, 0x0, 0xe0, 0x0, 0x1c, 0x3,
    0xff, 0xff, 0xff, 0xff, 0xf0, 0x0, 0x0, 0x38,
    0x0, 0x7, 0x0, 0x0, 0xe0, 0x0, 0x1c, 0x0,
    0x3, 0xff, 0xf0, 0x7f, 0xfe, 0x0,

    /* U+C194 "솔" */
    0x0, 0xe0, 0x0, 0x1c, 0x0, 0x7, 0xc0, 0x1,
    0xfe, 0x3, 0xf1, 0xfc, 0xf8, 0xf, 0x88, 0x38,
    0x20, 0x7, 0x0, 0xff, 0xff, 0xff, 0xff, 0xfc,
    0x0, 0x0, 0xf, 0xff, 0xc1, 0xff, 0xf8, 0x0,
    0x7, 0x7, 0xff, 0xe0, 0xff, 0xfc, 0x1c, 0x0,
    0x3, 0xff, 0xf0, 0x7f, 0xfe, 0x0,

    /* U+C19C "솜" */
    0x0, 0xe0, 0x0, 0x1c, 0x0, 0x7, 0xc0, 0x1,
    0xfc, 0x0, 0xfb, 0xe0, 0xfc, 0x1f, 0x8e, 0x38,
    0xe0, 0x7, 0x0, 0x0, 0xe0, 0x1f, 0xff, 0xff,
    0xff, 0xff, 0x80, 0x0, 0x1, 0xff, 0xf0, 0x3f,
    0xfe, 0x6, 0x0, 0xc0, 0xc0, 0x18, 0x18, 0x3,
    0x3, 0xff, 0xe0, 0x7f, 0xfc, 0x0,

    /* U+C19F "솟" */
    0x0, 0xe0, 0x0, 0x1c, 0x0, 0x7, 0xc0, 0x1,
    0xfc, 0x0, 0xf1, 0xe0, 0xfc, 0x1f, 0x8e, 0x38,
    0xe0, 0x7, 0x0, 0x0, 0xe0, 0x1f, 0xff, 0xff,
    0xff, 0xff, 0x80, 0x0, 0x0, 0xe, 0x0, 0x1,
    0xc0, 0x0, 0x7c, 0x0, 0x1f, 0xc0, 0x7, 0xbe,
    0xf, 0xe3, 0xf8, 0xf0, 0x1e, 0x0, 0x0, 0x40,

    /* U+C1A1 "송" */
    0x0, 0xe0, 0x0, 0x1c, 0x0, 0x7, 0xc0, 0x1,
    0xfc, 0x0, 0xfb, 0xe0, 0xfc, 0x1f, 0x8e, 0x38,
    0xe0, 0x7, 0x0, 0x0, 0xe0, 0x1f, 0xff, 0xff,
    0xff, 0xff, 0x80, 0x0, 0x0, 0x3f, 0x80, 0x1f,
    0xfc, 0x7, 0x1, 0xc0, 0xc0, 0x18, 0x1c, 0x7,
    0x3, 0xff, 0xe0, 0x1f, 0xf0, 0x0,

    /* U+C1C4 "쇄" */
    0x0, 0x1c, 0xe1, 0xc3, 0x9c, 0x38, 0x73, 0x87,
    0xe, 0x70, 0xe1, 0xce, 0x3e, 0x39, 0xce, 0xe7,
    0x3b, 0xdf, 0xe7, 0xf0, 0xdf, 0xe8, 0xb, 0xfc,
    0x38, 0x73, 0x87, 0xe, 0x70, 0xe1, 0xce, 0x1c,
    0x39, 0xff, 0xff, 0x3f, 0xff, 0xe7, 0x0, 0x1c,
    0xe0, 0x3, 0x9c, 0x0, 0x73, 0x80,

    /* U+C1E0 "쇠" */
    0x3, 0x80, 0xe0, 0x70, 0x1c, 0xe, 0x3, 0x81,
    0xc0, 0x70, 0x7c, 0xe, 0x1d, 0xc1, 0xc7, 0xbc,
    0x3b, 0xe1, 0xe7, 0x70, 0x1c, 0xe0, 0x0, 0x1c,
    0xe, 0x3, 0x81, 0xc0, 0x70, 0x38, 0xe, 0x7,
    0x1, 0xff, 0xff, 0xbf, 0xff, 0xf7, 0x0, 0x0,
    0xe0, 0x0, 0x1c, 0x0, 0x3, 0x80,

    /* U+C218 "수" */
    0x0, 0xe0, 0x0, 0x1c, 0x0, 0x3, 0x80, 0x0,
    0xf8, 0x0, 0x3b, 0x80, 0x1e, 0x3c, 0x1f, 0x83,
    0xf1, 0xc0, 0xc, 0x0, 0x0, 0x0, 0x0, 0x3,
    0xff, 0xff, 0xff, 0xff, 0xf0, 0xe, 0x0, 0x1,
    0xc0, 0x0, 0x38, 0x0, 0x7, 0x0, 0x0, 0xe0,
    0x0, 0x1c, 0x0, 0x3, 0x80, 0x0,

    /* U+C219 "숙" */
    0x0, 0xe0, 0x0, 0x1c, 0x0, 0x3, 0xc0, 0x1,
    0xfc, 0x1, 0xf9, 0xf0, 0xfc, 0x1f, 0x8c, 0x0,
    0x60, 0x0, 0x0, 0xff, 0xff, 0xff, 0xff, 0xfc,
    0x3, 0x80, 0x0, 0x70, 0x0, 0xe, 0x0, 0x3f,
    0xfe, 0x7, 0xff, 0xc0, 0x0, 0x18, 0x0, 0x3,
    0x0, 0x0, 0x60, 0x0, 0xc, 0x0,

    /* U+C21C "순" */
    0x0, 0xe0, 0x0, 0x1c, 0x0, 0x3, 0xc0, 0x0,
    0xfc, 0x0, 0x79, 0xe0, 0xfc, 0x1f, 0x8e, 0x0,
    0xf0, 0x0, 0x0, 0x0, 0x0, 0x1f, 0xff, 0xff,
    0xff, 0xff, 0x80, 0x70, 0x0, 0xe, 0x0, 0x39,
    0xc0, 0x7, 0x38, 0x0, 0xe0, 0x0, 0x1c, 0x0,
    0x3, 0xff, 0xf0, 0x7f, 0xfe, 0x0,

    /* U+C220 "술" */
    0x0, 0xe0, 0x0, 0x1c, 0x0, 0x7, 0xc0, 0x1,
    0xfe, 0x1, 0xf9, 0xf0, 0xfc, 0xf, 0x8c, 0x0,
    0x20, 0x0, 0x0, 0xff, 0xff, 0xff, 0xff, 0xfc,
    0x3, 0x80, 0xf, 0xff, 0xc1, 0xff, 0xf8, 0x0,
    0x7, 0x7, 0xff, 0xe0, 0xff, 0xfc, 0x1c, 0x0,
    0x3, 0xff, 0xf0, 0x7f, 0xfe, 0x0,

    /* U+C228 "숨" */
    0x0, 0xe0, 0x0, 0x1c, 0x0, 0x7, 0xc0, 0x3,
    0xde, 0x7, 0xf1, 0xfc, 0xf8, 0xf, 0x80, 0x0,
    0x0, 0x0, 0x0, 0xff, 0xff, 0xff, 0xff, 0xfc,
    0x3, 0x80, 0x0, 0x70, 0x1, 0xff, 0xf0, 0x3f,
    0xfe, 0x6, 0x0, 0xc0, 0xc0, 0x18, 0x18, 0x3,
    0x3, 0xff, 0xe0, 0x7f, 0xfc, 0x0,

    /* U+C22B "숫" */
    0x0, 0xe0, 0x0, 0x1c, 0x0, 0x3, 0x80, 0x0,
    0xf8, 0x0, 0x7b, 0xc0, 0xfe, 0x3f, 0x1f, 0x1,
    0xf1, 0x0, 0x4, 0x0, 0x0, 0x1f, 0xff, 0xff,
    0xff, 0xff, 0x80, 0x70, 0x0, 0xe, 0x0, 0x0,
    0x0, 0x0, 0x38, 0x0, 0xf, 0x0, 0x3, 0xf8,
    0x1, 0xf7, 0xc1, 0xf8, 0x3f, 0x1c, 0x1, 0xc0,

    /* U+C26C "쉬" */
    0x3, 0x81, 0xc0, 0xe0, 0x70, 0x38, 0x1c, 0x1f,
    0x7, 0xe, 0xe1, 0xcf, 0x1e, 0x77, 0x83, 0x9c,
    0x80, 0x7, 0x0, 0x1, 0xff, 0xff, 0x7f, 0xff,
    0xdc, 0xe, 0x7, 0x3, 0x81, 0xc0, 0xe0, 0x70,
    0x38, 0x1c, 0xe, 0x7, 0x3, 0x81, 0xc0, 0xe0,
    0x70, 0x38, 0x1c,

    /* U+C27D "쉽" */
    0x3, 0x81, 0xc0, 0xe0, 0x70, 0x78, 0x1c, 0x3f,
    0x7, 0x1e, 0xf9, 0xdf, 0x1e, 0x73, 0x1, 0x9c,
    0x0, 0x7, 0xff, 0xfd, 0xff, 0xff, 0x70, 0x38,
    0x1c, 0xe, 0x7, 0xf, 0x81, 0xc3, 0x80, 0x70,
    0xff, 0xfc, 0x3f, 0xff, 0xe, 0x1, 0xc3, 0xff,
    0xf0, 0xff, 0xfc,

    /* U+C2A4 "스" */
    0x0, 0xe0, 0x0, 0x1c, 0x0, 0x3, 0x80, 0x0,
    0x70, 0x0, 0x1f, 0x0, 0x7, 0x70, 0x1, 0xef,
    0x0, 0xf8, 0xf8, 0x7c, 0x7, 0xcf, 0x0, 0x78,
    0x80, 0x0, 0x0, 0x0, 0x0, 0x0, 0x0, 0x0,
    0x0, 0x0, 0x0, 0x7, 0xff, 0xff, 0xff, 0xff,
    0xe0,

    /* U+C2AC "슬" */
    0x0, 0xe0, 0x0, 0x1c, 0x0, 0x3, 0xc0, 0x1,
    0xfc, 0x0, 0xf9, 0xf0, 0xfc, 0xf, 0x8e, 0x0,
    0x70, 0x0, 0x0, 0xff, 0xff, 0xff, 0xff, 0xfc,
    0x0, 0x0, 0xf, 0xff, 0xc1, 0xff, 0xf8, 0x0,
    0x7, 0x7, 0xff, 0xe0, 0xff, 0xfc, 0x1c, 0x0,
    0x3, 0xff, 0xf0, 0x7f, 0xfe, 0x0,

    /* U+C2B5 "습" */
    0x0, 0xe0, 0x0, 0x1c, 0x0, 0x7, 0xc0, 0x1,
    0xde, 0x7, 0xf1, 0xfc, 0xf8, 0xf, 0x88, 0x0,
    0x20, 0x0, 0x0, 0xff, 0xff, 0xff, 0xff, 0xfc,
    0x0, 0x0, 0x0, 0x0, 0x1, 0x80, 0x30, 0x30,
    0x6, 0x7, 0xff, 0xc0, 0xff, 0xf8, 0x18, 0x3,
    0x3, 0xff, 0xe0, 0x7f, 0xfc, 0x0,

    /* U+C2B9 "승" */
    0x0, 0xe0, 0x0, 0x1c, 0x0, 0x3, 0x80, 0x1,
    0xfc, 0x0, 0x7b, 0xc0, 0xfc, 0x1f, 0x9f, 0x1,
    0xf0, 0x0, 0x0, 0x0, 0x0, 0x1f, 0xff, 0xff,
    0xff, 0xff, 0x80, 0x0, 0x0, 0x3f, 0x80, 0x1f,
    0xfc, 0x7, 0x1, 0xc0, 0xc0, 0x18, 0x1c, 0x7,
    0x3, 0xff, 0xe0, 0x1f, 0xf0, 0x0,

    /* U+C2DC "시" */
    0x3, 0x81, 0xc0, 0xe0, 0x70, 0x38, 0x1c, 0xe,
    0x7, 0x3, 0x81, 0xc0, 0xe0, 0x70, 0x38, 0x1c,
    0x1f, 0x7, 0x7, 0xc1, 0xc3, 0xb8, 0x71, 0xcf,
    0x1c, 0xf1, 0xe7, 0x78, 0x39, 0xcc, 0x4, 0x70,
    0x0, 0x1c, 0x0, 0x7, 0x0, 0x1, 0xc0, 0x0,
    0x70, 0x0, 0x1c,

    /* U+C2DD "식" */
    0x3, 0x81, 0xc0, 0xe0, 0x70, 0x38, 0x1c, 0xe,
    0x7, 0x3, 0x81, 0xc1, 0xf0, 0x70, 0x7c, 0x1c,
    0x3b, 0x87, 0x1e, 0xf1, 0xdf, 0x1e, 0x77, 0x81,
    0x9c, 0x80, 0x7, 0xf, 0xff, 0xc3, 0xff, 0xf0,
    0x0, 0x1c, 0x0, 0x7, 0x0, 0x1, 0xc0, 0x0,
    0x70, 0x0, 0x1c,

    /* U+C2E0 "신" */
    0x7, 0x1, 0xc1, 0xc0, 0x70, 0x70, 0x1c, 0x1c,
    0x7, 0x7, 0x1, 0xc1, 0xe0, 0x70, 0xf8, 0x1c,
    0x7f, 0x7, 0x3c, 0xf1, 0xde, 0x1e, 0x7f, 0x3,
    0x1d, 0x80, 0x7, 0xe, 0x1, 0xc3, 0x80, 0x70,
    0xe0, 0x1c, 0x38, 0x0, 0xe, 0x0, 0x3, 0xff,
    0xf0, 0xff, 0xfc,

    /* U+C2E3 "싣" */
    0x7, 0x1, 0xc1, 0xc0, 0x70, 0x70, 0x1c, 0x1c,
    0x7, 0x7, 0x1, 0xc3, 0xe0, 0x70, 0xfc, 0x1c,
    0x77, 0x87, 0x78, 0xf9, 0xfc, 0x1c, 0x76, 0x1,
    0x1c, 0x0, 0x0, 0xf, 0xff, 0xc3, 0xff, 0xf0,
    0xe0, 0x0, 0x38, 0x0, 0xe, 0x0, 0x3, 0xff,
    0xf0, 0xff, 0xfc,

    /* U+C2E4 "실" */
    0x7, 0x1, 0xc1, 0xc0, 0x70, 0x70, 0x1c, 0x1c,
    0x7, 0x7, 0x81, 0xc3, 0xf0, 0x71, 0xde, 0x1c,
    0xf3, 0xe7, 0xf8, 0x71, 0xd8, 0x4, 0x70, 0x0,
    0x0, 0x3f, 0xff, 0xf, 0xff, 0xc0, 0x0, 0x70,
    0xff, 0xfc, 0x3f, 0xff, 0xe, 0x0, 0x3, 0xff,
    0xf0, 0xff, 0xfc,

    /* U+C2EB "싫" */
    0x3, 0x1, 0xc0, 0x60, 0x38, 0xc, 0x7, 0x3,
    0x80, 0xe0, 0x78, 0x1c, 0x1f, 0x3, 0x83, 0xf0,
    0x71, 0xe7, 0x8e, 0xf8, 0x79, 0xcc, 0x2, 0x38,
    0x0, 0x18, 0x1f, 0xc3, 0x3, 0xfb, 0xfe, 0x3,
    0x7f, 0xcf, 0xe3, 0xe1, 0xfc, 0xfe, 0x38, 0x19,
    0xc7, 0xfb, 0x38, 0xff, 0x7f, 0x0, 0x7, 0xc0,

    /* U+C2EC "심" */
    0x7, 0x1, 0xc1, 0xc0, 0x70, 0x70, 0x1c, 0x1c,
    0x7, 0x7, 0x1, 0xc3, 0xe0, 0x71, 0xfc, 0x1c,
    0x77, 0x87, 0x78, 0xf9, 0xfc, 0xc, 0x76, 0x0,
    0x1c, 0x0, 0x0, 0xf, 0xff, 0xc3, 0xff, 0xf0,
    0xe0, 0x1c, 0x38, 0x7, 0xe, 0x1, 0xc3, 0xff,
    0xf0, 0xff, 0xfc,

    /* U+C2ED "십" */
    0x7, 0x1, 0xc1, 0xc0, 0x70, 0x70, 0x1c, 0x1c,
    0x7, 0x7, 0x1, 0xc3, 0xe0, 0x70, 0xfc, 0x1c,
    0x77, 0x87, 0x38, 0xf1, 0xfc, 0x1e, 0x76, 0x1,
    0x1c, 0x38, 0x7, 0xe, 0x1, 0xc3, 0xff, 0xf0,
    0xff, 0xfc, 0x38, 0x7, 0xe, 0x1, 0xc3, 0xff,
    0xf0, 0xff, 0xfc,

    /* U+C2F8 "싸" */
    0x18, 0x63, 0x81, 0x86, 0x38, 0x18, 0x63, 0x81,
    0x86, 0x38, 0x18, 0x63, 0x81, 0x86, 0x38, 0x18,
    0x63, 0x83, 0xce, 0x3f, 0x3c, 0xf3, 0xf3, 0xef,
    0x38, 0x77, 0xfb, 0x86, 0x79, 0xb8, 0xe3, 0x9f,
    0x84, 0x70, 0xb8, 0x3, 0x3, 0x80, 0x0, 0x38,
    0x0, 0x3, 0x80, 0x0, 0x38, 0x0, 0x3, 0x80,

    /* U+C30D "쌍" */
    0x1c, 0x71, 0xc0, 0xe3, 0x8e, 0x7, 0x1c, 0x70,
    0x38, 0xe3, 0x81, 0xe7, 0x1f, 0x9f, 0x7c, 0xfc,
    0xdf, 0xe7, 0xe, 0x7b, 0xb8, 0xe1, 0xcf, 0xc2,
    0x1c, 0x7e, 0x0, 0xc1, 0x70, 0x2, 0x3, 0x80,
    0x1f, 0xe0, 0x3, 0xff, 0xc0, 0x3c, 0xf, 0x1,
    0xc0, 0x38, 0xf, 0x3, 0xc0, 0x3f, 0xfc, 0x0,
    0x7f, 0x80,

    /* U+C313 "쌓" */
    0x1c, 0x71, 0x81, 0xc7, 0x18, 0x1c, 0x71, 0x81,
    0xe7, 0x18, 0x3e, 0xf9, 0xf7, 0x7f, 0x9f, 0xf3,
    0xdf, 0x86, 0x38, 0xd8, 0x3, 0x85, 0x80, 0x13,
    0x98, 0x0, 0x38, 0x1, 0xff, 0xfc, 0x1f, 0xff,
    0xc0, 0x0, 0x0, 0x1, 0xfe, 0x0, 0x7f, 0xf8,
    0x7, 0x3, 0x80, 0x7f, 0xf8, 0x1, 0xfe, 0x0,

    /* U+C369 "썩" */
    0x1c, 0xe0, 0xe3, 0x9c, 0x1c, 0x73, 0x83, 0x8e,
    0x73, 0xf1, 0xce, 0x7e, 0x7d, 0xe1, 0xcf, 0xfc,
    0x3b, 0xbd, 0xc7, 0xe3, 0xbe, 0xfc, 0x63, 0x9c,
    0x1c, 0x33, 0x81, 0x0, 0x70, 0x7f, 0xfe, 0xf,
    0xff, 0xc0, 0x0, 0x38, 0x0, 0x7, 0x0, 0x0,
    0xe0, 0x0, 0x1c, 0x0, 0x3, 0x80,

    /* U+C379 "썹" */
    0x1c, 0x70, 0xe3, 0x8e, 0x1c, 0x71, 0xc3, 0x8e,
    0x3b, 0xf3, 0xe7, 0x7e, 0x7f, 0xf1, 0xdd, 0xfe,
    0x3b, 0x9e, 0xe7, 0xe3, 0x8e, 0xe8, 0xf1, 0x9c,
    0xc, 0x3, 0x83, 0x80, 0x70, 0x70, 0xe, 0xf,
    0xff, 0xc1, 0xff, 0xf8, 0x38, 0x7, 0x7, 0x0,
    0xe0, 0xff, 0xfc, 0x1f, 0xff, 0x80,

    /* U+C384 "쎄" */
    0x0, 0xe, 0xe3, 0x31, 0xdc, 0x66, 0x3b, 0x8c,
    0xc7, 0x71, 0x98, 0xee, 0x33, 0x1d, 0xc6, 0x6f,
    0xb8, 0xed, 0xf7, 0x3d, 0x8e, 0xe7, 0xf9, 0xdc,
    0xdf, 0x3b, 0xbb, 0xf7, 0x76, 0x66, 0xee, 0xcc,
    0xfd, 0xc3, 0x83, 0xb8, 0x0, 0x77, 0x0, 0xe,
    0xe0, 0x1, 0xdc, 0x0, 0x3b, 0x80,

    /* U+C3D8 "쏘" */
    0xe, 0xe, 0x1, 0xc1, 0xc0, 0x38, 0x38, 0x7,
    0x7, 0x0, 0xf0, 0xe0, 0x3f, 0x3e, 0xe, 0xee,
    0xe3, 0x83, 0x8f, 0x60, 0x70, 0xc0, 0x4, 0x0,
    0x3, 0x80, 0x0, 0x70, 0x0, 0xe, 0x0, 0x1,
    0xc0, 0x3f, 0xff, 0xff, 0xff, 0xff,

    /* U+C3DF "쏟" */
    0xe, 0x6, 0x1, 0xc0, 0xc0, 0x38, 0x3c, 0xf,
    0xc7, 0x83, 0xbb, 0xf8, 0xf2, 0xf3, 0x88, 0x8,
    0x20, 0x7, 0x0, 0x0, 0xe0, 0x1f, 0xff, 0xff,
    0xff, 0xff, 0x80, 0x0, 0x0, 0x0, 0x0, 0x3f,
    0xff, 0x7, 0xff, 0xe0, 0xe0, 0x0, 0x1c, 0x0,
    0x3, 0xff, 0xf0, 0x7f, 0xfe, 0x0,

    /* U+C4F0 "쓰" */
    0xe, 0xe, 0x1, 0xc1, 0xc0, 0x38, 0x38, 0x7,
    0x7, 0x0, 0xf0, 0xe0, 0x3e, 0x3e, 0xe, 0xf6,
    0xe3, 0xcd, 0xde, 0x70, 0x71, 0xc4, 0x4, 0x0,
    0x0, 0x0, 0x0, 0x0, 0x0, 0x0, 0x0, 0x0,
    0x0, 0x3f, 0xff, 0xff, 0xff, 0xff,

    /* U+C500 "씀" */
    0xe, 0xe, 0x1, 0xc1, 0xc0, 0x38, 0x38, 0xf,
    0x8f, 0x83, 0xbb, 0xb8, 0xe2, 0xf3, 0x88, 0x8,
    0x20, 0x0, 0x0, 0xff, 0xff, 0xff, 0xff, 0xfc,
    0x0, 0x0, 0x0, 0x0, 0x1, 0xff, 0xf0, 0x3f,
    0xfe, 0x6, 0x0, 0xc0, 0xc0, 0x18, 0x18, 0x3,
    0x3, 0xff, 0xe0, 0x7f, 0xfc, 0x0,

    /* U+C528 "씨" */
    0x18, 0x61, 0xc6, 0x18, 0x71, 0x86, 0x1c, 0x61,
    0x87, 0x18, 0x61, 0xc6, 0x18, 0x71, 0x86, 0x1c,
    0xf3, 0xc7, 0x3c, 0xf1, 0xcf, 0xbc, 0x77, 0x7d,
    0x9f, 0x8e, 0x77, 0xe3, 0x8f, 0xc1, 0xc3, 0x70,
    0x30, 0x1c, 0x0, 0x7, 0x0, 0x1, 0xc0, 0x0,
    0x70, 0x0, 0x1c,

    /* U+C529 "씩" */
    0x18, 0xe1, 0xc6, 0x38, 0x71, 0x8e, 0x1c, 0x63,
    0x87, 0x18, 0xe1, 0xcf, 0x3c, 0x73, 0xdf, 0x1d,
    0xff, 0xe7, 0xe7, 0xbd, 0xf8, 0xc7, 0x74, 0x70,
    0xdc, 0x8, 0x7, 0xf, 0xff, 0xc3, 0xff, 0xf0,
    0x0, 0x1c, 0x0, 0x7, 0x0, 0x1, 0xc0, 0x0,
    0x70, 0x0, 0x1c,

    /* U+C539 "씹" */
    0x1c, 0x71, 0xc7, 0x1c, 0x71, 0xc7, 0x1c, 0x71,
    0xc7, 0x1c, 0x71, 0xcf, 0xbe, 0x73, 0xff, 0x9d,
    0xcf, 0x77, 0xe1, 0xdf, 0xd0, 0xe3, 0x70, 0x10,
    0x5c, 0x1c, 0x7, 0x7, 0x1, 0xc1, 0xff, 0xf0,
    0x7f, 0xfc, 0x1c, 0x7, 0x7, 0x1, 0xc1, 0xff,
    0xf0, 0x7f, 0xfc,

    /* U+C544 "아" */
    0x1f, 0x7, 0x7, 0xf0, 0xe1, 0xc7, 0x1c, 0x38,
    0xe3, 0x8e, 0xe, 0x71, 0xc1, 0xce, 0x38, 0x39,
    0xc7, 0x7, 0x3f, 0xe0, 0xe7, 0xfc, 0x1c, 0xe3,
    0x83, 0x9c, 0x38, 0xe3, 0x87, 0x1c, 0x70, 0x7f,
    0xe, 0x7, 0xc1, 0xc0, 0x0, 0x38, 0x0, 0x7,
    0x0, 0x0, 0xe0, 0x0, 0x1c, 0x0,

    /* U+C545 "악" */
    0x1f, 0x3, 0x87, 0xfc, 0x38, 0x71, 0xc3, 0x8e,
    0xe, 0x38, 0xe0, 0xe3, 0x8e, 0xe, 0x3f, 0xe0,
    0xe3, 0xf7, 0x1c, 0x38, 0x7f, 0xc3, 0x81, 0xf0,
    0x38, 0x0, 0x3, 0x80, 0x0, 0x38, 0x1f, 0xff,
    0x81, 0xff, 0xf8, 0x0, 0x3, 0x80, 0x0, 0x38,
    0x0, 0x3, 0x80, 0x0, 0x38, 0x0, 0x3, 0x80,

    /* U+C548 "안" */
    0x1f, 0x83, 0x83, 0xfc, 0x38, 0x70, 0xe3, 0x8e,
    0x7, 0x38, 0xe0, 0x73, 0x8e, 0x7, 0x38, 0xe0,
    0x73, 0xfe, 0x7, 0x3f, 0x70, 0xe3, 0x83, 0xfc,
    0x38, 0x1f, 0x83, 0x80, 0x0, 0x38, 0xc, 0x3,
    0x80, 0xc0, 0x38, 0xc, 0x3, 0x80, 0xc0, 0x0,
    0xc, 0x0, 0x0, 0xff, 0xf8, 0xf, 0xff, 0x80,

    /* U+C549 "앉" */
    0x1f, 0x3, 0x87, 0xfc, 0x38, 0x71, 0xc3, 0x8e,
    0xe, 0x38, 0xe0, 0xe3, 0xfe, 0xe, 0x3f, 0xe0,
    0xe3, 0x87, 0x1c, 0x38, 0x7f, 0xc3, 0x81, 0xf0,
    0x38, 0x0, 0x3, 0x87, 0xf, 0xf8, 0x70, 0xff,
    0x87, 0x1, 0xc0, 0x70, 0x1c, 0x7, 0x31, 0xc0,
    0x7f, 0x3e, 0x7, 0xe7, 0x70, 0x71, 0xe3, 0xc0,
    0xc, 0x18,

    /* U+C54A "않" */
    0x1f, 0x3, 0x7, 0xfc, 0x30, 0x71, 0xc3, 0xe,
    0xe, 0x30, 0xe0, 0xe3, 0xfe, 0xe, 0x3f, 0xe0,
    0xe3, 0x7, 0x1c, 0x30, 0x7f, 0xc3, 0x1, 0xf1,
    0xf0, 0x0, 0x1c, 0x7, 0x1f, 0xfc, 0x71, 0xff,
    0xc7, 0x0, 0x0, 0x70, 0x7f, 0x7, 0xf, 0xf8,
    0x70, 0xe3, 0x87, 0xef, 0xf8, 0x7e, 0x3e, 0x0,

    /* U+C54C "알" */
    0x1f, 0x3, 0x87, 0xfc, 0x38, 0x71, 0xc3, 0x8e,
    0xe, 0x38, 0xe0, 0xe3, 0xfe, 0xe, 0x3f, 0xf1,
    0xe3, 0x87, 0xfc, 0x38, 0x3f, 0x83, 0x81, 0xf0,
    0x38, 0xf, 0xff, 0x80, 0xff, 0xf8, 0x0, 0x3,
    0x80, 0x0, 0x38, 0xf, 0xff, 0x80, 0xff, 0xf8,
    0xc, 0x0, 0x0, 0xff, 0xf8, 0xf, 0xff, 0x80,

    /* U+C553 "앓" */
    0x1f, 0x7, 0xf, 0xf0, 0xe3, 0xc7, 0x1c, 0x70,
    0x63, 0x8e, 0xe, 0x7f, 0xc1, 0x8f, 0xfc, 0x71,
    0xc3, 0xfc, 0x38, 0x1f, 0x7, 0x0, 0x0, 0xe0,
    0x0, 0x30, 0x1f, 0x86, 0x3, 0xf7, 0xf8, 0x6,
    0xff, 0xf, 0xc7, 0x81, 0xf9, 0xf8, 0x30, 0x73,
    0x87, 0xfe, 0x70, 0xfe, 0xfc, 0x0, 0xf, 0x0,

    /* U+C555 "압" */
    0x1f, 0x3, 0x87, 0xfc, 0x38, 0x71, 0xc3, 0x8e,
    0xe, 0x38, 0xe0, 0xe3, 0xfe, 0xe, 0x3f, 0xe0,
    0xe3, 0x87, 0x1c, 0x38, 0x7f, 0xc3, 0x81, 0xf0,
    0x38, 0x0, 0x3, 0x80, 0xc0, 0x38, 0xc, 0x3,
    0x80, 0xff, 0xf8, 0xf, 0xff, 0x80, 0xc0, 0x38,
    0xc, 0x3, 0x80, 0xff, 0xf8, 0xf, 0xff, 0x80,

    /* U+C55E "앞" */
    0x1f, 0x3, 0x87, 0xf8, 0x71, 0xc3, 0x8e, 0x70,
    0x71, 0xce, 0x6, 0x3f, 0xc0, 0xc7, 0xf8, 0x38,
    0xe3, 0x87, 0x1c, 0x3f, 0xc3, 0x83, 0xe0, 0x70,
    0x0, 0xe, 0xf, 0xff, 0xc1, 0xff, 0xf8, 0xe,
    0x1c, 0x1, 0xc3, 0x80, 0x38, 0x70, 0x7, 0xe,
    0x3, 0xff, 0xf0, 0x7f, 0xfe, 0x0,

    /* U+C560 "애" */
    0x1e, 0x1d, 0xcf, 0xc7, 0x77, 0x39, 0xdd, 0x86,
    0x77, 0xe1, 0xdd, 0xf8, 0x77, 0x7e, 0x1d, 0xdf,
    0x87, 0x77, 0xe1, 0xdf, 0xf8, 0x77, 0xfe, 0x1d,
    0xdd, 0x86, 0x77, 0x73, 0x9d, 0xcf, 0xc7, 0x71,
    0xe1, 0xdc, 0x0, 0x77, 0x0, 0x1d, 0xc0, 0x7,
    0x70, 0x1, 0xdc,

    /* U+C561 "액" */
    0x1e, 0x1d, 0xdf, 0xe7, 0x77, 0x39, 0xdf, 0x87,
    0x77, 0xe1, 0xdd, 0xf8, 0x77, 0xfe, 0x1d, 0xfd,
    0xce, 0x77, 0x7f, 0x9d, 0xc7, 0x87, 0x70, 0x1,
    0xdc, 0x0, 0x7, 0xf, 0xff, 0xc3, 0xff, 0xf0,
    0x0, 0x1c, 0x0, 0x7, 0x0, 0x1, 0xc0, 0x0,
    0x70, 0x0, 0x1c,

    /* U+C57C "야" */
    0x1f, 0x7, 0x7, 0xf0, 0xe1, 0xc7, 0x1c, 0x38,
    0xe3, 0x8e, 0xe, 0x7f, 0xc1, 0xcf, 0xf8, 0x39,
    0xc7, 0x7, 0x38, 0xe0, 0xe7, 0x1c, 0x1c, 0xe3,
    0x83, 0x9c, 0x38, 0xe3, 0xf7, 0x1c, 0x7e, 0x7f,
    0xe, 0x7, 0xc1, 0xc0, 0x0, 0x38, 0x0, 0x7,
    0x0, 0x0, 0xe0, 0x0, 0x1c, 0x0,

    /* U+C57D "약" */
    0x1f, 0x3, 0x87, 0xfc, 0x38, 0x71, 0xc3, 0xfe,
    0xe, 0x3f, 0xe0, 0xe3, 0x8e, 0xe, 0x38, 0xe0,
    0xe3, 0xf7, 0x1c, 0x3f, 0x7f, 0xc3, 0xf1, 0xf0,
    0x38, 0x0, 0x3, 0x80, 0x0, 0x38, 0x1f, 0xff,
    0x81, 0xff, 0xf8, 0x0, 0x3, 0x80, 0x0, 0x38,
    0x0, 0x3, 0x80, 0x0, 0x38, 0x0, 0x3, 0x80,

    /* U+C587 "얇" */
    0x1f, 0x3, 0x87, 0xfc, 0x38, 0x71, 0xc3, 0xfe,
    0xe, 0x3f, 0xe0, 0xe3, 0x8e, 0xe, 0x38, 0xe0,
    0xe3, 0xf7, 0x1c, 0x3f, 0x7f, 0xc3, 0xf1, 0xf0,
    0x38, 0x0, 0x0, 0x7, 0xf7, 0x38, 0x7f, 0x73,
    0x80, 0x37, 0xf8, 0x7f, 0x7f, 0x87, 0xf7, 0x38,
    0x70, 0x73, 0x87, 0xf7, 0xf8, 0x7f, 0x7f, 0x80,

    /* U+C591 "양" */
    0x1f, 0x3, 0x87, 0xfc, 0x38, 0x71, 0xc3, 0xfe,
    0xe, 0x3f, 0xe0, 0xe3, 0x8e, 0xe, 0x38, 0xe0,
    0xe3, 0x87, 0x1c, 0x3f, 0x7f, 0xc3, 0xf1, 0xf0,
    0x38, 0x0, 0x3, 0x80, 0x0, 0x38, 0x3, 0xfc,
    0x0, 0xff, 0xf0, 0x1c, 0x7, 0x81, 0xc0, 0x38,
    0x1e, 0x7, 0x80, 0xff, 0xf0, 0x3, 0xfc, 0x0,

    /* U+C597 "얗" */
    0x1f, 0x3, 0xf, 0xf8, 0x61, 0xc7, 0xf, 0xf0,
    0x71, 0xfe, 0xe, 0x31, 0xc1, 0xc6, 0x3c, 0x70,
    0xfb, 0xfe, 0x1f, 0x1f, 0x3, 0x0, 0x1c, 0x60,
    0x3, 0x80, 0xf, 0xff, 0xc1, 0xff, 0xf8, 0x0,
    0x0, 0x0, 0xff, 0x0, 0x7f, 0xf8, 0xc, 0x7,
    0x1, 0xff, 0xe0, 0xf, 0xf0, 0x0,

    /* U+C598 "얘" */
    0x1e, 0x1d, 0xcf, 0xc7, 0x77, 0x39, 0xdd, 0x86,
    0x77, 0xe1, 0xdf, 0xf8, 0x77, 0xfe, 0x1d, 0xdf,
    0x87, 0x77, 0xe1, 0xdd, 0xf8, 0x77, 0x7e, 0x1d,
    0xdd, 0x86, 0x7f, 0x73, 0x9f, 0xcf, 0xc7, 0x71,
    0xe1, 0xdc, 0x0, 0x77, 0x0, 0x1d, 0xc0, 0x7,
    0x70, 0x1, 0xdc,

    /* U+C5B4 "어" */
    0x1e, 0x3, 0x9f, 0x81, 0xdc, 0xe0, 0xee, 0x38,
    0x7e, 0x1c, 0x3f, 0x6, 0x1f, 0x83, 0xf, 0xc1,
    0xff, 0xe0, 0xff, 0xf0, 0x61, 0xf8, 0x70, 0xee,
    0x38, 0x77, 0x38, 0x39, 0xfc, 0x1c, 0x78, 0xe,
    0x0, 0x7, 0x0, 0x3, 0x80, 0x1, 0xc0, 0x0,
    0xe0,

    /* U+C5B5 "억" */
    0x1f, 0x3, 0xbf, 0xc1, 0xdc, 0x70, 0xfc, 0x18,
    0x7e, 0xf, 0xff, 0x7, 0xff, 0x83, 0xe, 0xe3,
    0x87, 0x7f, 0x83, 0x8f, 0x81, 0xc0, 0x0, 0xe0,
    0x0, 0x71, 0xff, 0xf8, 0xff, 0xfc, 0x0, 0xe,
    0x0, 0x7, 0x0, 0x3, 0x80, 0x1, 0xc0, 0x0,
    0xe0,

    /* U+C5B8 "언" */
    0x1f, 0x3, 0x8f, 0xe0, 0xe7, 0x1c, 0x3b, 0x83,
    0xe, 0xe0, 0xff, 0xb8, 0x3f, 0xee, 0xe, 0x3b,
    0x83, 0xe, 0x71, 0xc3, 0x8f, 0xe0, 0xe1, 0xf0,
    0x38, 0x0, 0xe, 0xc, 0x3, 0x83, 0x0, 0xe0,
    0xc0, 0x38, 0x30, 0x0, 0xc, 0x0, 0x3, 0xff,
    0xf0, 0xff, 0xfc,

    /* U+C5B9 "얹" */
    0x1f, 0x1, 0xc7, 0xf8, 0x39, 0xc3, 0x87, 0x70,
    0x70, 0xee, 0x7, 0xfd, 0xc0, 0xff, 0xb8, 0x38,
    0x73, 0x87, 0xe, 0x3f, 0xc1, 0xc3, 0xe0, 0x38,
    0x0, 0x7, 0x1c, 0x3f, 0xe3, 0x87, 0xfc, 0x70,
    0xff, 0x8e, 0x3, 0x81, 0xcc, 0x70, 0x3f, 0x9f,
    0x7, 0xe7, 0x70, 0xe3, 0xc7, 0x80, 0x30, 0x60,

    /* U+C5BC "얼" */
    0x1f, 0x3, 0x9f, 0xe0, 0xef, 0x1c, 0x3b, 0x83,
    0xfe, 0xe0, 0xff, 0xb8, 0x30, 0xef, 0x1c, 0x39,
    0xfe, 0xe, 0x1f, 0x3, 0x80, 0x0, 0xe0, 0x0,
    0x0, 0x3f, 0xfe, 0xf, 0xff, 0x80, 0x0, 0xe0,
    0xff, 0xf8, 0x3f, 0xfe, 0xc, 0x0, 0x3, 0xff,
    0xf0, 0xff, 0xfc,

    /* U+C5C4 "엄" */
    0x1f, 0x3, 0xbf, 0xc1, 0xdc, 0x70, 0xfc, 0x18,
    0x7e, 0xf, 0xff, 0x7, 0xff, 0x83, 0xe, 0xe3,
    0x87, 0x7f, 0x83, 0x8f, 0x81, 0xc0, 0x0, 0xe0,
    0x0, 0x0, 0xff, 0xf8, 0x7f, 0xfc, 0x30, 0xe,
    0x18, 0x7, 0xc, 0x3, 0x87, 0xff, 0xc3, 0xff,
    0xe0,

    /* U+C5C5 "업" */
    0x1f, 0x3, 0xbf, 0xc1, 0xdc, 0x70, 0xfc, 0x18,
    0x7e, 0xf, 0xff, 0x7, 0xff, 0x83, 0xe, 0xe3,
    0x87, 0x7f, 0x83, 0x8f, 0x81, 0xc0, 0x0, 0xe1,
    0x80, 0x70, 0xc0, 0x38, 0x7f, 0xfc, 0x3f, 0xfe,
    0x18, 0x7, 0xc, 0x3, 0x87, 0xff, 0xc3, 0xff,
    0xe0,

    /* U+C5C6 "없" */
    0x1f, 0x3, 0xf, 0xf0, 0x61, 0xc7, 0xc, 0x70,
    0x71, 0x8e, 0xf, 0xf1, 0xc1, 0xfe, 0x38, 0x38,
    0xc3, 0x8e, 0x18, 0x7f, 0x83, 0x3, 0xe0, 0x61,
    0xc6, 0x1c, 0x38, 0xc3, 0x7, 0x18, 0x60, 0xff,
    0xc, 0x1f, 0xe3, 0xc3, 0x8c, 0x78, 0x71, 0x9f,
    0x8f, 0xff, 0x3d, 0xfe, 0xc3, 0x0,

    /* U+C5C9 "엉" */
    0x1f, 0x3, 0x9f, 0xc1, 0xdc, 0x70, 0xfc, 0x18,
    0x7e, 0xf, 0xff, 0x7, 0xff, 0x83, 0xf, 0xe3,
    0x87, 0x7f, 0xc3, 0xbf, 0xc1, 0xc7, 0xc0, 0xe0,
    0x3f, 0xf0, 0x7f, 0xf0, 0x70, 0x3c, 0x30, 0xe,
    0x18, 0x7, 0xe, 0x7, 0x83, 0xff, 0x80, 0x7f,
    0x0,

    /* U+C5CC "엌" */
    0x1f, 0x3, 0xbf, 0xc1, 0xdc, 0x70, 0xfc, 0x1c,
    0x7e, 0xf, 0xff, 0x7, 0xff, 0x83, 0xe, 0xe3,
    0x87, 0x7f, 0x83, 0x8f, 0x81, 0xc0, 0x0, 0xe0,
    0x0, 0x1, 0xff, 0xf8, 0xff, 0xfc, 0x0, 0xe,
    0x3f, 0xff, 0x1f, 0xff, 0x80, 0x1, 0xc0, 0x0,
    0xe0,

    /* U+C5D0 "에" */
    0x1c, 0x1d, 0xdf, 0x87, 0x77, 0x31, 0xdf, 0x8c,
    0x77, 0xe1, 0x9d, 0xf8, 0x67, 0x7e, 0x19, 0xdf,
    0x87, 0xf7, 0xe1, 0xfd, 0xf8, 0x67, 0x7e, 0x19,
    0xdf, 0x8e, 0x77, 0x73, 0x1d, 0xdf, 0xc7, 0x71,
    0xe1, 0xdc, 0x0, 0x77, 0x0, 0x1d, 0xc0, 0x7,
    0x70, 0x1, 0xdc,

    /* U+C5EC "여" */
    0x1f, 0x3, 0x9f, 0xc1, 0xdc, 0x70, 0xee, 0x3f,
    0xfe, 0xf, 0xff, 0x7, 0x1f, 0x83, 0x8f, 0xc1,
    0xc7, 0xe0, 0xe3, 0xf0, 0x71, 0xf8, 0x3f, 0xee,
    0x3f, 0xf7, 0x1f, 0xf9, 0xfc, 0x1c, 0x7c, 0xe,
    0x0, 0x7, 0x0, 0x3, 0x80, 0x1, 0xc0, 0x0,
    0xe0,

    /* U+C5ED "역" */
    0x1f, 0x3, 0x9f, 0xc1, 0xdc, 0x7f, 0xfc, 0x1f,
    0xfe, 0xe, 0x3f, 0x7, 0x1f, 0x83, 0x8f, 0xc1,
    0xff, 0x71, 0xff, 0x9f, 0xc1, 0xc7, 0xc0, 0xe0,
    0x0, 0x71, 0xff, 0xf8, 0xff, 0xfc, 0x0, 0xe,
    0x0, 0x7, 0x0, 0x3, 0x80, 0x1, 0xc0, 0x0,
    0xe0,

    /* U+C5F0 "연" */
    0x1f, 0x83, 0x8f, 0xf0, 0xe7, 0xf, 0xfb, 0x81,
    0xfe, 0xe0, 0x73, 0xb8, 0x1c, 0xee, 0x7, 0x3b,
    0x81, 0xfe, 0x70, 0xff, 0x8f, 0xf0, 0xe1, 0xf8,
    0x38, 0x0, 0xe, 0xe, 0x3, 0x83, 0x80, 0xe0,
    0xe0, 0x38, 0x38, 0x0, 0xe, 0x0, 0x3, 0xff,
    0xf0, 0xff, 0xfc,

    /* U+C5F4 "열" */
    0x1f, 0x3, 0x9f, 0xe0, 0xe7, 0x1f, 0xfb, 0x83,
    0xfe, 0xe0, 0xe3, 0xb8, 0x38, 0xee, 0xf, 0xf9,
    0xc7, 0xfe, 0x7f, 0x83, 0x87, 0xc0, 0xe0, 0x0,
    0x0, 0x3f, 0xfe, 0xf, 0xff, 0x80, 0x0, 0xe0,
    0xff, 0xf8, 0x3f, 0xfe, 0xc, 0x0, 0x3, 0xff,
    0xf0, 0xff, 0xfc,

    /* U+C5FC "염" */
    0x1f, 0x3, 0xbf, 0xc1, 0xdc, 0x7f, 0xfc, 0x1f,
    0xfe, 0xe, 0x3f, 0x7, 0x1f, 0x83, 0xfe, 0xe3,
    0xff, 0x7f, 0x83, 0x8f, 0x81, 0xc0, 0x0, 0xe0,
    0x0, 0x70, 0xff, 0xf8, 0x7f, 0xfc, 0x38, 0xe,
    0x1c, 0x7, 0xe, 0x3, 0x87, 0xff, 0xc3, 0xff,
    0xe0,

    /* U+C5FD "엽" */
    0x1f, 0x83, 0xbf, 0xff, 0xdc, 0x7f, 0xfc, 0x1c,
    0x7e, 0xe, 0x3f, 0x7, 0x1f, 0x83, 0xfe, 0xe3,
    0xff, 0x7f, 0x83, 0x8f, 0x81, 0xc0, 0x0, 0xe1,
    0x80, 0x70, 0xc0, 0x38, 0x7f, 0xfc, 0x3f, 0xfe,
    0x18, 0x7, 0xc, 0x3, 0x87, 0xff, 0xc3, 0xff,
    0xe0,

    /* U+C601 "영" */
    0x1f, 0x3, 0x9f, 0xc1, 0xdc, 0x7f, 0xfc, 0x1f,
    0xfe, 0xe, 0x3f, 0x7, 0x1f, 0x83, 0x8f, 0xe3,
    0xff, 0x7f, 0xff, 0x9f, 0xc1, 0xc7, 0xc0, 0xe0,
    0x3f, 0xf0, 0x7f, 0xf0, 0x70, 0x3c, 0x30, 0xe,
    0x18, 0x7, 0xe, 0x7, 0x83, 0xff, 0x80, 0x7f,
    0x0,

    /* U+C608 "예" */
    0x1e, 0x1d, 0xcf, 0xc7, 0x77, 0x39, 0xdd, 0x87,
    0xf7, 0xe1, 0xfd, 0xf8, 0x77, 0x7e, 0x1d, 0xdf,
    0x87, 0x77, 0xe1, 0xdd, 0xf8, 0x77, 0x7e, 0x1f,
    0xdd, 0x8f, 0xf7, 0x73, 0x9d, 0xcf, 0xc7, 0x71,
    0xe1, 0xdc, 0x0, 0x77, 0x0, 0x1d, 0xc0, 0x7,
    0x70, 0x1, 0xdc,

    /* U+C61B "옛" */
    0x1e, 0xe, 0xe7, 0xf0, 0xee, 0x73, 0xfe, 0xee,
    0x1f, 0xee, 0xe1, 0xce, 0xee, 0x1c, 0xee, 0xe1,
    0xce, 0xee, 0x1f, 0xee, 0x73, 0xfe, 0xe7, 0xf8,
    0xee, 0x1e, 0xe, 0xe0, 0x0, 0xe, 0x0, 0x70,
    0xe0, 0x7, 0x0, 0x0, 0xf8, 0x0, 0x1f, 0xc0,
    0x3, 0xde, 0x0, 0xf8, 0xf8, 0x3f, 0x7, 0xe1,
    0xc0, 0x1e,

    /* U+C624 "오" */
    0x3, 0xf8, 0x1, 0xff, 0xc0, 0x78, 0x3c, 0xe,
    0x3, 0x81, 0x80, 0x30, 0x70, 0x7, 0xe, 0x0,
    0xc0, 0xe0, 0x38, 0x1e, 0xf, 0x1, 0xff, 0xc0,
    0x1f, 0xf0, 0x0, 0x70, 0x0, 0xe, 0x0, 0x1,
    0xc0, 0x0, 0x38, 0x7, 0xff, 0xff, 0xff, 0xff,
    0xe0,

    /* U+C625 "옥" */
    0x3, 0xf8, 0x1, 0xff, 0xc0, 0x70, 0x1c, 0xc,
    0x1, 0x81, 0xc0, 0x70, 0x3f, 0xfe, 0x3, 0xff,
    0x80, 0x7, 0x0, 0x0, 0xe0, 0x1f, 0xff, 0xff,
    0xff, 0xff, 0x80, 0x0, 0x0, 0x0, 0x0, 0x3f,
    0xfe, 0x7, 0xff, 0xc0, 0x0, 0x18, 0x0, 0x3,
    0x0, 0x0, 0x60, 0x0, 0xc, 0x0,

    /* U+C628 "온" */
    0x3, 0xf8, 0x1, 0xff, 0xc0, 0x78, 0x3c, 0xc,
    0x1, 0x81, 0x80, 0x30, 0x38, 0xe, 0x7, 0xff,
    0xc0, 0x3f, 0xe0, 0x0, 0xe0, 0x0, 0x1c, 0x3,
    0xff, 0xff, 0xff, 0xff, 0xf0, 0x0, 0x0, 0x30,
    0x0, 0x6, 0x0, 0x0, 0xc0, 0x0, 0x18, 0x0,
    0x3, 0xff, 0xe0, 0x7f, 0xfc, 0x0,

    /* U+C62C "올" */
    0x3, 0xfc, 0x1, 0xff, 0xe0, 0x70, 0x1e, 0xe,
    0x1, 0xc1, 0xe0, 0x78, 0x1f, 0xfe, 0x0, 0xff,
    0x0, 0x7, 0x0, 0xff, 0xff, 0xff, 0xff, 0xfc,
    0x0, 0x0, 0xf, 0xff, 0xc1, 0xff, 0xf8, 0x0,
    0x7, 0x7, 0xff, 0xe0, 0xff, 0xfc, 0x1c, 0x0,
    0x3, 0xff, 0xf0, 0x7f, 0xfe, 0x0,

    /* U+C633 "옳" */
    0x7, 0xfc, 0x3, 0xff, 0xe0, 0x70, 0x1c, 0xc,
    0x1, 0x81, 0xe0, 0xf0, 0x1f, 0xfc, 0x0, 0xfe,
    0x0, 0x7, 0x0, 0xff, 0xff, 0xff, 0xff, 0xfc,
    0x0, 0x38, 0x1f, 0xc7, 0x3, 0xff, 0xfc, 0x7,
    0xff, 0x80, 0xe0, 0x1, 0xfc, 0xfc, 0x3f, 0xbf,
    0x87, 0xf6, 0x30, 0xfe, 0xfe, 0x0, 0xf, 0x80,

    /* U+C640 "와" */
    0xf, 0xc1, 0xc0, 0xff, 0xe, 0xe, 0x1c, 0x70,
    0xe0, 0x73, 0x87, 0x3, 0x9c, 0x38, 0x1c, 0xe1,
    0xc0, 0xe7, 0xf, 0xf, 0x38, 0x3f, 0xf1, 0xf9,
    0xff, 0xf, 0xc3, 0xf0, 0x70, 0xe, 0x3, 0x80,
    0x70, 0x1c, 0x3, 0x80, 0xe3, 0xff, 0xf7, 0x1f,
    0xff, 0xb8, 0x0, 0x1, 0xc0, 0x0, 0xe, 0x0,
    0x0, 0x70,

    /* U+C644 "완" */
    0x7, 0xc1, 0xc0, 0xff, 0x8e, 0xf, 0x1e, 0x70,
    0x70, 0x73, 0x83, 0x83, 0x9c, 0x1e, 0x3c, 0xe0,
    0x7f, 0xc7, 0xe1, 0xfc, 0x3f, 0x3, 0x81, 0xc0,
    0x1c, 0xe, 0x3f, 0xff, 0x70, 0xff, 0xfb, 0x80,
    0x0, 0x1c, 0x7, 0x0, 0xe0, 0x38, 0x7, 0x1,
    0xc0, 0x0, 0xe, 0x0, 0x0, 0x7f, 0xff, 0x3,
    0xff, 0xf8,

    /* U+C655 "왕" */
    0xf, 0xe1, 0xc0, 0xff, 0x8e, 0xf, 0x1e, 0x70,
    0x70, 0x73, 0x83, 0xc7, 0x9c, 0xf, 0xf8, 0xfc,
    0x3f, 0x87, 0xe0, 0x70, 0x38, 0x3, 0x81, 0xc3,
    0xff, 0xfe, 0x1f, 0xff, 0xf0, 0x0, 0x3, 0x80,
    0x1f, 0xfc, 0x3, 0xff, 0xc0, 0x38, 0xf, 0x1,
    0x80, 0x38, 0xe, 0x3, 0xc0, 0x3f, 0xfc, 0x0,
    0x7f, 0x80,

    /* U+C65C "왜" */
    0x0, 0xe, 0xe1, 0xf1, 0xdc, 0xff, 0x3b, 0x9c,
    0x77, 0x77, 0x6, 0xee, 0xe0, 0xfd, 0xdc, 0x1f,
    0xbb, 0xc7, 0x77, 0x3f, 0xef, 0xe3, 0xf9, 0xfc,
    0x3c, 0x3b, 0x83, 0x87, 0x70, 0x70, 0xee, 0xe,
    0x1d, 0xff, 0xff, 0xbf, 0xff, 0xf7, 0x0, 0xe,
    0xe0, 0x1, 0xdc, 0x0, 0x3b, 0x80,

    /* U+C660 "왠" */
    0xf, 0xe, 0xe7, 0xf9, 0xdd, 0xe7, 0xbb, 0xb8,
    0x77, 0x77, 0xe, 0xee, 0xf3, 0xdd, 0xcf, 0xf3,
    0xf8, 0xfc, 0x7f, 0x6, 0xe, 0xe0, 0xc1, 0xdf,
    0xff, 0xbb, 0xff, 0xf7, 0x70, 0x0, 0xee, 0xe,
    0x1d, 0xc1, 0xc0, 0x38, 0x38, 0x0, 0x7, 0x0,
    0x0, 0xff, 0xfc, 0x1f, 0xff, 0x80,

    /* U+C678 "외" */
    0x7, 0xe0, 0xe1, 0xfe, 0x1c, 0x70, 0xe3, 0x9c,
    0xe, 0x73, 0x81, 0xce, 0x70, 0x39, 0xce, 0x7,
    0x39, 0xe1, 0xc7, 0x1f, 0xf8, 0xe1, 0xfe, 0x1c,
    0xe, 0x3, 0x81, 0xc0, 0x70, 0x38, 0xe, 0x7,
    0x1, 0xff, 0xff, 0xbb, 0xff, 0xff, 0x0, 0x0,
    0xe0, 0x0, 0x1c, 0x0, 0x3, 0x80,

    /* U+C67C "왼" */
    0x7, 0xc1, 0xc7, 0xfc, 0x73, 0xc7, 0x9c, 0xe0,
    0xe7, 0x38, 0x39, 0xcf, 0x1e, 0x71, 0xff, 0x1c,
    0x3f, 0x87, 0x3, 0x81, 0xc0, 0xe0, 0x7f, 0xff,
    0xdd, 0xff, 0xf7, 0x0, 0x1, 0xc3, 0x80, 0x70,
    0xe0, 0x1c, 0x38, 0x0, 0xe, 0x0, 0x3, 0xff,
    0xf0, 0xff, 0xfc,

    /* U+C694 "요" */
    0x3, 0xf8, 0x1, 0xff, 0xc0, 0x78, 0x3c, 0xe,
    0x3, 0x81, 0x80, 0x30, 0x70, 0x7, 0xe, 0x0,
    0xc0, 0xe0, 0x38, 0x1e, 0xf, 0x1, 0xff, 0xc0,
    0x1f, 0xf0, 0x3, 0x6, 0x0, 0x60, 0xc0, 0xc,
    0x18, 0x1, 0x83, 0x7, 0xff, 0xff, 0xff, 0xff,
    0xe0,

    /* U+C695 "욕" */
    0x3, 0xf8, 0x1, 0xff, 0xc0, 0x78, 0x3c, 0xc,
    0x1, 0x81, 0x80, 0x30, 0x3c, 0x1e, 0x3, 0xff,
    0x80, 0x3f, 0xe0, 0x6, 0xc, 0x0, 0xc1, 0x83,
    0xff, 0xff, 0xff, 0xff, 0xf0, 0x0, 0x0, 0x3f,
    0xfe, 0x7, 0xff, 0xc0, 0x0, 0x18, 0x0, 0x3,
    0x0, 0x0, 0x60, 0x0, 0xc, 0x0,

    /* U+C6A9 "용" */
    0x7, 0xfc, 0x3, 0xff, 0xc0, 0x70, 0x1c, 0xc,
    0x1, 0x81, 0xc0, 0x70, 0x1f, 0xfc, 0x1, 0xff,
    0x0, 0x30, 0x60, 0x6, 0xc, 0x1f, 0xff, 0xff,
    0xff, 0xff, 0x80, 0x0, 0x0, 0x7f, 0xc0, 0x3f,
    0xfc, 0x7, 0x1, 0xc0, 0xc0, 0x18, 0x1c, 0x7,
    0x3, 0xff, 0xe0, 0x1f, 0xf0, 0x0,

    /* U+C6B0 "우" */
    0x3, 0xf8, 0x1, 0xff, 0xc0, 0x78, 0x3c, 0xe,
    0x3, 0x81, 0x80, 0x30, 0x38, 0xe, 0x7, 0x83,
    0xc0, 0x7f, 0xf0, 0x3, 0xf8, 0x0, 0x0, 0x0,
    0x0, 0x0, 0x7f, 0xff, 0xff, 0xff, 0xfe, 0x1,
    0xc0, 0x0, 0x38, 0x0, 0x7, 0x0, 0x0, 0xe0,
    0x0, 0x1c, 0x0, 0x3, 0x80, 0x0,

    /* U+C6B1 "욱" */
    0x3, 0xf8, 0x1, 0xff, 0xc0, 0x78, 0x3c, 0xc,
    0x1, 0x81, 0x80, 0x30, 0x3c, 0x1e, 0x3, 0xff,
    0x80, 0x1f, 0xc0, 0x0, 0x0, 0x1f, 0xff, 0xff,
    0xff, 0xff, 0x80, 0x70, 0x0, 0xe, 0x0, 0x3f,
    0xfe, 0x7, 0xff, 0xc0, 0x0, 0x18, 0x0, 0x3,
    0x0, 0x0, 0x60, 0x0, 0xc, 0x0,

    /* U+C6B4 "운" */
    0x3, 0xf8, 0x1, 0xff, 0xc0, 0x78, 0x3c, 0xc,
    0x1, 0x81, 0x80, 0x30, 0x38, 0xe, 0x3, 0xff,
    0x80, 0x1f, 0xc0, 0x0, 0x0, 0x0, 0x0, 0x3,
    0xff, 0xff, 0xff, 0xff, 0xf0, 0xe, 0x0, 0x31,
    0xc0, 0x6, 0x38, 0x0, 0xc0, 0x0, 0x18, 0x0,
    0x3, 0xff, 0xe0, 0x7f, 0xfc, 0x0,

    /* U+C6B8 "울" */
    0x3, 0xfc, 0x1, 0xff, 0xe0, 0x70, 0x1e, 0xe,
    0x1, 0xc1, 0xc0, 0x78, 0x1f, 0xfe, 0x0, 0xff,
    0x0, 0x0, 0x0, 0xff, 0xff, 0xff, 0xff, 0xfc,
    0x3, 0x80, 0xf, 0xff, 0xc1, 0xff, 0xf8, 0x0,
    0x7, 0x7, 0xff, 0xe0, 0xff, 0xfc, 0x1c, 0x0,
    0x3, 0xff, 0xf0, 0x7f, 0xfe, 0x0,

    /* U+C6C0 "움" */
    0x7, 0xfc, 0x1, 0xff, 0xc0, 0x70, 0x1c, 0xc,
    0x1, 0x81, 0xc0, 0x70, 0x1f, 0xfc, 0x1, 0xfe,
    0x0, 0x0, 0x0, 0x0, 0x0, 0x1f, 0xff, 0xff,
    0xff, 0xff, 0x80, 0x70, 0x1, 0xff, 0xf0, 0x3f,
    0xfe, 0x6, 0x0, 0xc0, 0xc0, 0x18, 0x18, 0x3,
    0x3, 0xff, 0xe0, 0x7f, 0xfc, 0x0,

    /* U+C6C3 "웃" */
    0x3, 0xf8, 0x1, 0xff, 0xc0, 0x78, 0x3c, 0xc,
    0x1, 0x81, 0x80, 0x30, 0x3c, 0x1e, 0x3, 0xff,
    0x80, 0x1f, 0xc0, 0x0, 0x0, 0x1f, 0xff, 0xff,
    0xff, 0xff, 0x80, 0x70, 0x0, 0xe, 0x0, 0x0,
    0x0, 0x0, 0x38, 0x0, 0xf, 0x0, 0x3, 0xf8,
    0x1, 0xf7, 0xc1, 0xf8, 0x3f, 0x1c, 0x1, 0xc0,

    /* U+C6CC "워" */
    0x7, 0xc0, 0xe3, 0xfe, 0x1c, 0xf1, 0xe3, 0x9c,
    0x1c, 0x73, 0x83, 0x8e, 0x78, 0xf1, 0xc7, 0xfc,
    0x38, 0x3e, 0x7, 0x0, 0x0, 0xe0, 0x0, 0x1f,
    0xff, 0xfb, 0xff, 0xff, 0x70, 0x38, 0xe, 0x7,
    0x1f, 0xc0, 0xe3, 0xf8, 0x1c, 0x7, 0x3, 0x80,
    0xe0, 0x70, 0x1c, 0xe, 0x3, 0x80,

    /* U+C6D0 "원" */
    0x1f, 0x83, 0x9f, 0xf1, 0xde, 0x18, 0xee, 0xe,
    0x77, 0x86, 0x39, 0xff, 0x1c, 0x7e, 0xe, 0x0,
    0x7, 0xff, 0xfb, 0xff, 0xfd, 0xff, 0xe0, 0xe0,
    0x77, 0xf0, 0x3b, 0xf8, 0xfc, 0x1c, 0x7e, 0xe,
    0x38, 0x0, 0x1c, 0x0, 0xf, 0xff, 0xc7, 0xff,
    0xe0,

    /* U+C6D4 "월" */
    0xf, 0xe1, 0xc7, 0xfc, 0x73, 0x83, 0x9c, 0xe0,
    0xe7, 0x1f, 0xf1, 0xc3, 0xf8, 0x70, 0x0, 0x1d,
    0xff, 0xf7, 0x3, 0x81, 0xc0, 0xe7, 0xf0, 0x39,
    0xfc, 0xe, 0x7, 0x0, 0x0, 0x3, 0xff, 0xf0,
    0x0, 0x1c, 0x3f, 0xff, 0xf, 0xff, 0xc3, 0xff,
    0xf0, 0xff, 0xfc,

    /* U+C6E8 "웨" */
    0x1f, 0x8e, 0xe7, 0xf9, 0xdd, 0xe7, 0xbb, 0xb8,
    0x77, 0x77, 0xe, 0xee, 0xf3, 0xdd, 0xcf, 0xf3,
    0xb8, 0xf8, 0x77, 0x0, 0xe, 0xe0, 0x3, 0xdf,
    0xff, 0xfb, 0xff, 0xff, 0x70, 0x60, 0xee, 0xc,
    0xfd, 0xc1, 0x9f, 0xb8, 0x30, 0x77, 0x6, 0xe,
    0xe0, 0xc1, 0xdc, 0x18, 0x3b, 0x80,

    /* U+C6EC "웬" */
    0x1e, 0x1d, 0xcf, 0xe7, 0x77, 0x19, 0xdd, 0x86,
    0x77, 0x71, 0x9d, 0xcf, 0xe7, 0x71, 0xe1, 0xdc,
    0x0, 0x77, 0xff, 0xdd, 0xff, 0xf7, 0x70, 0xe1,
    0xdc, 0x3b, 0xf7, 0xe, 0xfd, 0xc3, 0x87, 0x70,
    0xe1, 0xdc, 0x38, 0x0, 0xe, 0x0, 0x3, 0xff,
    0xf0, 0xff, 0xfc,

    /* U+C704 "위" */
    0x7, 0xc0, 0xe3, 0xfe, 0x1c, 0xf1, 0xe3, 0x9c,
    0x1c, 0x73, 0x83, 0x8e, 0x78, 0xf1, 0xc7, 0xfc,
    0x38, 0x3e, 0x7, 0x0, 0x0, 0xe0, 0x0, 0x1d,
    0xff, 0xfb, 0xbf, 0xff, 0x70, 0x38, 0xe, 0x7,
    0x1, 0xc0, 0xe0, 0x38, 0x1c, 0x7, 0x3, 0x80,
    0xe0, 0x70, 0x1c, 0xe, 0x3, 0x80,

    /* U+C720 "유" */
    0x3, 0xf8, 0x1, 0xff, 0xc0, 0x78, 0x3c, 0xe,
    0x3, 0x81, 0x80, 0x30, 0x38, 0xe, 0x7, 0x83,
    0xc0, 0x7f, 0xf0, 0x3, 0xf8, 0x0, 0x0, 0x0,
    0x0, 0x0, 0x7f, 0xff, 0xff, 0xff, 0xfe, 0xc,
    0x18, 0x1, 0x83, 0x0, 0x30, 0x60, 0x6, 0xc,
    0x0, 0xc1, 0x80, 0x18, 0x30, 0x0,

    /* U+C721 "육" */
    0x3, 0xf8, 0x1, 0xff, 0xc0, 0x78, 0x3c, 0xc,
    0x1, 0x81, 0x80, 0x30, 0x3c, 0x1e, 0x3, 0xff,
    0x80, 0x1f, 0xc0, 0x0, 0x0, 0x1f, 0xff, 0xff,
    0xff, 0xff, 0x83, 0x8e, 0x1, 0xff, 0xf0, 0x3f,
    0xfe, 0x0, 0x0, 0xc0, 0x0, 0x18, 0x0, 0x3,
    0x0, 0x0, 0x60, 0x0, 0xc, 0x0,

    /* U+C728 "율" */
    0x7, 0xfc, 0x3, 0xff, 0xe0, 0x70, 0x1e, 0xe,
    0x1, 0xc1, 0xf9, 0xf0, 0xf, 0xfc, 0x0, 0x0,
    0x7, 0xff, 0xff, 0xff, 0xff, 0xe0, 0xe1, 0x80,
    0x1c, 0x30, 0xf, 0xff, 0xc1, 0xff, 0xf8, 0x0,
    0x7, 0x7, 0xff, 0xe0, 0xff, 0xfc, 0x1c, 0x0,
    0x3, 0xff, 0xf0, 0x7f, 0xfe, 0x0,

    /* U+C73C "으" */
    0x3, 0xf8, 0x1, 0xff, 0xc0, 0x78, 0x3c, 0xe,
    0x3, 0x81, 0x80, 0x30, 0x70, 0x7, 0x6, 0x0,
    0xc0, 0xe0, 0x38, 0x1e, 0xf, 0x1, 0xff, 0xc0,
    0xf, 0xe0, 0x0, 0x0, 0x0, 0x0, 0x0, 0x0,
    0x0, 0x0, 0x0, 0x7, 0xff, 0xff, 0xff, 0xff,
    0xe0,

    /* U+C73D "윽" */
    0x3, 0xf8, 0x1, 0xff, 0xc0, 0x78, 0x3c, 0xc,
    0x1, 0x81, 0x80, 0x30, 0x3c, 0x1e, 0x3, 0xff,
    0x80, 0x1f, 0xc0, 0x0, 0x0, 0x1f, 0xff, 0xff,
    0xff, 0xff, 0x80, 0x0, 0x0, 0x0, 0x0, 0x3f,
    0xfe, 0x7, 0xff, 0xc0, 0x0, 0x18, 0x0, 0x3,
    0x0, 0x0, 0x60, 0x0, 0xc, 0x0,

    /* U+C740 "은" */
    0x3, 0xf8, 0x1, 0xff, 0xc0, 0x78, 0x3c, 0xc,
    0x1, 0x81, 0x80, 0x30, 0x38, 0xe, 0x3, 0xff,
    0x80, 0x1f, 0xc0, 0x0, 0x0, 0x0, 0x0, 0x3,
    0xff, 0xff, 0xff, 0xff, 0xf0, 0x0, 0x0, 0x30,
    0x0, 0x6, 0x0, 0x0, 0xc0, 0x0, 0x18, 0x0,
    0x3, 0xff, 0xe0, 0x7f, 0xfc, 0x0,

    /* U+C744 "을" */
    0x3, 0xfc, 0x1, 0xff, 0xe0, 0x70, 0x1e, 0xe,
    0x1, 0xc1, 0xc0, 0x78, 0x1f, 0xfe, 0x0, 0xff,
    0x0, 0x0, 0x0, 0xff, 0xff, 0xff, 0xff, 0xfc,
    0x0, 0x0, 0xf, 0xff, 0xc1, 0xff, 0xf8, 0x0,
    0x7, 0x7, 0xff, 0xe0, 0xff, 0xfc, 0x1c, 0x0,
    0x3, 0xff, 0xf0, 0x7f, 0xfe, 0x0,

    /* U+C74C "음" */
    0x7, 0xfc, 0x1, 0xff, 0xc0, 0x70, 0x1c, 0xc,
    0x1, 0x81, 0xc0, 0x70, 0x1f, 0xfc, 0x1, 0xfe,
    0x0, 0x0, 0x0, 0x0, 0x0, 0x1f, 0xff, 0xff,
    0xff, 0xff, 0x80, 0x0, 0x1, 0xff, 0xf0, 0x3f,
    0xfe, 0x6, 0x0, 0xc0, 0xc0, 0x18, 0x18, 0x3,
    0x3, 0xff, 0xe0, 0x7f, 0xfc, 0x0,

    /* U+C751 "응" */
    0x7, 0xfc, 0x1, 0xff, 0xc0, 0x70, 0x1c, 0xc,
    0x1, 0x81, 0xc0, 0x70, 0x1f, 0xfc, 0x1, 0xfe,
    0x0, 0x0, 0x0, 0x0, 0x0, 0x1f, 0xff, 0xff,
    0xff, 0xff, 0x80, 0x0, 0x0, 0x7f, 0xc0, 0x3f,
    0xfc, 0x7, 0x1, 0xc0, 0xc0, 0x18, 0x1c, 0x7,
    0x3, 0xff, 0xe0, 0x1f, 0xf0, 0x0,

    /* U+C758 "의" */
    0xf, 0xc1, 0xc7, 0xf8, 0x73, 0x87, 0x1d, 0xc1,
    0xe7, 0x70, 0x39, 0xdc, 0xe, 0x77, 0x3, 0x9d,
    0xc1, 0xe7, 0x38, 0x71, 0xc7, 0xf8, 0x70, 0xfc,
    0x1c, 0x0, 0x7, 0x0, 0x1, 0xc0, 0x0, 0x7f,
    0xff, 0xdf, 0xff, 0xf7, 0x0, 0x1, 0xc0, 0x0,
    0x70, 0x0, 0x1c,

    /* U+C774 "이" */
    0x1f, 0x3, 0x9f, 0xc1, 0xdc, 0x70, 0xee, 0x38,
    0x7e, 0xe, 0x3f, 0x7, 0x1f, 0x83, 0x8f, 0xc1,
    0xc7, 0xe0, 0xe3, 0xf0, 0x71, 0xf8, 0x38, 0xee,
    0x38, 0x77, 0x1c, 0x39, 0xfc, 0x1c, 0x7c, 0xe,
    0x0, 0x7, 0x0, 0x3, 0x80, 0x1, 0xc0, 0x0,
    0xe0,

    /* U+C775 "익" */
    0x1f, 0x3, 0xbf, 0xe1, 0xdc, 0x70, 0xfc, 0x1c,
    0x7e, 0xe, 0x3f, 0x7, 0x1f, 0x83, 0x8e, 0xe3,
    0x87, 0x7f, 0xc3, 0x8f, 0x81, 0xc0, 0x0, 0xe0,
    0x0, 0x71, 0xff, 0xf8, 0xff, 0xfc, 0x0, 0xe,
    0x0, 0x7, 0x0, 0x3, 0x80, 0x1, 0xc0, 0x0,
    0xe0,

    /* U+C778 "인" */
    0x1f, 0x3, 0x9f, 0xc1, 0xdc, 0x70, 0xfc, 0x1c,
    0x7e, 0xe, 0x3f, 0x7, 0x1f, 0x83, 0x8f, 0xc1,
    0xc7, 0x71, 0xc3, 0x9f, 0xc1, 0xc7, 0xc0, 0xe0,
    0x0, 0x70, 0xc0, 0x38, 0x60, 0x1c, 0x30, 0xe,
    0x18, 0x0, 0xc, 0x0, 0x7, 0xff, 0xc3, 0xff,
    0xe0,

    /* U+C77C "일" */
    0x1f, 0x3, 0xbf, 0xe1, 0xfc, 0x78, 0xfc, 0x1c,
    0x7e, 0xe, 0x3f, 0x7, 0x1f, 0xc7, 0x8e, 0xff,
    0x87, 0x1f, 0x3, 0x80, 0x1, 0xc0, 0x0, 0x1,
    0xff, 0xf0, 0xff, 0xf8, 0x0, 0x1c, 0x3f, 0xfe,
    0x1f, 0xff, 0xc, 0x0, 0x7, 0xff, 0xc3, 0xff,
    0xe0,

    /* U+C783 "잃" */
    0x1f, 0x3, 0x9f, 0xf0, 0xef, 0x1e, 0x3b, 0x83,
    0x8e, 0xe0, 0xe3, 0xb8, 0x38, 0xef, 0x1e, 0x39,
    0xff, 0xe, 0x1f, 0x3, 0x80, 0x0, 0xe0, 0x0,
    0xe0, 0xfc, 0x38, 0x3f, 0x7f, 0xc0, 0xdf, 0xf3,
    0xf0, 0xf0, 0xfc, 0xfe, 0x30, 0x31, 0xcf, 0xec,
    0x73, 0xfb, 0xf8, 0x0, 0x7c,

    /* U+C784 "임" */
    0x1f, 0x3, 0xbf, 0xe1, 0xdc, 0x70, 0xfc, 0x1c,
    0x7e, 0xe, 0x3f, 0x7, 0x1f, 0x83, 0x8e, 0xe3,
    0x87, 0x7f, 0xc3, 0x8f, 0x81, 0xc0, 0x0, 0xe0,
    0x0, 0x0, 0xff, 0xf8, 0x7f, 0xfc, 0x30, 0xe,
    0x18, 0x7, 0xc, 0x3, 0x87, 0xff, 0xc3, 0xff,
    0xe0,

    /* U+C785 "입" */
    0x1f, 0x3, 0x9f, 0xc1, 0xdc, 0x70, 0xfc, 0x1c,
    0x7e, 0xe, 0x3f, 0x7, 0x1f, 0x83, 0x8e, 0xe3,
    0x87, 0x7f, 0x83, 0x8f, 0x81, 0xc0, 0x0, 0xe1,
    0x80, 0x70, 0xc0, 0x38, 0x7f, 0xfc, 0x3f, 0xfe,
    0x18, 0x7, 0xc, 0x3, 0x87, 0xff, 0xc3, 0xff,
    0xe0,

    /* U+C787 "잇" */
    0x1f, 0x3, 0x8f, 0xf0, 0xe7, 0x1e, 0x3b, 0x83,
    0x8e, 0xe0, 0x63, 0xb8, 0x18, 0xee, 0x6, 0x3b,
    0x83, 0x8e, 0x71, 0xe3, 0x8f, 0xf0, 0xe1, 0xf0,
    0x38, 0x0, 0xe, 0x0, 0xe3, 0x80, 0x38, 0x0,
    0xe, 0x0, 0x7, 0xc0, 0x3, 0xb8, 0x3, 0xef,
    0x87, 0xe0, 0xfc, 0xf0, 0x1e, 0x0, 0x0, 0x80,

    /* U+C78A "잊" */
    0x1f, 0x3, 0x8f, 0xf8, 0x71, 0xc7, 0xe, 0x70,
    0x71, 0xce, 0xe, 0x39, 0xc1, 0xc7, 0x38, 0x38,
    0xe3, 0x8e, 0x1c, 0x7f, 0x83, 0x83, 0xe0, 0x70,
    0x0, 0xe, 0x0, 0x0, 0x1, 0xff, 0xf8, 0x3f,
    0xff, 0x0, 0x3c, 0x0, 0xf, 0xc0, 0x3, 0xbc,
    0x3, 0xe3, 0xf0, 0xf8, 0x1f, 0xc, 0x0, 0xc0,

    /* U+C78E "잎" */
    0x1f, 0x3, 0x8f, 0xf0, 0xe7, 0x1c, 0x3b, 0x83,
    0x8e, 0xe0, 0xe3, 0xb8, 0x38, 0xee, 0xe, 0x39,
    0xc7, 0xe, 0x3f, 0xc3, 0x87, 0xc0, 0xe0, 0x0,
    0x38, 0x0, 0x0, 0x1f, 0xff, 0xc7, 0xff, 0xf0,
    0x70, 0xe0, 0x1c, 0x38, 0x7, 0xe, 0x7, 0xff,
    0xf1, 0xff, 0xfc,

    /* U+C790 "자" */
    0x0, 0x1, 0xc3, 0xff, 0xce, 0x1f, 0xfe, 0x70,
    0x6, 0x3, 0x80, 0x30, 0x1c, 0x1, 0x80, 0xe0,
    0x1e, 0x7, 0x0, 0xf0, 0x3f, 0x7, 0x81, 0xf8,
    0x7e, 0xe, 0x7, 0x38, 0x70, 0x78, 0xe3, 0x87,
    0x83, 0x9c, 0x38, 0xc, 0xe0, 0x0, 0x7, 0x0,
    0x0, 0x38, 0x0, 0x1, 0xc0, 0x0, 0xe, 0x0,
    0x0, 0x70,

    /* U+C791 "작" */
    0x7f, 0xf3, 0x87, 0xff, 0x38, 0x7, 0x3, 0x80,
    0x70, 0x38, 0x7, 0x3, 0x80, 0x78, 0x3f, 0xf,
    0x83, 0xf1, 0xdc, 0x38, 0x3c, 0xf3, 0x87, 0x87,
    0x38, 0x70, 0x33, 0x82, 0x0, 0x38, 0xf, 0xff,
    0x80, 0xff, 0xf8, 0x0, 0x3, 0x80, 0x0, 0x38,
    0x0, 0x3, 0x80, 0x0, 0x38, 0x0, 0x3, 0x80,

    /* U+C794 "잔" */
    0x7f, 0xf3, 0x87, 0xff, 0x38, 0x7, 0x3, 0x80,
    0x70, 0x38, 0x7, 0x3, 0x80, 0x70, 0x38, 0xf,
    0x83, 0xf0, 0xfc, 0x3f, 0x1d, 0xe3, 0x83, 0x8f,
    0xb8, 0xf0, 0x73, 0x86, 0x0, 0x38, 0xe, 0x3,
    0x80, 0xe0, 0x38, 0xe, 0x3, 0x80, 0xe0, 0x0,
    0xe, 0x0, 0x0, 0xff, 0xf8, 0xf, 0xff, 0x80,

    /* U+C798 "잘" */
    0x7f, 0xf3, 0x87, 0xff, 0x38, 0x7, 0x3, 0x80,
    0x70, 0x3f, 0x7, 0x83, 0xf0, 0xf8, 0x38, 0x1c,
    0xe3, 0x83, 0x8f, 0x38, 0xf0, 0x33, 0x86, 0x0,
    0x38, 0xf, 0xff, 0x80, 0xff, 0xf8, 0x0, 0x3,
    0x80, 0x0, 0x38, 0xf, 0xff, 0x80, 0xff, 0xf8,
    0xe, 0x0, 0x0, 0xff, 0xfc, 0xf, 0xff, 0xc0,

    /* U+C7A0 "잠" */
    0x7f, 0xf3, 0x87, 0xff, 0x38, 0x7, 0x3, 0x80,
    0x70, 0x38, 0x7, 0x3, 0xf0, 0xf8, 0x3f, 0xd,
    0xc3, 0x81, 0xce, 0x38, 0x78, 0x73, 0x8f, 0x3,
    0x38, 0x60, 0x3, 0x80, 0x0, 0x0, 0xf, 0xff,
    0x80, 0xff, 0xf8, 0xe, 0x3, 0x80, 0xe0, 0x38,
    0xe, 0x3, 0x80, 0xff, 0xf8, 0xf, 0xff, 0x80,

    /* U+C7A1 "잡" */
    0x7f, 0xf3, 0x87, 0xff, 0x38, 0x7, 0x3, 0x80,
    0x70, 0x38, 0x7, 0x3, 0xf0, 0xf8, 0x3f, 0xd,
    0xc3, 0x81, 0xce, 0x38, 0x38, 0x7b, 0x8f, 0x3,
    0x38, 0x60, 0x3, 0x80, 0xe0, 0x38, 0xe, 0x3,
    0x80, 0xff, 0xf8, 0xf, 0xff, 0x80, 0xe0, 0x38,
    0xe, 0x3, 0x80, 0xff, 0xf8, 0xf, 0xff, 0x80,

    /* U+C7A5 "장" */
    0x7f, 0xf3, 0x87, 0xff, 0x38, 0x7, 0x3, 0x80,
    0x70, 0x38, 0x7, 0x3, 0xf0, 0x78, 0x3f, 0xf,
    0x83, 0x81, 0xdc, 0x38, 0x3c, 0xf3, 0x87, 0x87,
    0x38, 0x70, 0x3, 0x82, 0x0, 0x38, 0x1, 0xfc,
    0x0, 0x7f, 0xf0, 0xe, 0x7, 0x80, 0xc0, 0x38,
    0xe, 0x7, 0x80, 0x7f, 0xf0, 0x3, 0xfc, 0x0,

    /* U+C7AC "재" */
    0x0, 0x1c, 0xef, 0xfb, 0x9d, 0xff, 0x73, 0x87,
    0xe, 0x70, 0xe1, 0xce, 0x1c, 0x39, 0xc3, 0x87,
    0x38, 0x70, 0xe7, 0xe, 0x1f, 0xe1, 0xe3, 0xfc,
    0x7c, 0x73, 0x9d, 0xce, 0x77, 0x9d, 0xcf, 0xe1,
    0xb9, 0xd8, 0x7, 0x38, 0x0, 0xe7, 0x0, 0x1c,
    0xe0, 0x3, 0x9c, 0x0, 0x73, 0x80,

    /* U+C7C1 "쟁" */
    0x7f, 0xdd, 0xdf, 0xf7, 0x70, 0xe1, 0xdc, 0x38,
    0x77, 0xe, 0x1d, 0xc3, 0x87, 0xf1, 0xf1, 0xfc,
    0x7e, 0x77, 0x3b, 0xdd, 0xdc, 0x77, 0x76, 0x9,
    0xdc, 0x0, 0x7, 0x1, 0xfe, 0x1, 0xff, 0xe0,
    0xf0, 0x3c, 0x38, 0x7, 0xf, 0x3, 0xc1, 0xff,
    0xe0, 0x1f, 0xe0,

    /* U+C800 "저" */
    0x0, 0x0, 0xef, 0xff, 0x1d, 0xff, 0xe3, 0x81,
    0x80, 0x70, 0x30, 0xe, 0x6, 0x1, 0xc1, 0xc3,
    0xf8, 0x3c, 0x7f, 0x7, 0x80, 0xe1, 0xf8, 0x1c,
    0x73, 0x83, 0x9c, 0x38, 0x77, 0x83, 0x8e, 0xe0,
    0x21, 0xc0, 0x0, 0x38, 0x0, 0x7, 0x0, 0x0,
    0xe0, 0x0, 0x1c, 0x0, 0x3, 0x80,

    /* U+C801 "적" */
    0x7f, 0xf1, 0xdf, 0xfc, 0x70, 0x70, 0x1c, 0x1c,
    0x7, 0x7, 0x1f, 0xc3, 0xc7, 0xf0, 0xf8, 0x1c,
    0x77, 0x7, 0x3d, 0xe1, 0xde, 0x3e, 0x7f, 0x3,
    0x1d, 0x80, 0x7, 0xf, 0xff, 0xc3, 0xff, 0xf0,
    0x0, 0x1c, 0x0, 0x7, 0x0, 0x1, 0xc0, 0x0,
    0x70, 0x0, 0x1c,

    /* U+C804 "전" */
    0x7f, 0xf1, 0xdf, 0xfc, 0x70, 0x70, 0x1c, 0x1c,
    0x7, 0x7, 0x1, 0xc1, 0xc7, 0xf0, 0xf9, 0xfc,
    0x3f, 0x7, 0x1d, 0xe1, 0xce, 0x3e, 0x7f, 0x7,
    0x1d, 0x80, 0x7, 0xe, 0x1, 0xc3, 0x80, 0x70,
    0xe0, 0x1c, 0x38, 0x0, 0xe, 0x0, 0x3, 0xff,
    0xf0, 0xff, 0xfc,

    /* U+C808 "절" */
    0x7f, 0xf1, 0xcf, 0xfe, 0x38, 0x1c, 0x7, 0x3,
    0x8f, 0xe0, 0x71, 0xfc, 0x1f, 0x3, 0x87, 0x78,
    0x71, 0xc7, 0xce, 0xf0, 0x31, 0xcc, 0x0, 0x38,
    0x0, 0x0, 0x7, 0xff, 0xe0, 0xff, 0xfc, 0x0,
    0x3, 0x83, 0xff, 0xf0, 0x7f, 0xfe, 0xe, 0x0,
    0x1, 0xff, 0xfc, 0x3f, 0xff, 0x80,

    /* U+C80A "젊" */
    0x7f, 0xf1, 0xdf, 0xfc, 0x70, 0x70, 0x1c, 0x1c,
    0x7f, 0x7, 0x1f, 0xc3, 0xe0, 0x71, 0xde, 0x1c,
    0xe3, 0xc7, 0xf0, 0x31, 0xd8, 0x0, 0x70, 0x0,
    0x0, 0xfe, 0xff, 0x3f, 0xbf, 0xc0, 0x6e, 0x73,
    0xfb, 0x9c, 0xfe, 0xe7, 0x38, 0x39, 0xcf, 0xff,
    0xf3, 0xff, 0xfc,

    /* U+C810 "점" */
    0x7f, 0xf1, 0xdf, 0xfc, 0x70, 0x70, 0x1c, 0x1c,
    0x7, 0x7, 0x1f, 0xc3, 0xe7, 0xf0, 0xfc, 0x1c,
    0x77, 0x87, 0x38, 0xf9, 0xfc, 0x1c, 0x76, 0x0,
    0x1c, 0x0, 0x0, 0xf, 0xff, 0xc3, 0xff, 0xf0,
    0xe0, 0x1c, 0x38, 0x7, 0xe, 0x1, 0xc3, 0xff,
    0xf0, 0xff, 0xfc,

    /* U+C811 "접" */
    0x7f, 0xf1, 0xdf, 0xfc, 0x70, 0x70, 0x1c, 0x1c,
    0x7, 0x7, 0x1f, 0xc3, 0xe7, 0xf0, 0xfc, 0x1c,
    0x77, 0x87, 0x38, 0xf9, 0xfc, 0x1c, 0x76, 0x0,
    0x1c, 0x18, 0x7, 0x6, 0x1, 0xc1, 0xff, 0xf0,
    0x7f, 0xfc, 0x18, 0x7, 0x6, 0x1, 0xc1, 0xff,
    0xf0, 0x7f, 0xfc,

    /* U+C813 "젓" */
    0x7f, 0xf1, 0xcf, 0xfe, 0x38, 0x1c, 0x7, 0x3,
    0x80, 0xe0, 0x71, 0xfc, 0x1e, 0x3f, 0x83, 0xe0,
    0x70, 0xee, 0xe, 0x3c, 0xf1, 0xcf, 0xe, 0x39,
    0xc0, 0x87, 0x30, 0x0, 0xe0, 0x7, 0x1c, 0x0,
    0xe0, 0x0, 0x1c, 0x0, 0x7, 0xc0, 0x1, 0xfc,
    0x0, 0xf3, 0xe0, 0xfc, 0x1f, 0x8f, 0x1, 0xe0,
    0x0, 0x4,

    /* U+C815 "정" */
    0x7f, 0xf1, 0xdf, 0xfc, 0x70, 0x70, 0x1c, 0x1c,
    0x7, 0x7, 0x1f, 0xc1, 0xc7, 0xf0, 0xf8, 0x1c,
    0x77, 0x7, 0x19, 0xe1, 0xdc, 0x3e, 0x76, 0x3,
    0x1c, 0x3, 0xff, 0x3, 0xff, 0x81, 0xc0, 0xf0,
    0x60, 0x1c, 0x18, 0x7, 0x7, 0x3, 0xc0, 0xff,
    0xe0, 0xf, 0xe0,

    /* U+C816 "젖" */
    0x7f, 0xf1, 0xc7, 0xff, 0x1c, 0x7, 0x1, 0xc0,
    0x70, 0x1c, 0x7, 0x1f, 0xc0, 0xf9, 0xfc, 0xf,
    0xc1, 0xc1, 0xde, 0x1c, 0x38, 0xf9, 0xcf, 0x7,
    0x1c, 0x60, 0x1, 0xc0, 0x0, 0x0, 0xf, 0xff,
    0xc0, 0xff, 0xfc, 0x0, 0x78, 0x0, 0xf, 0xc0,
    0x1, 0xde, 0x0, 0xf8, 0xfc, 0x1f, 0x3, 0xe0,
    0xc0, 0xc,

    /* U+C81C "제" */
    0x0, 0x1c, 0xef, 0xfb, 0x9d, 0xff, 0x73, 0x87,
    0xe, 0x70, 0xe1, 0xce, 0x1c, 0x39, 0xc3, 0xbf,
    0x38, 0x77, 0xe7, 0xe, 0x1c, 0xe3, 0xe3, 0x9c,
    0x7c, 0x73, 0x9d, 0xce, 0x77, 0x1d, 0xcf, 0xc1,
    0xb9, 0xd8, 0x7, 0x38, 0x0, 0xe7, 0x0, 0x1c,
    0xe0, 0x3, 0x9c, 0x0, 0x73, 0x80,

    /* U+C820 "젠" */
    0x7f, 0xce, 0xef, 0xf9, 0xdc, 0x38, 0x3b, 0x87,
    0x7, 0x70, 0xe0, 0xee, 0x1c, 0xfd, 0xc3, 0xdf,
    0xb8, 0xf8, 0x77, 0x1f, 0x8e, 0xe7, 0x39, 0xdf,
    0xc3, 0xbb, 0xb0, 0x27, 0x70, 0x70, 0xee, 0xe,
    0x1d, 0xc1, 0xc0, 0x38, 0x38, 0x0, 0x7, 0x0,
    0x0, 0xff, 0xfc, 0x1f, 0xff, 0x80,

    /* U+C838 "져" */
    0x0, 0x0, 0xef, 0xff, 0x1d, 0xff, 0xe3, 0x81,
    0x80, 0x70, 0x30, 0xfe, 0x6, 0x1f, 0xc0, 0xe0,
    0x38, 0x3c, 0x7, 0x7, 0x80, 0xe1, 0xf9, 0xfc,
    0x3f, 0xbf, 0x8e, 0x78, 0x73, 0x87, 0x8f, 0xe0,
    0x71, 0xc8, 0x4, 0x38, 0x0, 0x7, 0x0, 0x0,
    0xe0, 0x0, 0x1c, 0x0, 0x3, 0x80,

    /* U+C870 "조" */
    0x3f, 0xff, 0x87, 0xff, 0xf0, 0x3, 0x80, 0x0,
    0x70, 0x0, 0x1f, 0x0, 0x7, 0x70, 0x1, 0xc7,
    0x0, 0xf0, 0x78, 0x7c, 0x7, 0xc6, 0x1c, 0x30,
    0x3, 0x80, 0x0, 0x70, 0x0, 0xe, 0x0, 0x1,
    0xc0, 0x3f, 0xff, 0xff, 0xff, 0xff,

    /* U+C871 "족" */
    0x1f, 0xff, 0x83, 0xff, 0xf0, 0x3, 0xc0, 0x0,
    0xfc, 0x0, 0x7b, 0xc0, 0xfe, 0x3f, 0x8f, 0x1,
    0xf0, 0x7, 0x0, 0x0, 0xe0, 0x1f, 0xff, 0xff,
    0xff, 0xff, 0x80, 0x0, 0x0, 0x0, 0x0, 0x3f,
    0xfe, 0x7, 0xff, 0xc0, 0x0, 0x18, 0x0, 0x3,
    0x0, 0x0, 0x60, 0x0, 0xc, 0x0,

    /* U+C874 "존" */
    0x3f, 0xff, 0x87, 0xff, 0xf0, 0x3, 0xc0, 0x0,
    0xf8, 0x0, 0x3f, 0x80, 0xf, 0x3c, 0x1f, 0xc3,
    0xf1, 0xe7, 0x1e, 0x0, 0xe0, 0x0, 0x1c, 0x3,
    0xff, 0xff, 0xff, 0xff, 0xf0, 0x0, 0x0, 0x38,
    0x0, 0x7, 0x0, 0x0, 0xe0, 0x0, 0x1c, 0x0,
    0x3, 0xff, 0xf0, 0x7f, 0xfe, 0x0,

    /* U+C878 "졸" */
    0x3f, 0xff, 0x87, 0xff, 0xf0, 0x7, 0xc0, 0x1,
    0xfc, 0x1, 0xf3, 0xf0, 0xfc, 0x1f, 0x8c, 0x38,
    0x60, 0x7, 0x0, 0xff, 0xff, 0xff, 0xff, 0xfc,
    0x0, 0x0, 0xf, 0xff, 0x81, 0xff, 0xf0, 0x0,
    0x6, 0x7, 0xff, 0xc0, 0xff, 0xf8, 0x18, 0x0,
    0x3, 0xff, 0xf0, 0x7f, 0xfe, 0x0,

    /* U+C881 "좁" */
    0x3f, 0xff, 0x87, 0xff, 0xf0, 0x3, 0x80, 0x0,
    0xf8, 0x0, 0x7b, 0xc0, 0xfe, 0x3f, 0x9f, 0x1,
    0xf1, 0x7, 0x0, 0x0, 0xe0, 0x1f, 0xff, 0xff,
    0xff, 0xff, 0x80, 0x0, 0x1, 0x80, 0x30, 0x30,
    0x6, 0x7, 0xff, 0xc0, 0xff, 0xf8, 0x18, 0x3,
    0x3, 0xff, 0xe0, 0x7f, 0xfc, 0x0,

    /* U+C885 "종" */
    0x3f, 0xff, 0x87, 0xff, 0xf0, 0x3, 0x80, 0x0,
    0xf8, 0x0, 0x7b, 0xc0, 0xfe, 0x3f, 0x9f, 0x1,
    0xf1, 0x7, 0x0, 0x0, 0xe0, 0x1f, 0xff, 0xff,
    0xff, 0xff, 0x80, 0x0, 0x0, 0x7f, 0xc0, 0x3f,
    0xfe, 0x7, 0x1, 0xc0, 0xc0, 0x18, 0x1c, 0x7,
    0x3, 0xff, 0xe0, 0x1f, 0xf0, 0x0,

    /* U+C88B "좋" */
    0x3f, 0xff, 0x87, 0xff, 0xf0, 0x7, 0xc0, 0x7,
    0xdf, 0x7, 0xe0, 0xfc, 0x71, 0xc7, 0x0, 0x38,
    0x7, 0xff, 0xff, 0xff, 0xff, 0xe0, 0x0, 0x0,
    0x3, 0x80, 0x0, 0x70, 0x3, 0xff, 0xf8, 0x7f,
    0xff, 0x1, 0xff, 0x0, 0x7f, 0xf0, 0x1c, 0x7,
    0x3, 0x80, 0xe0, 0x3f, 0xf8, 0x1, 0xfe, 0x0,

    /* U+C88C "좌" */
    0x0, 0x1, 0xc3, 0xff, 0xce, 0x1f, 0xfe, 0x70,
    0x6, 0x3, 0x80, 0x78, 0x1c, 0x3, 0xc0, 0xe0,
    0x3f, 0x7, 0x3, 0xfc, 0x38, 0x78, 0xf9, 0xff,
    0x81, 0xcf, 0xc0, 0xc0, 0x70, 0x6, 0x3, 0x80,
    0x30, 0x1c, 0x1, 0x80, 0xe3, 0xff, 0xf7, 0x1f,
    0xff, 0xb8, 0x0, 0x1, 0xc0, 0x0, 0xe, 0x0,
    0x0, 0x70,

    /* U+C8C4 "죄" */
    0x3f, 0xfc, 0xe7, 0xff, 0x9c, 0x6, 0x3, 0x81,
    0xe0, 0x70, 0x3c, 0xe, 0xf, 0xc1, 0xc3, 0xbc,
    0x39, 0xf3, 0xe7, 0x78, 0x1c, 0xe6, 0x0, 0x9c,
    0x6, 0x3, 0x80, 0xc0, 0x70, 0x18, 0xe, 0x3,
    0x1, 0xff, 0xff, 0xbb, 0xff, 0xf7, 0x0, 0x0,
    0xe0, 0x0, 0x1c, 0x0, 0x3, 0x80,

    /* U+C8FC "주" */
    0x3f, 0xff, 0x87, 0xff, 0xf0, 0x3, 0x80, 0x0,
    0xf8, 0x0, 0x3f, 0x80, 0xf, 0x7c, 0x1f, 0x83,
    0xf3, 0xe0, 0x3e, 0x20, 0x0, 0x80, 0x0, 0x3,
    0xff, 0xff, 0xff, 0xff, 0xf0, 0xe, 0x0, 0x1,
    0xc0, 0x0, 0x38, 0x0, 0x7, 0x0, 0x0, 0xe0,
    0x0, 0x1c, 0x0, 0x3, 0x80, 0x0,

    /* U+C8FD "죽" */
    0x1f, 0xff, 0x83, 0xff, 0xf0, 0x3, 0xc0, 0x1,
    0xfc, 0x0, 0xf9, 0xf0, 0xfc, 0x1f, 0x8c, 0x0,
    0x60, 0x0, 0x0, 0xff, 0xff, 0xff, 0xff, 0xfc,
    0x3, 0x80, 0x0, 0x70, 0x0, 0xe, 0x0, 0x3f,
    0xfe, 0x7, 0xff, 0xc0, 0x0, 0x18, 0x0, 0x3,
    0x0, 0x0, 0x60, 0x0, 0xc, 0x0,

    /* U+C900 "준" */
    0x3f, 0xff, 0x87, 0xff, 0xf0, 0x3, 0xc0, 0x0,
    0xfc, 0x0, 0x7f, 0xc0, 0xfe, 0x3f, 0x9f, 0x1,
    0xf1, 0x0, 0x0, 0x0, 0x0, 0x1f, 0xff, 0xff,
    0xff, 0xff, 0x80, 0x70, 0x0, 0xe, 0x0, 0x39,
    0xc0, 0x7, 0x38, 0x0, 0xe0, 0x0, 0x1c, 0x0,
    0x3, 0xff, 0xf0, 0x7f, 0xfe, 0x0,

    /* U+C904 "줄" */
    0x3f, 0xff, 0x87, 0xff, 0xf0, 0x7, 0xc0, 0x1,
    0xfc, 0x0, 0xfb, 0xe0, 0xfc, 0x1f, 0x8e, 0x0,
    0xe0, 0x0, 0x0, 0xff, 0xff, 0xff, 0xff, 0xfc,
    0x3, 0x80, 0xf, 0xff, 0x81, 0xff, 0xf0, 0x0,
    0x6, 0x7, 0xff, 0xc0, 0xff, 0xf8, 0x18, 0x0,
    0x3, 0xff, 0xf0, 0x7f, 0xfe, 0x0,

    /* U+C90C "줌" */
    0x3f, 0xff, 0x87, 0xff, 0xf0, 0x7, 0xc0, 0x1,
    0xfc, 0x1, 0xf9, 0xf0, 0xfc, 0x1f, 0x8c, 0x0,
    0x60, 0x0, 0x0, 0xff, 0xff, 0xff, 0xff, 0xfc,
    0x3, 0x80, 0x0, 0x70, 0x1, 0xff, 0xf0, 0x3f,
    0xfe, 0x6, 0x0, 0xc0, 0xc0, 0x18, 0x18, 0x3,
    0x3, 0xff, 0xe0, 0x7f, 0xfc, 0x0,

    /* U+C90D "줍" */
    0x3f, 0xff, 0x87, 0xff, 0xf0, 0x3, 0xc0, 0x1,
    0xfc, 0x0, 0xfb, 0xe0, 0xfc, 0x1f, 0x8c, 0x0,
    0x60, 0x0, 0x0, 0xff, 0xff, 0xff, 0xff, 0xfc,
    0x3, 0x80, 0x0, 0x70, 0x1, 0x8e, 0x30, 0x30,
    0x6, 0x7, 0xff, 0xc0, 0xff, 0xf8, 0x18, 0x3,
    0x3, 0xff, 0xe0, 0x7f, 0xfc, 0x0,

    /* U+C911 "중" */
    0x3f, 0xff, 0x87, 0xff, 0xf0, 0x3, 0xc0, 0x1,
    0xfc, 0x1, 0xfb, 0xf0, 0xfc, 0x1f, 0x8c, 0x0,
    0x60, 0x0, 0x0, 0xff, 0xff, 0xff, 0xff, 0xfc,
    0x3, 0x80, 0x0, 0x70, 0x0, 0xff, 0xe0, 0x3f,
    0xfe, 0x7, 0x1, 0xc0, 0xc0, 0x18, 0x1c, 0x7,
    0x1, 0xff, 0xc0, 0xf, 0xf0, 0x0,

    /* U+C950 "쥐" */
    0x3f, 0xf9, 0xcf, 0xfe, 0x70, 0x38, 0x1c, 0xe,
    0x7, 0x7, 0xc1, 0xc3, 0xb8, 0x73, 0xc7, 0xdc,
    0xe0, 0xe7, 0x30, 0x1, 0xc0, 0x0, 0x77, 0xff,
    0xdd, 0xff, 0xf7, 0x3, 0x81, 0xc0, 0xe0, 0x70,
    0x38, 0x1c, 0xe, 0x7, 0x3, 0x81, 0xc0, 0xe0,
    0x70, 0x38, 0x1c,

    /* U+C988 "즈" */
    0x3f, 0xff, 0x87, 0xff, 0xf0, 0x3, 0x80, 0x0,
    0x70, 0x0, 0x1f, 0x0, 0x7, 0x70, 0x1, 0xc7,
    0x0, 0xf0, 0x78, 0x7c, 0x7, 0xc6, 0x0, 0x30,
    0x0, 0x0, 0x0, 0x0, 0x0, 0x0, 0x0, 0x0,
    0x0, 0x3f, 0xff, 0xff, 0xff, 0xff,

    /* U+C989 "즉" */
    0x1f, 0xff, 0x83, 0xff, 0xf0, 0x3, 0xc0, 0x0,
    0xfc, 0x0, 0x7b, 0xc0, 0x7e, 0x3f, 0x1f, 0x1,
    0xf1, 0x80, 0x4, 0x0, 0x0, 0x1f, 0xff, 0xff,
    0xff, 0xff, 0x80, 0x0, 0x0, 0x0, 0x0, 0x3f,
    0xfe, 0x7, 0xff, 0xc0, 0x0, 0x18, 0x0, 0x3,
    0x0, 0x0, 0x60, 0x0, 0xc, 0x0,

    /* U+C990 "즐" */
    0x3f, 0xff, 0x87, 0xff, 0xf0, 0x7, 0xc0, 0x1,
    0xfc, 0x0, 0xfb, 0xe0, 0xfc, 0x1f, 0x8e, 0x0,
    0xe0, 0x0, 0x0, 0xff, 0xff, 0xff, 0xff, 0xfc,
    0x0, 0x0, 0xf, 0xff, 0x81, 0xff, 0xf0, 0x0,
    0x6, 0x7, 0xff, 0xc0, 0xff, 0xf8, 0x18, 0x0,
    0x3, 0xff, 0xf0, 0x7f, 0xfe, 0x0,

    /* U+C99D "증" */
    0x3f, 0xff, 0x87, 0xff, 0xf0, 0x3, 0x80, 0x0,
    0xf8, 0x0, 0x7b, 0xc0, 0x7e, 0x3f, 0x1f, 0x1,
    0xf1, 0x0, 0x4, 0x0, 0x0, 0x1f, 0xff, 0xff,
    0xff, 0xff, 0x80, 0x0, 0x0, 0x7f, 0xc0, 0x3f,
    0xfe, 0x7, 0x1, 0xc0, 0xc0, 0x18, 0x1c, 0x7,
    0x3, 0xff, 0xe0, 0x1f, 0xf0, 0x0,

    /* U+C9C0 "지" */
    0x0, 0x1, 0xdf, 0xfe, 0x77, 0xff, 0x9c, 0xc,
    0x7, 0x3, 0x1, 0xc0, 0xc0, 0x70, 0x78, 0x1c,
    0x1e, 0x7, 0x7, 0xc1, 0xc3, 0xf0, 0x71, 0xce,
    0x1c, 0xe1, 0xc7, 0x78, 0x39, 0xdc, 0x4, 0x70,
    0x0, 0x1c, 0x0, 0x7, 0x0, 0x1, 0xc0, 0x0,
    0x70, 0x0, 0x1c,

    /* U+C9C1 "직" */
    0x7f, 0xf1, 0xdf, 0xfc, 0x70, 0x70, 0x1c, 0x1c,
    0x7, 0x7, 0x1, 0xc1, 0xc0, 0x70, 0xf8, 0x1c,
    0x3f, 0x7, 0x1d, 0xe1, 0xce, 0x3e, 0x7f, 0x3,
    0x1d, 0x80, 0x7, 0xf, 0xff, 0xc3, 0xff, 0xf0,
    0x0, 0x1c, 0x0, 0x7, 0x0, 0x1, 0xc0, 0x0,
    0x70, 0x0, 0x1c,

    /* U+C9C4 "진" */
    0x7f, 0xf1, 0xdf, 0xfc, 0x70, 0x70, 0x1c, 0x1c,
    0x7, 0x7, 0x1, 0xc1, 0xc0, 0x70, 0xf8, 0x1c,
    0x3f, 0x7, 0x1c, 0xe1, 0xde, 0x1e, 0x7f, 0x3,
    0x1d, 0x80, 0x7, 0xe, 0x1, 0xc3, 0x80, 0x70,
    0xe0, 0x1c, 0x38, 0x0, 0xe, 0x0, 0x3, 0xff,
    0xf0, 0xff, 0xfc,

    /* U+C9C8 "질" */
    0x7f, 0xf1, 0xdf, 0xfc, 0x70, 0x70, 0x1c, 0x1c,
    0x7, 0x7, 0x1, 0xc3, 0xe0, 0x71, 0xdc, 0x1c,
    0xf3, 0xc7, 0xf8, 0x71, 0xdc, 0x0, 0x70, 0x0,
    0x0, 0x3f, 0xff, 0xf, 0xff, 0xc0, 0x0, 0x70,
    0xff, 0xfc, 0x3f, 0xff, 0xe, 0x0, 0x3, 0xff,
    0xf0, 0xff, 0xfc,

    /* U+C9D0 "짐" */
    0x7f, 0xf1, 0xdf, 0xfc, 0x70, 0x70, 0x1c, 0x1c,
    0x7, 0x7, 0x1, 0xc3, 0xe0, 0x70, 0xfc, 0x1c,
    0x77, 0x87, 0x78, 0xf9, 0xfc, 0xc, 0x76, 0x0,
    0x1c, 0x0, 0x0, 0xf, 0xff, 0xc3, 0xff, 0xf0,
    0xe0, 0x1c, 0x38, 0x7, 0xe, 0x1, 0xc3, 0xff,
    0xf0, 0xff, 0xfc,

    /* U+C9D1 "집" */
    0x7f, 0xf1, 0xdf, 0xfc, 0x70, 0x70, 0x1c, 0x1c,
    0x7, 0x7, 0x1, 0xc3, 0xe0, 0x70, 0xfc, 0x1c,
    0x77, 0x87, 0x38, 0xf9, 0xfc, 0x1c, 0x76, 0x0,
    0x1c, 0x38, 0x7, 0xe, 0x1, 0xc3, 0xff, 0xf0,
    0xff, 0xfc, 0x38, 0x7, 0xe, 0x1, 0xc3, 0xff,
    0xf0, 0xff, 0xfc,

    /* U+C9D3 "짓" */
    0x7f, 0xf1, 0xcf, 0xfe, 0x38, 0x1c, 0x7, 0x3,
    0x80, 0xe0, 0x70, 0x1c, 0xf, 0x3, 0x83, 0xe0,
    0x70, 0xee, 0xe, 0x3c, 0xf1, 0xcf, 0xf, 0x39,
    0xc0, 0xc7, 0x30, 0x0, 0xe0, 0x6, 0x1c, 0x0,
    0xc0, 0x0, 0x3c, 0x0, 0x7, 0xc0, 0x1, 0xfc,
    0x0, 0xf3, 0xc0, 0xfc, 0x3f, 0x9e, 0x1, 0xe1,
    0x0, 0x4,

    /* U+C9D5 "징" */
    0x7f, 0xf1, 0xdf, 0xfc, 0x70, 0x70, 0x1c, 0x1c,
    0x7, 0x7, 0x1, 0xc1, 0xc0, 0x70, 0xf8, 0x1c,
    0x3f, 0x7, 0x1c, 0xe1, 0xde, 0x1e, 0x76, 0x3,
    0x1c, 0x3, 0xff, 0x3, 0xff, 0x81, 0xc0, 0xf0,
    0xe0, 0x1c, 0x38, 0x7, 0x7, 0x3, 0xc0, 0xff,
    0xe0, 0xf, 0xe0,

    /* U+C9D9 "짙" */
    0x7f, 0xf1, 0xdf, 0xfc, 0x70, 0x70, 0x1c, 0x1c,
    0x7, 0x7, 0x1, 0xc3, 0xe0, 0x70, 0xfc, 0x1c,
    0x77, 0x87, 0x38, 0xf9, 0xfe, 0x1c, 0x76, 0x0,
    0x1c, 0x0, 0x0, 0xf, 0xff, 0xc3, 0x80, 0x0,
    0xff, 0xfc, 0x3f, 0xff, 0xe, 0x0, 0x3, 0xff,
    0xf0, 0xff, 0xfc,

    /* U+C9DA "짚" */
    0x7f, 0xf1, 0xcf, 0xfe, 0x38, 0x1c, 0x7, 0x3,
    0x80, 0xe0, 0x70, 0x1c, 0x1f, 0x3, 0x83, 0xf0,
    0x70, 0xef, 0xe, 0x38, 0xf9, 0xde, 0x6, 0x39,
    0x80, 0x7, 0x0, 0x0, 0x0, 0xff, 0xfc, 0x1f,
    0xff, 0x80, 0xe1, 0xc0, 0x1c, 0x38, 0x3, 0x87,
    0x3, 0xff, 0xfc, 0x7f, 0xff, 0x80,

    /* U+C9DC "짜" */
    0x0, 0x1, 0xc3, 0xff, 0xee, 0x1f, 0xff, 0x70,
    0x18, 0xe3, 0x80, 0xc7, 0x1c, 0x6, 0x38, 0xe0,
    0x71, 0xc7, 0x3, 0xce, 0x3f, 0x1e, 0xf1, 0xf9,
    0xff, 0xce, 0xe, 0xf6, 0x70, 0xe7, 0xbb, 0x8e,
    0x38, 0xfc, 0x11, 0xc2, 0xe0, 0xc, 0x7, 0x0,
    0x0, 0x38, 0x0, 0x1, 0xc0, 0x0, 0xe, 0x0,
    0x0, 0x70,

    /* U+C9DD "짝" */
    0x7f, 0xf9, 0xc3, 0xff, 0xce, 0x7, 0x38, 0x70,
    0x39, 0xc3, 0x81, 0xce, 0x1c, 0xe, 0x70, 0xfc,
    0xfb, 0xc7, 0xe6, 0xff, 0x38, 0x73, 0xbd, 0xc3,
    0x1c, 0xee, 0x1, 0xc2, 0x70, 0x4, 0x3, 0x80,
    0xff, 0xfc, 0x7, 0xff, 0xe0, 0x0, 0x7, 0x0,
    0x0, 0x38, 0x0, 0x1, 0xc0, 0x0, 0xe, 0x0,
    0x0, 0x70,

    /* U+C9F8 "째" */
    0x0, 0x6, 0xef, 0xfe, 0xdd, 0xff, 0xdb, 0x8c,
    0x63, 0x71, 0x8c, 0x6e, 0x31, 0x8d, 0xc7, 0x71,
    0xb8, 0xee, 0x37, 0x3d, 0xe7, 0xe7, 0xfc, 0xfc,
    0xdf, 0x9b, 0x9b, 0xfb, 0x77, 0x33, 0x6e, 0xce,
    0x7d, 0xc3, 0x85, 0xb8, 0x10, 0x37, 0x0, 0x6,
    0xe0, 0x0, 0xdc, 0x0, 0x1b, 0x80,

    /* U+CA0C "쨌" */
    0x7f, 0xee, 0xe7, 0xfe, 0xee, 0x19, 0x8e, 0xe1,
    0x98, 0xee, 0x19, 0x8e, 0xe3, 0xdc, 0xfe, 0x3f,
    0xcf, 0xe3, 0xfe, 0xee, 0x67, 0x6e, 0xe6, 0xe2,
    0xee, 0x4, 0xe, 0xe0, 0x0, 0x0, 0x3, 0x7,
    0x0, 0x30, 0x70, 0x7, 0x87, 0x0, 0x78, 0xf8,
    0xf, 0xef, 0xc1, 0xcb, 0xde, 0x38, 0x78, 0xf1,
    0x3, 0x6,

    /* U+CA4C "쩌" */
    0x0, 0x1, 0xdf, 0xfe, 0x77, 0xff, 0x9c, 0x73,
    0x7, 0x1c, 0xc1, 0xc7, 0x30, 0x71, 0xce, 0xfc,
    0x73, 0xbf, 0x1d, 0xe1, 0xcf, 0xf8, 0x73, 0x7f,
    0x1d, 0xce, 0xe7, 0xe3, 0x1d, 0xc9, 0xc6, 0x70,
    0x60, 0x1c, 0x0, 0x7, 0x0, 0x1, 0xc0, 0x0,
    0x70, 0x0, 0x1c,

    /* U+CABD "쪽" */
    0x3f, 0xff, 0x87, 0xff, 0xf0, 0x1c, 0x30, 0x7,
    0x87, 0x1, 0xf9, 0xf0, 0xfb, 0x77, 0x1c, 0x4,
    0x71, 0x7, 0x0, 0x0, 0xe0, 0x1f, 0xff, 0xff,
    0xff, 0xff, 0x80, 0x0, 0x0, 0x0, 0x0, 0x3f,
    0xfe, 0x7, 0xff, 0xc0, 0x0, 0x18, 0x0, 0x3,
    0x0, 0x0, 0x60, 0x0, 0xc, 0x0,

    /* U+CAD3 "쫓" */
    0x3f, 0xff, 0x87, 0xff, 0xf0, 0x18, 0x30, 0x7,
    0x8f, 0x1, 0xf9, 0xf0, 0x77, 0x7f, 0x1c, 0xc,
    0xf1, 0x7, 0x4, 0x0, 0xe0, 0x1f, 0xff, 0xff,
    0xff, 0xff, 0x80, 0x70, 0x0, 0xe, 0x0, 0x7f,
    0xff, 0xf, 0xff, 0xe0, 0xf, 0x80, 0x3, 0xb8,
    0x3, 0xe3, 0xe1, 0xf8, 0x3e, 0x18, 0x0, 0x40,

    /* U+CC0C "찌" */
    0x0, 0x0, 0xef, 0xff, 0x9d, 0xff, 0xf3, 0x86,
    0x38, 0x70, 0xc7, 0xe, 0x18, 0xe1, 0xc7, 0x1c,
    0x38, 0xf3, 0x87, 0x1e, 0xf0, 0xe7, 0xff, 0x1c,
    0xef, 0x63, 0xb9, 0xee, 0x7e, 0x18, 0xee, 0x47,
    0x9, 0xc0, 0xc0, 0x38, 0x0, 0x7, 0x0, 0x0,
    0xe0, 0x0, 0x1c, 0x0, 0x3, 0x80,

    /* U+CC0D "찍" */
    0x7f, 0xfd, 0xdf, 0xff, 0x71, 0xc6, 0x1c, 0x71,
    0x87, 0x1c, 0x71, 0xc7, 0x1c, 0x73, 0xef, 0x1c,
    0xdf, 0xe7, 0x73, 0xdd, 0xd8, 0xe3, 0x70, 0x70,
    0x5c, 0x4, 0x7, 0xf, 0xff, 0xc3, 0xff, 0xf0,
    0x0, 0x1c, 0x0, 0x7, 0x0, 0x1, 0xc0, 0x0,
    0x70, 0x0, 0x1c,

    /* U+CC28 "차" */
    0x3, 0x3, 0x80, 0x30, 0x38, 0x7f, 0xfb, 0x87,
    0xff, 0xb8, 0x3, 0x3, 0x80, 0x30, 0x38, 0x3,
    0x3, 0x80, 0x78, 0x3f, 0x7, 0x83, 0xf0, 0xfc,
    0x38, 0x1c, 0xe3, 0x83, 0xc7, 0x38, 0x78, 0x3b,
    0x87, 0x1, 0x38, 0x0, 0x3, 0x80, 0x0, 0x38,
    0x0, 0x3, 0x80, 0x0, 0x38, 0x0, 0x3, 0x80,

    /* U+CC29 "착" */
    0x3, 0x0, 0x0, 0x18, 0xe, 0x1f, 0xfe, 0x70,
    0xff, 0xf3, 0x80, 0x30, 0x1c, 0x3, 0xc0, 0xe0,
    0x1e, 0x7, 0xe1, 0xf8, 0x3f, 0xf, 0xe1, 0xc0,
    0xe7, 0x8e, 0x1e, 0x1e, 0x70, 0xe0, 0x23, 0x82,
    0x0, 0x1c, 0x7, 0xff, 0xe0, 0x3f, 0xff, 0x0,
    0x0, 0x38, 0x0, 0x1, 0xc0, 0x0, 0xe, 0x0,
    0x0, 0x70, 0x0, 0x3, 0x80,

    /* U+CC2C "찬" */
    0x3, 0x1, 0xc0, 0x18, 0xe, 0x1f, 0xfe, 0x70,
    0xff, 0xf3, 0x80, 0x30, 0x1c, 0x3, 0xc0, 0xe0,
    0x1e, 0x7, 0xe1, 0xf8, 0x3f, 0xf, 0xe1, 0xc1,
    0xe7, 0xce, 0x1e, 0xe, 0x70, 0x40, 0x23, 0x80,
    0x0, 0x1c, 0x7, 0x0, 0xe0, 0x38, 0x7, 0x1,
    0xc0, 0x0, 0xe, 0x0, 0x0, 0x7f, 0xfe, 0x3,
    0xff, 0xf0,

    /* U+CC30 "찰" */
    0x3, 0x0, 0x0, 0x18, 0xe, 0x0, 0xc0, 0x70,
    0xff, 0xf3, 0x87, 0xff, 0x9c, 0x3, 0xc0, 0xfc,
    0x1e, 0x7, 0xe1, 0xf8, 0x38, 0x1c, 0xf1, 0xc3,
    0xc3, 0xce, 0x8, 0x4, 0x70, 0x1f, 0xff, 0x80,
    0xff, 0xfc, 0x0, 0x0, 0xe0, 0x0, 0x7, 0x1,
    0xff, 0xf8, 0xf, 0xff, 0xc0, 0x70, 0x0, 0x3,
    0xff, 0xf0, 0x1f, 0xff, 0x80,

    /* U+CC38 "참" */
    0x3, 0x0, 0x0, 0x18, 0xe, 0x0, 0xc0, 0x70,
    0xff, 0xf3, 0x80, 0x30, 0x1c, 0x3, 0xc0, 0xfc,
    0x1e, 0x7, 0xe1, 0xf8, 0x38, 0x1c, 0xf1, 0xc1,
    0xe3, 0xce, 0x1c, 0x6, 0x70, 0x40, 0x3, 0x80,
    0x0, 0x0, 0x7, 0xff, 0xe0, 0x3f, 0xff, 0x1,
    0xc0, 0x38, 0xe, 0x1, 0xc0, 0x70, 0xe, 0x3,
    0xff, 0xf0, 0x1f, 0xff, 0x80,

    /* U+CC3D "창" */
    0x3, 0x1, 0xc0, 0x18, 0xe, 0x1f, 0xfe, 0x70,
    0xff, 0xf3, 0x80, 0x30, 0x1c, 0x3, 0xc0, 0xfc,
    0x1e, 0x7, 0xe1, 0xf8, 0x38, 0x1c, 0xe1, 0xc1,
    0xe3, 0xee, 0x1e, 0xe, 0x70, 0xe0, 0x3, 0x80,
    0x0, 0x1c, 0x0, 0xff, 0x0, 0x1f, 0xfe, 0x1,
    0xe0, 0x78, 0xe, 0x1, 0xc0, 0x78, 0x1e, 0x1,
    0xff, 0xe0, 0x3, 0xfc, 0x0,

    /* U+CC3E "찾" */
    0x3, 0x0, 0x0, 0x18, 0xe, 0x0, 0xc0, 0x70,
    0xff, 0xf3, 0x80, 0x30, 0x1c, 0x3, 0xc0, 0xfc,
    0x1e, 0x7, 0xe1, 0xf8, 0x38, 0x1c, 0xf1, 0xc1,
    0xe3, 0xee, 0x1e, 0xe, 0x70, 0x60, 0x3, 0x80,
    0x0, 0x0, 0xf, 0xff, 0xe0, 0x7f, 0xff, 0x0,
    0xf, 0x0, 0x0, 0xfc, 0x0, 0x1e, 0xf0, 0x7,
    0xe3, 0xf8, 0x7c, 0x7, 0xc1, 0x80, 0xc, 0x0,

    /* U+CC44 "채" */
    0x6, 0xe, 0xe0, 0xc1, 0xdd, 0xff, 0xbb, 0xbf,
    0xf7, 0x70, 0x60, 0xee, 0xc, 0x1d, 0xc1, 0x83,
    0xb8, 0x78, 0x77, 0xf, 0xf, 0xe1, 0xe1, 0xfc,
    0x7e, 0x3b, 0x8f, 0xe7, 0x73, 0x9e, 0xee, 0xe1,
    0xdd, 0xd8, 0x13, 0xb8, 0x0, 0x77, 0x0, 0xe,
    0xe0, 0x1, 0xdc, 0x0, 0x3b, 0x80,

    /* U+CC45 "책" */
    0xe, 0xe, 0xe1, 0xc1, 0xdd, 0xff, 0xbb, 0xbf,
    0xf7, 0x70, 0xe0, 0xee, 0x1c, 0x1f, 0xc3, 0xc3,
    0xf8, 0xf8, 0x77, 0x1b, 0x8e, 0xe6, 0x3d, 0xdf,
    0x83, 0xbb, 0x80, 0x0, 0x70, 0x7f, 0xfe, 0xf,
    0xff, 0xc0, 0x0, 0x38, 0x0, 0x7, 0x0, 0x0,
    0xe0, 0x0, 0x1c, 0x0, 0x3, 0x80,

    /* U+CC59 "챙" */
    0x6, 0xe, 0xe0, 0xc1, 0xdd, 0xff, 0xbb, 0xbf,
    0xf7, 0x70, 0x60, 0xee, 0x1e, 0x1f, 0xc3, 0xc3,
    0xf8, 0xfc, 0x77, 0x39, 0xce, 0xef, 0x1d, 0xdd,
    0xc1, 0x3b, 0x90, 0x0, 0x70, 0xf, 0xf0, 0x7,
    0xff, 0x81, 0xe0, 0x78, 0x38, 0x7, 0x7, 0x81,
    0xe0, 0x7f, 0xf8, 0x3, 0xfc, 0x0,

    /* U+CC98 "처" */
    0x3, 0x1, 0xc0, 0xc0, 0x77, 0xff, 0x9d, 0xff,
    0xe7, 0x3, 0x1, 0xc0, 0xc0, 0x70, 0x70, 0x1c,
    0x1c, 0x7f, 0x7, 0x9f, 0xc3, 0xf0, 0x70, 0xfc,
    0x1c, 0x73, 0xc7, 0x38, 0x79, 0xdc, 0xe, 0x72,
    0x1, 0x1c, 0x0, 0x7, 0x0, 0x1, 0xc0, 0x0,
    0x70, 0x0, 0x1c,

    /* U+CC99 "척" */
    0x7, 0x0, 0x1, 0xc0, 0x77, 0xff, 0x9d, 0xff,
    0xe7, 0x7, 0x1, 0xc1, 0xc0, 0x70, 0x78, 0xfc,
    0x1e, 0x3f, 0xf, 0xc1, 0xc7, 0x38, 0x73, 0x87,
    0x9d, 0xc0, 0xe7, 0x20, 0x1, 0xc3, 0xff, 0xf0,
    0xff, 0xfc, 0x0, 0x7, 0x0, 0x1, 0xc0, 0x0,
    0x70, 0x0, 0x1c, 0x0, 0x7,

    /* U+CC9C "천" */
    0x7, 0x1, 0xc0, 0xe0, 0x39, 0xff, 0xe7, 0x3f,
    0xfc, 0xe0, 0x70, 0x1c, 0xe, 0x3f, 0x81, 0xc7,
    0xf0, 0x3c, 0xe, 0xf, 0xc1, 0xc7, 0x9f, 0x3b,
    0xe1, 0xe7, 0x38, 0x8, 0xe0, 0xe0, 0x1c, 0x1c,
    0x3, 0x83, 0x80, 0x70, 0x70, 0x0, 0xe, 0x0,
    0x1, 0xff, 0xfc, 0x3f, 0xff, 0x80,

    /* U+CCA0 "철" */
    0x3, 0x0, 0x0, 0x60, 0x1d, 0xff, 0xe3, 0xbf,
    0xfc, 0x70, 0x30, 0xe, 0x7, 0x1f, 0xc1, 0xe3,
    0xf8, 0x7e, 0x7, 0x1c, 0xf0, 0xef, 0xf, 0x1d,
    0xc0, 0x43, 0x90, 0x0, 0x0, 0x7f, 0xfe, 0xf,
    0xff, 0xc0, 0x0, 0x38, 0x3f, 0xff, 0x7, 0xff,
    0xe0, 0xe0, 0x0, 0x1f, 0xff, 0x83, 0xff, 0xf0,

    /* U+CCAB "첫" */
    0x7, 0x1, 0xcf, 0xff, 0x39, 0xff, 0xe7, 0x3,
    0x80, 0xe0, 0x70, 0x1c, 0xf, 0x3f, 0x81, 0xe7,
    0xf0, 0x7e, 0xe, 0x1c, 0xe1, 0xc7, 0xf, 0x39,
    0xc0, 0xe7, 0x10, 0x0, 0xe0, 0x7, 0x1c, 0x0,
    0xe0, 0x0, 0x1c, 0x0, 0x7, 0xc0, 0x1, 0xfc,
    0x0, 0xf3, 0xe0, 0xfc, 0x1f, 0x8f, 0x1, 0xe0,
    0x0, 0x4,

    /* U+CCAD "청" */
    0x7, 0x0, 0x1, 0xc0, 0x0, 0x70, 0x1d, 0xff,
    0xe7, 0x7f, 0xf9, 0xc1, 0xc0, 0x70, 0x70, 0x1c,
    0x1e, 0x7f, 0x7, 0x9f, 0xc3, 0xf0, 0x71, 0xce,
    0x1c, 0xe1, 0xe7, 0x70, 0x39, 0xc8, 0x0, 0x70,
    0x1f, 0xe0, 0xf, 0xfe, 0x7, 0x3, 0xc3, 0x80,
    0x70, 0x70, 0x3c, 0x1f, 0xfe, 0x1, 0xfe, 0x0,

    /* U+CCB4 "체" */
    0xe, 0xe, 0xe1, 0xc1, 0xdd, 0xff, 0xbb, 0xbf,
    0xf7, 0x70, 0xe0, 0xee, 0x1c, 0x1d, 0xc3, 0x83,
    0xb8, 0x73, 0xf7, 0xe, 0x7e, 0xe3, 0xe1, 0xdc,
    0x7e, 0x3b, 0x9d, 0xe7, 0x73, 0x9e, 0xee, 0xe1,
    0xdd, 0xd8, 0x13, 0xb8, 0x0, 0x77, 0x0, 0xe,
    0xe0, 0x1, 0xdc, 0x0, 0x3b, 0x80,

    /* U+CCD0 "쳐" */
    0x7, 0x1, 0xc1, 0xc0, 0x77, 0xff, 0x9d, 0xff,
    0xe7, 0x7, 0x1, 0xc1, 0xc7, 0xf0, 0x71, 0xfc,
    0x1c, 0x7, 0x7, 0x81, 0xc3, 0xe7, 0xf0, 0xfd,
    0xfc, 0x73, 0x87, 0x38, 0x79, 0xfc, 0xe, 0x72,
    0x1, 0x1c, 0x0, 0x7, 0x0, 0x1, 0xc0, 0x0,
    0x70, 0x0, 0x1c,

    /* U+CD08 "초" */
    0x0, 0xe0, 0x0, 0x1c, 0x0, 0xff, 0xfe, 0x1f,
    0xff, 0xc0, 0xe, 0x0, 0x1, 0xc0, 0x0, 0x7c,
    0x0, 0x1d, 0xc0, 0xf, 0x1e, 0xf, 0xc1, 0xf9,
    0xe0, 0xf, 0x10, 0x70, 0x40, 0xe, 0x0, 0x1,
    0xc0, 0x0, 0x38, 0x7, 0xff, 0xff, 0xff, 0xff,
    0xe0,

    /* U+CD09 "촉" */
    0x0, 0xe0, 0x0, 0x1c, 0x0, 0xff, 0xfe, 0x1f,
    0xff, 0xc0, 0xf, 0x0, 0x7, 0xf0, 0x3, 0xef,
    0x83, 0xf8, 0x7e, 0x38, 0xe3, 0x80, 0x1c, 0x3,
    0xff, 0xff, 0xff, 0xff, 0xf0, 0x0, 0x0, 0x0,
    0x0, 0x7, 0xff, 0xc0, 0xff, 0xf8, 0x0, 0x3,
    0x0, 0x0, 0x60, 0x0, 0xc, 0x0, 0x1, 0x80,

    /* U+CD0C "촌" */
    0x0, 0xe0, 0x0, 0x1c, 0x0, 0xff, 0xfe, 0x1f,
    0xff, 0xc0, 0xf, 0x0, 0x3, 0xf0, 0x3, 0xef,
    0x83, 0xf8, 0x7e, 0x78, 0xe3, 0xc0, 0x1c, 0x0,
    0x3, 0x80, 0x7f, 0xff, 0xff, 0xff, 0xfe, 0x0,
    0x0, 0x7, 0x0, 0x0, 0xe0, 0x0, 0x1c, 0x0,
    0x3, 0x80, 0x0, 0x7f, 0xfe, 0xf, 0xff, 0xc0,

    /* U+CD1D "총" */
    0x0, 0xe0, 0x0, 0x1c, 0x0, 0xff, 0xfe, 0x1f,
    0xff, 0xc0, 0x1f, 0x0, 0x7, 0xf0, 0x3, 0xef,
    0x83, 0xf0, 0x7e, 0x78, 0xe3, 0x80, 0x1c, 0x3,
    0xff, 0xff, 0xff, 0xff, 0xf0, 0x0, 0x0, 0xf,
    0xf8, 0x7, 0xff, 0xc0, 0xe0, 0x38, 0x18, 0x3,
    0x3, 0x80, 0xe0, 0x7f, 0xfc, 0x3, 0xfe, 0x0,

    /* U+CD2C "촬" */
    0x3, 0x80, 0x0, 0x38, 0x38, 0x7f, 0xfb, 0x87,
    0xff, 0xb8, 0x7, 0x83, 0x81, 0xff, 0xb8, 0xfc,
    0xff, 0xf7, 0x38, 0xbf, 0x3, 0x83, 0x8f, 0xff,
    0xf8, 0xff, 0xff, 0x80, 0x0, 0x38, 0x0, 0x0,
    0x1, 0xff, 0xf8, 0x0, 0x3, 0x81, 0xff, 0xf8,
    0x1f, 0xff, 0x81, 0xc0, 0x0, 0x1f, 0xff, 0xc1,
    0xff, 0xfc,

    /* U+CD5C "최" */
    0x3, 0x1, 0xc0, 0xc0, 0x77, 0xff, 0x9d, 0xff,
    0xe7, 0x3, 0x81, 0xc1, 0xe0, 0x70, 0xfc, 0x1c,
    0x7b, 0xc7, 0x7c, 0x7d, 0xfc, 0x6, 0x74, 0x30,
    0x1c, 0xc, 0x7, 0x3, 0x1, 0xc0, 0xc0, 0x7f,
    0xff, 0xff, 0xff, 0xff, 0x0, 0x1, 0xc0, 0x0,
    0x70, 0x0, 0x1c,

    /* U+CD94 "추" */
    0x0, 0xe0, 0x0, 0x1c, 0x0, 0xff, 0xfe, 0x1f,
    0xff, 0xc0, 0xe, 0x0, 0x3, 0xe0, 0x1, 0xef,
    0x1, 0xf8, 0xfe, 0x7c, 0x7, 0xc4, 0x0, 0x10,
    0x0, 0x0, 0x7f, 0xff, 0xff, 0xff, 0xfe, 0x1,
    0xc0, 0x0, 0x38, 0x0, 0x7, 0x0, 0x0, 0xe0,
    0x0, 0x1c, 0x0, 0x3, 0x80, 0x0, 0x70, 0x0,

    /* U+CD95 "축" */
    0x0, 0xe0, 0x0, 0x1c, 0x0, 0xff, 0xfe, 0x1f,
    0xff, 0xc0, 0xf, 0x0, 0x7, 0xf0, 0x3, 0xef,
    0x83, 0xf8, 0x7e, 0x38, 0x3, 0x80, 0x0, 0x3,
    0xff, 0xff, 0xff, 0xff, 0xf0, 0xe, 0x0, 0x1,
    0xc0, 0x7, 0xff, 0xc0, 0xff, 0xf8, 0x0, 0x3,
    0x0, 0x0, 0x60, 0x0, 0xc, 0x0, 0x1, 0x80,

    /* U+CD98 "춘" */
    0x0, 0xe0, 0x0, 0x1c, 0x0, 0xff, 0xfe, 0x1f,
    0xff, 0xc0, 0xf, 0x0, 0x3, 0xf0, 0x1, 0xff,
    0x1, 0xfc, 0xfc, 0x7e, 0x7, 0xc4, 0x0, 0x10,
    0x0, 0x0, 0x7f, 0xff, 0xff, 0xff, 0xfe, 0x1,
    0xc0, 0x7, 0x38, 0x0, 0xe7, 0x0, 0x1c, 0xe0,
    0x3, 0x80, 0x0, 0x7f, 0xfe, 0xf, 0xff, 0xc0,

    /* U+CD9C "출" */
    0x0, 0xe0, 0x7, 0xff, 0xf0, 0xff, 0xfe, 0x0,
    0xf8, 0x0, 0x3f, 0x80, 0xf, 0x78, 0x1f, 0xc7,
    0xf3, 0xe0, 0x3e, 0x0, 0x0, 0x1f, 0xff, 0xff,
    0xff, 0xff, 0x80, 0x70, 0x1, 0xff, 0xf0, 0x3f,
    0xfe, 0x0, 0x0, 0xc0, 0xff, 0xf8, 0x1f, 0xff,
    0x3, 0x0, 0x0, 0x7f, 0xfe, 0xf, 0xff, 0xc0,

    /* U+CDA4 "춤" */
    0x0, 0xe0, 0x7, 0xff, 0xf0, 0xff, 0xfe, 0x0,
    0xf8, 0x0, 0x3f, 0x80, 0x1f, 0x7c, 0x1f, 0x83,
    0xf3, 0xc0, 0x1c, 0x0, 0x0, 0x1f, 0xff, 0xff,
    0xff, 0xff, 0x80, 0x70, 0x0, 0xe, 0x0, 0x3f,
    0xfe, 0x7, 0xff, 0xc0, 0xc0, 0x18, 0x18, 0x3,
    0x3, 0xff, 0xe0, 0x7f, 0xfc, 0x0,

    /* U+CDA5 "춥" */
    0x0, 0xe0, 0x0, 0x1c, 0x0, 0xff, 0xfe, 0x1f,
    0xff, 0xc0, 0x1f, 0x0, 0x7, 0xf0, 0x3, 0xef,
    0x83, 0xf0, 0x7e, 0x78, 0x3, 0x80, 0x0, 0x3,
    0xff, 0xff, 0xff, 0xff, 0xf0, 0xe, 0x0, 0x31,
    0xc6, 0x6, 0x0, 0xc0, 0xff, 0xf8, 0x1f, 0xff,
    0x3, 0x0, 0x60, 0x7f, 0xfc, 0xf, 0xff, 0x80,

    /* U+CDA7 "춧" */
    0x0, 0xe0, 0x0, 0x1c, 0x0, 0xff, 0xfe, 0x1f,
    0xff, 0xc0, 0x1f, 0x0, 0x7, 0xf0, 0x3, 0xef,
    0x83, 0xf0, 0x7e, 0x78, 0x3, 0x80, 0x0, 0x3,
    0xff, 0xff, 0xff, 0xff, 0xf0, 0xe, 0x0, 0x1,
    0xc0, 0x0, 0x0, 0x0, 0x7, 0x0, 0x1, 0xf0,
    0x0, 0x7f, 0x0, 0x3e, 0xf8, 0x3f, 0x7, 0xe3,
    0x80, 0x38,

    /* U+CDA9 "충" */
    0x0, 0xe0, 0x0, 0x1c, 0x0, 0xff, 0xfe, 0x1f,
    0xff, 0xc0, 0x1f, 0x0, 0x7, 0xf0, 0x3, 0xef,
    0x83, 0xf0, 0x7e, 0x78, 0x3, 0x80, 0x0, 0x3,
    0xff, 0xff, 0xff, 0xff, 0xf0, 0xe, 0x0, 0xf,
    0xf8, 0x7, 0xff, 0xc0, 0xe0, 0x38, 0x18, 0x3,
    0x3, 0x80, 0xe0, 0x7f, 0xfc, 0x3, 0xfe, 0x0,

    /* U+CDE8 "취" */
    0x3, 0x1, 0xc0, 0xc0, 0x70, 0x30, 0x1d, 0xff,
    0xe7, 0x7f, 0xf9, 0xc1, 0xe0, 0x70, 0x7c, 0x1c,
    0x7f, 0x87, 0x7c, 0xfd, 0xde, 0xe, 0x76, 0x0,
    0x1c, 0x0, 0x7, 0xff, 0xfd, 0xff, 0xff, 0x70,
    0x30, 0x1c, 0xc, 0x7, 0x3, 0x1, 0xc0, 0xc0,
    0x70, 0x30, 0x1c, 0xc, 0x7, 0x3, 0x1, 0xc0,

    /* U+CE20 "츠" */
    0x0, 0xe0, 0x0, 0x1c, 0x0, 0xff, 0xfe, 0x1f,
    0xff, 0xc0, 0xe, 0x0, 0x1, 0xc0, 0x0, 0x7c,
    0x0, 0x1d, 0xc0, 0xf, 0x1e, 0xf, 0xc1, 0xf9,
    0xe0, 0xf, 0x10, 0x0, 0x40, 0x0, 0x0, 0x0,
    0x0, 0x0, 0x0, 0x7, 0xff, 0xff, 0xff, 0xff,
    0xe0,

    /* U+CE30 "츰" */
    0x0, 0xe0, 0x0, 0x1c, 0x0, 0xff, 0xfe, 0x1f,
    0xff, 0xc0, 0x1f, 0x0, 0x7, 0xf0, 0x3, 0xef,
    0x83, 0xf0, 0x7e, 0x78, 0x3, 0x80, 0x0, 0x3,
    0xff, 0xff, 0xff, 0xff, 0xf0, 0x0, 0x0, 0x0,
    0x0, 0x7, 0xff, 0xc0, 0xff, 0xf8, 0x18, 0x3,
    0x3, 0x0, 0x60, 0x7f, 0xfc, 0xf, 0xff, 0x80,

    /* U+CE35 "층" */
    0x0, 0xe0, 0x0, 0x1c, 0x0, 0xff, 0xfe, 0x1f,
    0xff, 0xc0, 0x1f, 0x0, 0x7, 0xf0, 0x3, 0xef,
    0x83, 0xf0, 0x7e, 0x78, 0x3, 0x80, 0x0, 0x3,
    0xff, 0xff, 0xff, 0xff, 0xf0, 0x0, 0x0, 0xf,
    0xf8, 0x7, 0xff, 0xc0, 0xe0, 0x38, 0x18, 0x3,
    0x3, 0x80, 0xe0, 0x7f, 0xfc, 0x3, 0xfe, 0x0,

    /* U+CE58 "치" */
    0x3, 0x1, 0xc0, 0xc0, 0x77, 0xff, 0x9d, 0xff,
    0xe7, 0x3, 0x1, 0xc0, 0xc0, 0x70, 0x30, 0x1c,
    0x1e, 0x7, 0x7, 0x81, 0xc3, 0xf0, 0x71, 0xce,
    0x1c, 0xf1, 0xc7, 0x78, 0x39, 0xdc, 0x6, 0x72,
    0x0, 0x1c, 0x0, 0x7, 0x0, 0x1, 0xc0, 0x0,
    0x70, 0x0, 0x1c,

    /* U+CE59 "칙" */
    0x3, 0x0, 0x0, 0xc0, 0x77, 0xff, 0x9d, 0xff,
    0xe7, 0x3, 0x1, 0xc1, 0xe0, 0x70, 0x78, 0x1c,
    0x1f, 0x7, 0xf, 0xe1, 0xc7, 0x3c, 0x77, 0x87,
    0x9d, 0xc0, 0x47, 0x20, 0x1, 0xc3, 0xff, 0xf0,
    0xff, 0xfc, 0x0, 0x7, 0x0, 0x1, 0xc0, 0x0,
    0x70, 0x0, 0x1c, 0x0, 0x7,

    /* U+CE5C "친" */
    0x3, 0x1, 0xc0, 0xc0, 0x77, 0xff, 0x9d, 0xff,
    0xe7, 0x3, 0x1, 0xc1, 0xc0, 0x70, 0x78, 0x1c,
    0x1f, 0x7, 0xf, 0xe1, 0xcf, 0x3e, 0x77, 0x83,
    0x9c, 0x80, 0x47, 0xe, 0x1, 0xc3, 0x80, 0x70,
    0xe0, 0x1c, 0x38, 0x0, 0xe, 0x0, 0x3, 0xff,
    0xf0, 0xff, 0xfc,

    /* U+CE60 "칠" */
    0x3, 0x0, 0x0, 0xc0, 0x77, 0xff, 0x9d, 0xff,
    0xe7, 0x3, 0x1, 0xc1, 0xe0, 0x70, 0x78, 0x1c,
    0x3f, 0x7, 0x1c, 0xf1, 0xdf, 0x1e, 0x77, 0x1,
    0x1c, 0x80, 0x0, 0x7, 0xff, 0xc1, 0xff, 0xf0,
    0x0, 0x1c, 0x1f, 0xff, 0x7, 0xff, 0xc1, 0x80,
    0x0, 0x7f, 0xfc, 0x1f, 0xff,

    /* U+CE68 "침" */
    0x3, 0x0, 0x0, 0xc0, 0x77, 0xff, 0x9d, 0xff,
    0xe7, 0x3, 0x1, 0xc1, 0xc0, 0x70, 0x78, 0x1c,
    0x1e, 0x7, 0xf, 0xc1, 0xc7, 0x38, 0x73, 0xc7,
    0xdd, 0xc0, 0xe7, 0x20, 0x1, 0xc3, 0xff, 0xf0,
    0xff, 0xfc, 0x38, 0x7, 0xe, 0x1, 0xc3, 0x80,
    0x70, 0xff, 0xfc, 0x3f, 0xff,

    /* U+CE6D "칭" */
    0x3, 0x0, 0x0, 0xc0, 0x0, 0x30, 0x1d, 0xff,
    0xe7, 0x7f, 0xf9, 0xc0, 0xc0, 0x70, 0x70, 0x1c,
    0x1e, 0x7, 0x7, 0x81, 0xc3, 0xf0, 0x71, 0xcf,
    0x1c, 0xf1, 0xe7, 0x78, 0x19, 0xc8, 0x0, 0x70,
    0x1f, 0xe0, 0x1f, 0xfe, 0x7, 0x3, 0xc3, 0x80,
    0x70, 0x70, 0x3c, 0x1f, 0xfe, 0x1, 0xfe, 0x0,

    /* U+CE74 "카" */
    0x0, 0x3, 0x87, 0xfe, 0x38, 0x7f, 0xe3, 0x80,
    0xe, 0x38, 0x0, 0xe3, 0x80, 0xc, 0x38, 0xff,
    0xc3, 0x87, 0xfc, 0x38, 0x7f, 0x83, 0xf0, 0x30,
    0x3f, 0x7, 0x3, 0x81, 0xe0, 0x38, 0x3c, 0x3,
    0x8f, 0x0, 0x38, 0x60, 0x3, 0x80, 0x0, 0x38,
    0x0, 0x3, 0x80, 0x0, 0x38, 0x0, 0x3, 0x80,

    /* U+CE7C "칼" */
    0x7f, 0xe3, 0x87, 0xfe, 0x38, 0x0, 0xe3, 0x8f,
    0xfc, 0x38, 0x7f, 0xc3, 0xf7, 0xb8, 0x3f, 0x7,
    0x3, 0x81, 0xc0, 0x38, 0xf8, 0x3, 0x86, 0x0,
    0x38, 0xf, 0xff, 0x80, 0xff, 0xf8, 0x0, 0x3,
    0x80, 0x0, 0x38, 0xf, 0xff, 0x80, 0xff, 0xf8,
    0xe, 0x0, 0x0, 0xff, 0xfc, 0xf, 0xff, 0xc0,

    /* U+CEE4 "커" */
    0x0, 0x1, 0xdf, 0xf8, 0x77, 0xfe, 0x1c, 0x3,
    0x87, 0x0, 0xe1, 0xc0, 0x30, 0x7f, 0xfc, 0x1f,
    0xfe, 0xff, 0x3, 0xbf, 0xc1, 0xc0, 0x70, 0xe0,
    0x1c, 0x78, 0x7, 0x78, 0x1, 0xfc, 0x0, 0x74,
    0x0, 0x1c, 0x0, 0x7, 0x0, 0x1, 0xc0, 0x0,
    0x70, 0x0, 0x1c,

    /* U+CEE8 "컨" */
    0x7f, 0xe1, 0xdf, 0xf8, 0x70, 0xe, 0x1c, 0x3,
    0x7, 0x1, 0xc1, 0xff, 0xff, 0xf6, 0x7b, 0xfc,
    0x3c, 0x7, 0x1e, 0x1, 0xcf, 0x0, 0x7f, 0x80,
    0x1d, 0x80, 0x7, 0xe, 0x1, 0xc3, 0x80, 0x70,
    0xe0, 0x1c, 0x38, 0x0, 0xe, 0x0, 0x3, 0xff,
    0xf0, 0xff, 0xfc,

    /* U+CEF5 "컵" */
    0x7f, 0xe1, 0xdf, 0xf8, 0x70, 0xe, 0x1f, 0xff,
    0x7, 0x7f, 0xff, 0xd8, 0xef, 0xf0, 0x70, 0x1c,
    0x38, 0x7, 0x3c, 0x1, 0xfe, 0x0, 0x72, 0x0,
    0x1c, 0x1c, 0x7, 0x7, 0x1, 0xc1, 0xff, 0xf0,
    0x7f, 0xfc, 0x1c, 0x7, 0x7, 0x1, 0xc1, 0xff,
    0xf0, 0x7f, 0xfc,

    /* U+CF1C "켜" */
    0x0, 0x1, 0xdf, 0xfc, 0x77, 0xff, 0x1c, 0x3,
    0xc7, 0x0, 0xe1, 0xc0, 0x3f, 0xff, 0xff, 0xff,
    0xff, 0x7, 0x63, 0x81, 0xc1, 0xe0, 0x70, 0xf3,
    0xfc, 0x78, 0xff, 0x7c, 0x1, 0xfc, 0x0, 0x74,
    0x0, 0x1c, 0x0, 0x7, 0x0, 0x1, 0xc0, 0x0,
    0x70, 0x0, 0x1c,

    /* U+CF54 "코" */
    0x1f, 0xff, 0x83, 0xff, 0xf0, 0x0, 0xe, 0x0,
    0x1, 0xc0, 0x0, 0x38, 0xff, 0xff, 0xf, 0xff,
    0xe0, 0x0, 0x18, 0x0, 0x3, 0x0, 0x38, 0x60,
    0x7, 0xc, 0x0, 0xe1, 0x80, 0x1c, 0x0, 0x3,
    0x80, 0x3f, 0xff, 0xff, 0xff, 0xff,

    /* U+CF64 "콤" */
    0x1f, 0xff, 0x3, 0xff, 0xe0, 0x0, 0x1c, 0x1f,
    0xff, 0x83, 0xff, 0xf0, 0x0, 0xe, 0x0, 0x1,
    0xc0, 0xe, 0x0, 0x1, 0xc0, 0x1f, 0xff, 0xff,
    0xff, 0xff, 0x80, 0x0, 0x1, 0xff, 0xf0, 0x3f,
    0xfe, 0x6, 0x1, 0xc0, 0xc0, 0x38, 0x18, 0x7,
    0x3, 0xff, 0xe0, 0x7f, 0xfc, 0x0,

    /* U+CF69 "콩" */
    0x1f, 0xff, 0x3, 0xff, 0xe0, 0x0, 0xc, 0x1f,
    0xff, 0x81, 0xff, 0xf0, 0x0, 0x6, 0x0, 0x0,
    0xc0, 0xe, 0x0, 0x1, 0xc0, 0x1f, 0xff, 0xff,
    0xff, 0xff, 0x80, 0x0, 0x0, 0x3f, 0xc0, 0x1f,
    0xfe, 0x7, 0x1, 0xc0, 0xe0, 0x1c, 0x1e, 0x7,
    0x1, 0xff, 0xe0, 0xf, 0xf0, 0x0,

    /* U+D06C "크" */
    0x1f, 0xff, 0x3, 0xff, 0xe0, 0x0, 0xc, 0x0,
    0x1, 0x80, 0x0, 0x30, 0x0, 0x6, 0xf, 0xff,
    0xc1, 0xff, 0xf8, 0x0, 0x3, 0x0, 0x0, 0x60,
    0x0, 0x1c, 0x0, 0x3, 0x80, 0x0, 0x70, 0x0,
    0xe, 0x3f, 0xff, 0xff, 0xff, 0xff,

    /* U+D070 "큰" */
    0x1f, 0xff, 0x83, 0xff, 0xf0, 0x0, 0xe, 0x0,
    0x1, 0xc3, 0xff, 0xf8, 0x7f, 0xff, 0x0, 0x0,
    0xe0, 0x0, 0x1c, 0x0, 0x3, 0x9f, 0xff, 0xff,
    0xff, 0xff, 0x80, 0x0, 0x0, 0x0, 0x0, 0x38,
    0x0, 0x7, 0x0, 0x0, 0xe0, 0x0, 0x1c, 0x0,
    0x3, 0xff, 0xf0, 0x7f, 0xfe, 0x0,

    /* U+D074 "클" */
    0x1f, 0xff, 0x83, 0xff, 0xf0, 0x0, 0xe, 0x1f,
    0xff, 0xc3, 0xff, 0xf8, 0x0, 0x7, 0x0, 0x0,
    0xe7, 0xff, 0xff, 0xff, 0xff, 0xe0, 0x0, 0x0,
    0x0, 0x0, 0xf, 0xff, 0xc1, 0xff, 0xf8, 0x0,
    0x7, 0x7, 0xff, 0xe0, 0xff, 0xfc, 0x1c, 0x0,
    0x3, 0xff, 0xf0, 0x7f, 0xfe, 0x0,

    /* U+D07C "큼" */
    0x1f, 0xff, 0x3, 0xff, 0xe0, 0x0, 0x1c, 0x0,
    0x3, 0x83, 0xff, 0xf0, 0x7f, 0xfe, 0x0, 0x1,
    0xc0, 0x0, 0x38, 0xff, 0xff, 0xff, 0xff, 0xfc,
    0x0, 0x0, 0x0, 0x0, 0x1, 0xff, 0xf0, 0x3f,
    0xfe, 0x6, 0x1, 0xc0, 0xc0, 0x38, 0x18, 0x7,
    0x3, 0xff, 0xe0, 0x7f, 0xfc, 0x0,

    /* U+D0A4 "키" */
    0x0, 0x3, 0xbf, 0xf1, 0xdf, 0xf8, 0xe0, 0x1c,
    0x70, 0xe, 0x38, 0x6, 0x1f, 0xff, 0xf, 0xff,
    0x7, 0x3, 0x83, 0x83, 0x81, 0xc3, 0x80, 0xe7,
    0x80, 0x77, 0x80, 0x3f, 0x80, 0x1c, 0x0, 0xe,
    0x0, 0x7, 0x0, 0x3, 0x80, 0x1, 0xc0, 0x0,
    0xe0,

    /* U+D0AC "킬" */
    0x7f, 0xe3, 0xbf, 0xf1, 0xc0, 0x30, 0xe0, 0x38,
    0x7f, 0xf8, 0x3f, 0xfc, 0x1c, 0x1c, 0xe, 0x3c,
    0x7, 0x7c, 0x3, 0xf8, 0x1, 0xd0, 0x0, 0x3,
    0xff, 0xf1, 0xff, 0xf8, 0x0, 0x1c, 0x7f, 0xfe,
    0x3f, 0xff, 0x1c, 0x0, 0xf, 0xff, 0xc7, 0xff,
    0xe0,

    /* U+D0C0 "타" */
    0x0, 0x7, 0x1f, 0xf8, 0xe3, 0xff, 0x1c, 0x70,
    0x3, 0x8e, 0x0, 0x71, 0xc0, 0xe, 0x3f, 0xf1,
    0xc7, 0xfe, 0x3f, 0xe0, 0x7, 0xfc, 0x0, 0xe3,
    0x80, 0x1c, 0x70, 0x3, 0x8f, 0xff, 0x71, 0xff,
    0xee, 0x0, 0x1, 0xc0, 0x0, 0x38, 0x0, 0x7,
    0x0, 0x0, 0xe0, 0x0, 0x1c, 0x0,

    /* U+D0C1 "탁" */
    0xff, 0xe7, 0x1f, 0xfc, 0xe3, 0x80, 0x1c, 0x70,
    0x3, 0x8e, 0x0, 0x71, 0xff, 0x8f, 0xff, 0xf1,
    0xff, 0x0, 0x38, 0xff, 0xe7, 0x1f, 0xfc, 0xe0,
    0x0, 0x1c, 0x0, 0x3, 0x83, 0xff, 0xf0, 0x7f,
    0xfe, 0x0, 0x1, 0xc0, 0x0, 0x38, 0x0, 0x7,
    0x0, 0x0, 0xe0, 0x0, 0x1c, 0x0,

    /* U+D0D1 "탑" */
    0xff, 0xe7, 0x1f, 0xfc, 0xe3, 0x80, 0x1c, 0x70,
    0x3, 0x8f, 0xfc, 0x7f, 0xff, 0x8f, 0xf8, 0x1,
    0xc7, 0x0, 0x38, 0xff, 0xe7, 0x1f, 0xfc, 0xe0,
    0x0, 0x1c, 0xe, 0x3, 0x81, 0xc0, 0x70, 0x3f,
    0xfe, 0x7, 0xff, 0xc0, 0xe0, 0x38, 0x1c, 0x7,
    0x3, 0xff, 0xe0, 0x7f, 0xfc, 0x0,

    /* U+D0D3 "탓" */
    0xff, 0xe7, 0x1f, 0xfc, 0xe3, 0x80, 0x1c, 0x70,
    0x3, 0x8f, 0xfc, 0x7f, 0xff, 0x8f, 0xf8, 0x1,
    0xc7, 0x0, 0x38, 0xff, 0xf7, 0x1f, 0xfe, 0xe0,
    0x0, 0x1c, 0x0, 0x3, 0x80, 0xe, 0x70, 0x1,
    0xc0, 0x0, 0x38, 0x0, 0xf, 0x80, 0x3, 0xf8,
    0x1, 0xe7, 0x81, 0xf8, 0x7e, 0x3c, 0x3, 0xc2,
    0x0, 0x10,

    /* U+D0D5 "탕" */
    0xff, 0xc7, 0x1f, 0xf8, 0xe3, 0x80, 0x1c, 0x70,
    0x3, 0x8f, 0xfc, 0x7f, 0xff, 0x8f, 0xf8, 0x1,
    0xc7, 0x0, 0x38, 0xff, 0xe7, 0x1f, 0xfc, 0xe0,
    0x0, 0x1c, 0x0, 0x3, 0x80, 0x3f, 0x80, 0x1f,
    0xfc, 0x7, 0x3, 0xc0, 0xc0, 0x38, 0x1c, 0xf,
    0x1, 0xff, 0xc0, 0x1f, 0xe0, 0x0,

    /* U+D0DC "태" */
    0x0, 0x39, 0xff, 0xee, 0x7f, 0xfb, 0x9f, 0x80,
    0xe7, 0xe0, 0x39, 0xf8, 0xe, 0x7f, 0xf3, 0x9f,
    0xfc, 0xff, 0xe0, 0x3f, 0xf8, 0xe, 0x7e, 0x3,
    0x9f, 0x80, 0xe7, 0xff, 0xb9, 0xff, 0xee, 0x70,
    0x3, 0x9c, 0x0, 0xe7, 0x0, 0x39, 0xc0, 0xe,
    0x70, 0x3, 0x9c,

    /* U+D0DD "택" */
    0xff, 0xb9, 0xff, 0xee, 0x7e, 0x3, 0x9f, 0x80,
    0xe7, 0xff, 0x39, 0xff, 0xcf, 0xff, 0xf3, 0xff,
    0x80, 0xe7, 0xff, 0xb9, 0xff, 0xee, 0x70, 0x3,
    0x9c, 0x0, 0x7, 0xf, 0xff, 0xc3, 0xff, 0xf0,
    0x0, 0x1c, 0x0, 0x7, 0x0, 0x1, 0xc0, 0x0,
    0x70, 0x0, 0x1c,

    /* U+D0E4 "탤" */
    0xff, 0xb9, 0xff, 0xee, 0x7e, 0x3, 0x9f, 0x80,
    0xe7, 0xff, 0x3f, 0xff, 0xcf, 0xfe, 0x3, 0x9f,
    0xfe, 0xe7, 0xff, 0xb9, 0xc0, 0xe, 0x70, 0x0,
    0x0, 0x3f, 0xff, 0xf, 0xff, 0xc0, 0x0, 0x70,
    0xff, 0xfc, 0x3f, 0xff, 0xe, 0x0, 0x3, 0xff,
    0xf0, 0xff, 0xfc,

    /* U+D130 "터" */
    0x0, 0x3, 0xff, 0xf1, 0xff, 0xf8, 0xfc, 0x0,
    0x7e, 0x0, 0x3f, 0x0, 0x1f, 0xfe, 0xf, 0xff,
    0x7f, 0xe0, 0x3f, 0xf0, 0x1, 0xf8, 0x0, 0xfc,
    0x0, 0x7f, 0xff, 0x3f, 0xff, 0x9c, 0x0, 0xe,
    0x0, 0x7, 0x0, 0x3, 0x80, 0x1, 0xc0, 0x0,
    0xe0,

    /* U+D131 "턱" */
    0xff, 0xe3, 0xff, 0xf1, 0xf8, 0x0, 0xfc, 0x0,
    0x7f, 0xf9, 0xff, 0xfc, 0xff, 0x80, 0xf, 0xc0,
    0x7, 0xff, 0xe3, 0xff, 0xf1, 0xc0, 0x0, 0xe0,
    0x0, 0x1, 0xff, 0xf8, 0xff, 0xfc, 0x0, 0xe,
    0x0, 0x7, 0x0, 0x3, 0x80, 0x1, 0xc0, 0x0,
    0xe0,

    /* U+D134 "턴" */
    0xff, 0xe3, 0xbf, 0xf8, 0xee, 0x0, 0x3b, 0x80,
    0xe, 0xe0, 0x3, 0xbf, 0xe7, 0xef, 0xf9, 0xfb,
    0x80, 0xe, 0xe0, 0x3, 0xbf, 0xf8, 0xef, 0xfe,
    0x38, 0x0, 0xe, 0x0, 0x3, 0x83, 0x0, 0xe0,
    0xc0, 0x38, 0x30, 0x0, 0xc, 0x0, 0x3, 0xff,
    0xf0, 0xff, 0xfc,

    /* U+D138 "털" */
    0xff, 0xe3, 0xbf, 0xf8, 0xee, 0x0, 0x3b, 0xfe,
    0xfe, 0xff, 0xbf, 0xb8, 0x0, 0xee, 0x0, 0x3b,
    0xff, 0x8e, 0xff, 0xe3, 0x80, 0x0, 0xe0, 0x0,
    0x0, 0x7f, 0xfe, 0x1f, 0xff, 0x80, 0x0, 0xe1,
    0xff, 0xf8, 0x7f, 0xfe, 0x1c, 0x0, 0x7, 0xff,
    0xf1, 0xff, 0xfc,

    /* U+D14C "테" */
    0x0, 0x3b, 0xff, 0x9d, 0xff, 0xce, 0xfc, 0x7,
    0x7e, 0x3, 0xbf, 0x1, 0xdf, 0xf8, 0xef, 0xff,
    0xf7, 0xe1, 0xfb, 0xf0, 0x1d, 0xf8, 0xe, 0xfc,
    0x7, 0x7f, 0xfb, 0xbf, 0xfd, 0xdc, 0x0, 0xee,
    0x0, 0x77, 0x0, 0x3b, 0x80, 0x1d, 0xc0, 0xe,
    0xe0,

    /* U+D14D "텍" */
    0xff, 0x39, 0xff, 0xce, 0x7e, 0x3, 0x9f, 0x80,
    0xe7, 0xff, 0xf9, 0xff, 0xfe, 0x7e, 0x3, 0x9f,
    0x80, 0xe7, 0xff, 0xb9, 0xff, 0xee, 0x70, 0x3,
    0x9c, 0x0, 0x7, 0xf, 0xff, 0xc3, 0xff, 0xf0,
    0x0, 0x1c, 0x0, 0x7, 0x0, 0x1, 0xc0, 0x0,
    0x70, 0x0, 0x1c,

    /* U+D154 "텔" */
    0xff, 0x39, 0xff, 0xce, 0x7e, 0x3, 0x9f, 0x80,
    0xe7, 0xff, 0xf9, 0xff, 0xfe, 0x7e, 0x3, 0x9f,
    0xfe, 0xe7, 0xff, 0xb9, 0xc0, 0xe, 0x70, 0x0,
    0x0, 0x3f, 0xff, 0xf, 0xff, 0xc0, 0x0, 0x70,
    0xff, 0xfc, 0x3f, 0xff, 0xe, 0x0, 0x3, 0xff,
    0xf0, 0xff, 0xfc,

    /* U+D15C "템" */
    0xff, 0x39, 0xff, 0xce, 0x7e, 0x3, 0x9f, 0x80,
    0xe7, 0xff, 0xf9, 0xff, 0xfe, 0x7e, 0x3, 0x9f,
    0x80, 0xe7, 0xff, 0xb9, 0xff, 0xee, 0x70, 0x3,
    0x9c, 0x0, 0x0, 0xf, 0xff, 0xc3, 0xff, 0xf0,
    0xe0, 0x1c, 0x38, 0x7, 0xe, 0x1, 0xc3, 0xff,
    0xf0, 0xff, 0xfc,

    /* U+D1A0 "토" */
    0x1f, 0xff, 0x83, 0xff, 0xf0, 0x70, 0x0, 0xe,
    0x0, 0x1, 0xff, 0xf0, 0x3f, 0xfe, 0x7, 0x0,
    0x0, 0xe0, 0x0, 0x1f, 0xff, 0x83, 0xff, 0xf0,
    0x3, 0x80, 0x0, 0x70, 0x0, 0xe, 0x0, 0x1,
    0xc0, 0x3f, 0xff, 0xff, 0xff, 0xff,

    /* U+D1A4 "톤" */
    0x1f, 0xff, 0x83, 0xff, 0xf0, 0x70, 0x0, 0xf,
    0xff, 0x81, 0xff, 0xf0, 0x38, 0x0, 0x7, 0x0,
    0x0, 0xff, 0xfc, 0x1f, 0xff, 0x80, 0x1c, 0x3,
    0xff, 0xff, 0xff, 0xff, 0xf0, 0x0, 0x0, 0x0,
    0x0, 0x7, 0x0, 0x0, 0xe0, 0x0, 0x1c, 0x0,
    0x3, 0xff, 0xf0, 0x7f, 0xfe, 0x0,

    /* U+D1B5 "통" */
    0x1f, 0xff, 0x83, 0xff, 0xf0, 0x70, 0x0, 0xf,
    0xff, 0x81, 0xff, 0xf0, 0x38, 0x0, 0x7, 0xff,
    0xe0, 0xff, 0xfc, 0x0, 0xe0, 0x0, 0x1c, 0x3,
    0xff, 0xff, 0xff, 0xff, 0xf0, 0x0, 0x0, 0xf,
    0xf8, 0x7, 0xff, 0xc0, 0xe0, 0x1c, 0x1c, 0x3,
    0x83, 0xff, 0xe0, 0x1f, 0xf0, 0x0,

    /* U+D22C "투" */
    0x1f, 0xff, 0x83, 0xff, 0xf0, 0x70, 0x0, 0xe,
    0x0, 0x1, 0xff, 0xf0, 0x3f, 0xfe, 0x7, 0x0,
    0x0, 0xff, 0xfc, 0x1f, 0xff, 0x80, 0x0, 0x0,
    0x0, 0x0, 0x7f, 0xff, 0xff, 0xff, 0xfe, 0x1,
    0xc0, 0x0, 0x38, 0x0, 0x7, 0x0, 0x0, 0xe0,
    0x0, 0x1c, 0x0, 0x3, 0x80, 0x0,

    /* U+D2B8 "트" */
    0x1f, 0xff, 0x83, 0xff, 0xf0, 0x70, 0x0, 0xe,
    0x0, 0x1, 0xff, 0xf0, 0x3f, 0xfe, 0x7, 0x0,
    0x0, 0xe0, 0x0, 0x1f, 0xff, 0x83, 0xff, 0xf0,
    0x0, 0x0, 0x0, 0x0, 0x0, 0x0, 0x0, 0x0,
    0x0, 0x3f, 0xff, 0xff, 0xff, 0xff,

    /* U+D2B9 "특" */
    0x1f, 0xff, 0x83, 0xff, 0xf0, 0x70, 0x0, 0xf,
    0xff, 0x81, 0xff, 0xf0, 0x38, 0x0, 0x7, 0xff,
    0xe0, 0xff, 0xfc, 0x0, 0x0, 0x0, 0x0, 0x3,
    0xff, 0xff, 0xff, 0xff, 0xf0, 0x0, 0x0, 0x3f,
    0xff, 0x7, 0xff, 0xe0, 0x0, 0x1c, 0x0, 0x3,
    0x80, 0x0, 0x70, 0x0, 0xe, 0x0,

    /* U+D2BC "튼" */
    0x1f, 0xff, 0x83, 0xff, 0xf0, 0x70, 0x0, 0xf,
    0xff, 0x81, 0xff, 0xf0, 0x38, 0x0, 0x7, 0x0,
    0x0, 0xff, 0xfc, 0x1f, 0xff, 0x80, 0x0, 0x3,
    0xff, 0xff, 0xff, 0xff, 0xf0, 0x0, 0x0, 0x0,
    0x0, 0x7, 0x0, 0x0, 0xe0, 0x0, 0x1c, 0x0,
    0x3, 0xff, 0xf0, 0x7f, 0xfe, 0x0,

    /* U+D2BF "튿" */
    0x1f, 0xff, 0x83, 0xff, 0xf0, 0x70, 0x0, 0xf,
    0xff, 0x81, 0xff, 0xf0, 0x38, 0x0, 0x7, 0xff,
    0xe0, 0xff, 0xfc, 0x0, 0x0, 0x1f, 0xff, 0xff,
    0xff, 0xff, 0x80, 0x0, 0x0, 0x0, 0x0, 0x3f,
    0xff, 0x7, 0xff, 0xe0, 0xe0, 0x0, 0x1c, 0x0,
    0x3, 0xff, 0xf0, 0x7f, 0xfe, 0x0,

    /* U+D2C0 "틀" */
    0x1f, 0xff, 0x83, 0xff, 0xf0, 0x7f, 0xfc, 0xf,
    0xff, 0x81, 0xc0, 0x0, 0x3f, 0xff, 0x7, 0xff,
    0xe0, 0x0, 0x0, 0xff, 0xff, 0xff, 0xff, 0xfc,
    0x0, 0x0, 0x0, 0x0, 0x1, 0xff, 0xf8, 0x3f,
    0xff, 0x0, 0x0, 0xe0, 0xff, 0xfc, 0x1f, 0xff,
    0x83, 0xff, 0xf0, 0x7f, 0xfe, 0x0,

    /* U+D2C8 "틈" */
    0x1f, 0xff, 0x83, 0xff, 0xf0, 0x70, 0x0, 0xf,
    0xff, 0x81, 0xff, 0xf0, 0x38, 0x0, 0x7, 0xff,
    0xe0, 0xff, 0xfc, 0x0, 0x0, 0x1f, 0xff, 0xff,
    0xff, 0xff, 0x80, 0x0, 0x0, 0x0, 0x0, 0x3f,
    0xff, 0x7, 0xff, 0xe0, 0xe0, 0x1c, 0x1c, 0x3,
    0x83, 0xff, 0xf0, 0x7f, 0xfe, 0x0,

    /* U+D2F0 "티" */
    0x0, 0x7, 0xff, 0xe7, 0xff, 0xe7, 0xe0, 0x7,
    0xe0, 0x7, 0xe0, 0x7, 0xff, 0xc7, 0xff, 0xc7,
    0xe0, 0x7, 0xe0, 0x7, 0xe0, 0x7, 0xe0, 0x7,
    0xff, 0xf7, 0xff, 0xf7, 0x0, 0x7, 0x0, 0x7,
    0x0, 0x7, 0x0, 0x7, 0x0, 0x7,

    /* U+D2F1 "틱" */
    0xff, 0xe7, 0xff, 0xe7, 0xe0, 0x7, 0xe0, 0x7,
    0xff, 0xc7, 0xff, 0xc7, 0xe0, 0x7, 0xe0, 0x7,
    0xff, 0xe7, 0xff, 0xe7, 0x0, 0x7, 0x0, 0x0,
    0x3f, 0xff, 0x3f, 0xff, 0x0, 0x7, 0x0, 0x7,
    0x0, 0x7, 0x0, 0x7, 0x0, 0x7,

    /* U+D30C "파" */
    0x0, 0x3, 0x87, 0xff, 0xb8, 0x7f, 0xfb, 0x80,
    0x0, 0x38, 0x0, 0x3, 0x81, 0xce, 0x38, 0x1c,
    0xe3, 0x81, 0xce, 0x3f, 0x1c, 0xe3, 0xf1, 0xce,
    0x38, 0x1c, 0xe3, 0x81, 0xce, 0x38, 0x1c, 0xe3,
    0x8f, 0xff, 0xf8, 0xff, 0xff, 0x80, 0x0, 0x38,
    0x0, 0x3, 0x80, 0x0, 0x38, 0x0, 0x3, 0x80,

    /* U+D310 "판" */
    0x7f, 0xfb, 0x87, 0xff, 0xb8, 0x0, 0x3, 0x80,
    0x0, 0x38, 0x1c, 0xe3, 0x81, 0xce, 0x38, 0x1c,
    0xe3, 0xf1, 0xce, 0x3f, 0x1c, 0xe3, 0x8f, 0xff,
    0xf8, 0xff, 0xff, 0x80, 0x0, 0x38, 0xe, 0x3,
    0x80, 0xe0, 0x38, 0xe, 0x3, 0x80, 0xe0, 0x0,
    0xe, 0x0, 0x0, 0xff, 0xfc, 0xf, 0xff, 0xc0,

    /* U+D314 "팔" */
    0x7f, 0xfb, 0x87, 0xff, 0xb8, 0x0, 0x3, 0x81,
    0xce, 0x38, 0x1c, 0xe3, 0xf1, 0xce, 0x3f, 0x1c,
    0xe3, 0x8f, 0xff, 0xf8, 0xff, 0xff, 0x80, 0x0,
    0x38, 0x0, 0x0, 0x0, 0xff, 0xf8, 0xf, 0xff,
    0x80, 0x0, 0x38, 0xf, 0xff, 0x80, 0xff, 0xf8,
    0xe, 0x0, 0x0, 0xff, 0xfc, 0xf, 0xff, 0xc0,

    /* U+D328 "패" */
    0x0, 0xe, 0xff, 0xfd, 0xdf, 0xff, 0xbb, 0x80,
    0x7, 0x73, 0xb8, 0xee, 0x77, 0x1d, 0xce, 0xe3,
    0xb9, 0xdc, 0x77, 0x3b, 0x8f, 0xe7, 0x71, 0xfc,
    0xee, 0x3b, 0x9d, 0xc7, 0x7f, 0xfe, 0xef, 0xff,
    0xdd, 0xc0, 0x3, 0xb8, 0x0, 0x77, 0x0, 0xe,
    0xe0, 0x1, 0xdc, 0x0, 0x3b, 0x80,

    /* U+D32C "팬" */
    0x7f, 0xee, 0xef, 0xfd, 0xdc, 0x0, 0x3b, 0x80,
    0x7, 0x71, 0x98, 0xee, 0x33, 0x1f, 0xc6, 0x63,
    0xf8, 0xcc, 0x77, 0x19, 0x8e, 0xff, 0xfd, 0xdf,
    0xff, 0xbb, 0x80, 0x7, 0x70, 0x70, 0xee, 0xe,
    0x1, 0xc1, 0xc0, 0x38, 0x38, 0x0, 0x7, 0x0,
    0x0, 0xff, 0xfc, 0x1f, 0xff, 0x80,

    /* U+D37C "퍼" */
    0x0, 0x1, 0xdf, 0xfe, 0x77, 0xff, 0x9c, 0x0,
    0x7, 0x0, 0x1, 0xc6, 0x38, 0x71, 0x8e, 0x1c,
    0x63, 0xbf, 0x18, 0xef, 0xc6, 0x38, 0x71, 0x8e,
    0x1c, 0x63, 0x87, 0x18, 0xe1, 0xff, 0xff, 0x7f,
    0xff, 0xdc, 0x0, 0x7, 0x0, 0x1, 0xc0, 0x0,
    0x70, 0x0, 0x1c,

    /* U+D398 "페" */
    0x0, 0xe, 0xef, 0xfd, 0xdd, 0xff, 0xbb, 0x80,
    0x7, 0x73, 0xb8, 0xee, 0x77, 0x1d, 0xce, 0xe3,
    0xb9, 0xdd, 0xf7, 0x3b, 0xbe, 0xe7, 0x71, 0xdc,
    0xee, 0x3b, 0x9d, 0xc7, 0x7f, 0xfe, 0xef, 0xff,
    0xdd, 0xc0, 0x3, 0xb8, 0x0, 0x77, 0x0, 0xe,
    0xe0, 0x1, 0xdc, 0x0, 0x3b, 0x80,

    /* U+D3B4 "펴" */
    0x0, 0x1, 0xff, 0xfc, 0x7f, 0xff, 0x1c, 0x0,
    0x7, 0x0, 0x1, 0xce, 0x73, 0xf3, 0x9c, 0xfc,
    0xe7, 0x7, 0x39, 0xc1, 0xce, 0x73, 0xf3, 0x9c,
    0xfc, 0xe7, 0x7, 0x39, 0xc1, 0xff, 0xfe, 0x7f,
    0xff, 0x9c, 0x0, 0x7, 0x0, 0x1, 0xc0, 0x0,
    0x70, 0x0, 0x1c,

    /* U+D3B8 "편" */
    0x7f, 0xf1, 0xcf, 0xfe, 0x38, 0x0, 0x7, 0xc,
    0x67, 0xe1, 0x8c, 0xfc, 0x31, 0x83, 0x86, 0x33,
    0xf0, 0xc6, 0x7e, 0x18, 0xc1, 0xdf, 0xff, 0x3b,
    0xff, 0xe7, 0x0, 0x0, 0xe0, 0x0, 0x1c, 0xc,
    0x3, 0x81, 0x80, 0x70, 0x30, 0x0, 0x6, 0x0,
    0x0, 0xff, 0xfc, 0x1f, 0xff, 0x80,

    /* U+D3BC "펼" */
    0x7f, 0xf1, 0xcf, 0xfe, 0x38, 0x0, 0x3f, 0xc,
    0x67, 0xe1, 0x8c, 0x1c, 0x31, 0x9f, 0x86, 0x33,
    0xf0, 0xc6, 0xe, 0xff, 0xf9, 0xdf, 0xff, 0x38,
    0x0, 0x7, 0x0, 0x0, 0x0, 0xff, 0xfc, 0x0,
    0x3, 0x83, 0xff, 0xf0, 0x7f, 0xfe, 0xe, 0x0,
    0x1, 0xff, 0xfc, 0x3f, 0xff, 0x80,

    /* U+D3C9 "평" */
    0x7f, 0xf1, 0xdf, 0xfc, 0x70, 0x0, 0x1c, 0x0,
    0x3f, 0x18, 0xcf, 0xc6, 0x30, 0x71, 0x8c, 0xfc,
    0x63, 0x3f, 0x18, 0xc1, 0xff, 0xfe, 0x7f, 0xff,
    0x9c, 0x0, 0x7, 0x1, 0xff, 0x1, 0xff, 0xf0,
    0xf0, 0x1c, 0x38, 0x7, 0xf, 0x1, 0xc1, 0xff,
    0xe0, 0x1f, 0xe0,

    /* U+D3EC "포" */
    0x3f, 0xff, 0x87, 0xff, 0xf0, 0x0, 0x0, 0x3,
    0x6, 0x0, 0x60, 0xc0, 0xc, 0x18, 0x1, 0x83,
    0x0, 0x30, 0x60, 0x3f, 0xff, 0x87, 0xff, 0xf0,
    0x3, 0x80, 0x0, 0x70, 0x0, 0xe, 0x0, 0x1,
    0xc0, 0x3f, 0xff, 0xff, 0xff, 0xff,

    /* U+D3ED "폭" */
    0x1f, 0xff, 0x83, 0xff, 0xf0, 0x1c, 0x30, 0x3,
    0x86, 0x0, 0x70, 0xc0, 0x7f, 0xff, 0xf, 0xff,
    0xe0, 0x7, 0x0, 0x0, 0xe0, 0x1f, 0xff, 0xff,
    0xff, 0xff, 0x80, 0x0, 0x0, 0x0, 0x0, 0x3f,
    0xfe, 0x7, 0xff, 0xc0, 0x0, 0x18, 0x0, 0x3,
    0x0, 0x0, 0x60, 0x0, 0xc, 0x0,

    /* U+D45C "표" */
    0x3f, 0xff, 0x87, 0xff, 0xf0, 0x0, 0x0, 0x3,
    0x6, 0x0, 0x60, 0xc0, 0xc, 0x18, 0x1, 0x83,
    0x0, 0x30, 0x60, 0x3f, 0xff, 0x87, 0xff, 0xf0,
    0x18, 0x30, 0x3, 0x6, 0x0, 0x60, 0xc0, 0xc,
    0x18, 0x3f, 0xff, 0xff, 0xff, 0xff,

    /* U+D478 "푸" */
    0x3f, 0xff, 0x87, 0xff, 0xf0, 0x0, 0x0, 0x3,
    0x6, 0x0, 0x60, 0xc0, 0xc, 0x18, 0x1, 0x83,
    0x1, 0xff, 0xfc, 0x3f, 0xff, 0x80, 0x0, 0x0,
    0x0, 0x0, 0x7f, 0xff, 0xff, 0xff, 0xfe, 0x1,
    0xc0, 0x0, 0x38, 0x0, 0x7, 0x0, 0x0, 0xe0,
    0x0, 0x1c, 0x0, 0x3, 0x80, 0x0,

    /* U+D480 "풀" */
    0x3f, 0xff, 0x87, 0xff, 0xf0, 0x18, 0x30, 0x3,
    0x6, 0x0, 0x60, 0xc0, 0x7f, 0xff, 0xf, 0xff,
    0xe0, 0x0, 0x0, 0xff, 0xff, 0xff, 0xff, 0xfc,
    0x3, 0x80, 0xf, 0xff, 0x81, 0xff, 0xf0, 0x0,
    0x6, 0x7, 0xff, 0xc0, 0xff, 0xf8, 0x18, 0x0,
    0x3, 0xff, 0xf0, 0x7f, 0xfe, 0x0,

    /* U+D488 "품" */
    0x3f, 0xff, 0x87, 0xff, 0xf0, 0x18, 0x30, 0x3,
    0x6, 0x0, 0x60, 0xc0, 0x7f, 0xff, 0xf, 0xff,
    0xe0, 0x0, 0x0, 0x0, 0x0, 0x1f, 0xff, 0xff,
    0xff, 0xff, 0x80, 0x70, 0x0, 0xe, 0x0, 0x3f,
    0xfe, 0x7, 0xff, 0xc0, 0xc0, 0x18, 0x18, 0x3,
    0x3, 0xff, 0xe0, 0x7f, 0xfc, 0x0,

    /* U+D48D "풍" */
    0x3f, 0xff, 0x87, 0xff, 0xf0, 0x18, 0x30, 0x3,
    0x6, 0x0, 0x60, 0xc0, 0x7f, 0xff, 0xf, 0xff,
    0xe0, 0x0, 0x0, 0x0, 0x0, 0x1f, 0xff, 0xff,
    0xff, 0xff, 0x80, 0x70, 0x0, 0x3f, 0x80, 0x1f,
    0xfc, 0x7, 0xef, 0xc0, 0xc0, 0x18, 0x1c, 0x7,
    0x3, 0xff, 0xe0, 0x1f, 0xf0, 0x0,

    /* U+D504 "프" */
    0x3f, 0xff, 0x87, 0xff, 0xf0, 0x0, 0x0, 0x3,
    0x6, 0x0, 0x60, 0xc0, 0xc, 0x18, 0x1, 0x83,
    0x0, 0x30, 0x60, 0x3f, 0xff, 0x87, 0xff, 0xf0,
    0x0, 0x0, 0x0, 0x0, 0x0, 0x0, 0x0, 0x0,
    0x0, 0x3f, 0xff, 0xff, 0xff, 0xff,

    /* U+D50C "플" */
    0x3f, 0xff, 0x87, 0xff, 0xf0, 0x18, 0x30, 0x3,
    0x6, 0x0, 0x60, 0xc0, 0x7f, 0xff, 0xf, 0xff,
    0xe0, 0x0, 0x0, 0xff, 0xff, 0xff, 0xff, 0xfc,
    0x0, 0x0, 0xf, 0xff, 0x81, 0xff, 0xf0, 0x0,
    0x6, 0x7, 0xff, 0xc0, 0xff, 0xf8, 0x18, 0x0,
    0x3, 0xff, 0xf0, 0x7f, 0xfe, 0x0,

    /* U+D514 "픔" */
    0x3f, 0xff, 0x87, 0xff, 0xf0, 0x18, 0x30, 0x3,
    0x6, 0x0, 0x60, 0xc0, 0x7f, 0xff, 0xf, 0xff,
    0xe0, 0x0, 0x0, 0x0, 0x0, 0x1f, 0xff, 0xff,
    0xff, 0xff, 0x80, 0x0, 0x0, 0x0, 0x0, 0x3f,
    0xfe, 0x7, 0xff, 0xc0, 0xc0, 0x18, 0x18, 0x3,
    0x3, 0xff, 0xe0, 0x7f, 0xfc, 0x0,

    /* U+D53C "피" */
    0x0, 0x1, 0xdf, 0xfe, 0x77, 0xff, 0x9c, 0x0,
    0x7, 0x0, 0x1, 0xc7, 0x38, 0x71, 0xce, 0x1c,
    0x73, 0x87, 0x1c, 0xe1, 0xc7, 0x38, 0x71, 0xce,
    0x1c, 0x73, 0x87, 0x1c, 0xe1, 0xff, 0xff, 0x7f,
    0xff, 0xdc, 0x0, 0x7, 0x0, 0x1, 0xc0, 0x0,
    0x70, 0x0, 0x1c,

    /* U+D53D "픽" */
    0x7f, 0xf9, 0xdf, 0xfe, 0x70, 0x0, 0x1c, 0x73,
    0x87, 0x1c, 0xe1, 0xc7, 0x38, 0x71, 0xce, 0x1c,
    0x73, 0x87, 0xff, 0xfd, 0xff, 0xff, 0x70, 0x0,
    0x1c, 0x0, 0x7, 0xf, 0xff, 0xc3, 0xff, 0xf0,
    0x0, 0x1c, 0x0, 0x7, 0x0, 0x1, 0xc0, 0x0,
    0x70, 0x0, 0x1c,

    /* U+D544 "필" */
    0xff, 0xf3, 0xff, 0xf9, 0xc0, 0x0, 0xe7, 0x38,
    0x73, 0x9c, 0x39, 0xce, 0x1c, 0xe7, 0xf, 0xff,
    0xf7, 0xff, 0xfb, 0x80, 0x1, 0xc0, 0x0, 0x3,
    0xff, 0xf1, 0xff, 0xf8, 0x0, 0x1c, 0x7f, 0xfe,
    0x3f, 0xff, 0x1c, 0x0, 0xf, 0xff, 0xc7, 0xff,
    0xe0,

    /* U+D54F "핏" */
    0xff, 0xf3, 0xbf, 0xfc, 0xe0, 0x0, 0x38, 0x0,
    0xe, 0x39, 0xc3, 0x8e, 0x70, 0xe3, 0x9c, 0x38,
    0xe7, 0xe, 0x39, 0xc3, 0xbf, 0xfe, 0xef, 0xff,
    0xb8, 0x0, 0xe, 0x0, 0xe3, 0x80, 0x38, 0x0,
    0x1e, 0x0, 0xf, 0xc0, 0x7, 0xbc, 0x7, 0xc7,
    0xc7, 0xc0, 0xfc, 0xc0, 0xe,

    /* U+D558 "하" */
    0x7, 0x3, 0x80, 0x70, 0x38, 0xff, 0xfb, 0x8f,
    0xff, 0xb8, 0x0, 0x3, 0x80, 0xf8, 0x38, 0x3f,
    0xe3, 0x83, 0xde, 0x38, 0x70, 0x73, 0xf7, 0x7,
    0x3f, 0x70, 0x73, 0x87, 0x7, 0x38, 0x78, 0xe3,
    0x83, 0xfe, 0x38, 0xf, 0x83, 0x80, 0x0, 0x38,
    0x0, 0x3, 0x80, 0x0, 0x38, 0x0, 0x3, 0x80,

    /* U+D559 "학" */
    0x7, 0x0, 0x0, 0x70, 0x38, 0xff, 0xfb, 0x8f,
    0xff, 0xb8, 0x0, 0x3, 0x81, 0xfc, 0x38, 0x3f,
    0xe3, 0xf7, 0x7, 0x3f, 0x70, 0x73, 0x87, 0x7,
    0x38, 0x3f, 0xe3, 0x81, 0xfc, 0x38, 0x0, 0x3,
    0x80, 0x0, 0x0, 0x1f, 0xff, 0x81, 0xff, 0xf8,
    0x0, 0x3, 0x80, 0x0, 0x38, 0x0, 0x3, 0x80,
    0x0, 0x38,

    /* U+D55C "한" */
    0x7, 0x0, 0x0, 0x70, 0x38, 0xff, 0xfb, 0x8f,
    0xff, 0xb8, 0x0, 0x3, 0x80, 0xf8, 0x38, 0x3f,
    0xe3, 0x87, 0xdf, 0x3f, 0x70, 0x73, 0xf7, 0x7,
    0x38, 0x78, 0x73, 0x83, 0xfe, 0x38, 0xf, 0x83,
    0x80, 0x0, 0x38, 0x1c, 0x3, 0x81, 0xc0, 0x38,
    0x1c, 0x0, 0x1, 0xc0, 0x0, 0x1f, 0xff, 0xc1,
    0xff, 0xfc,

    /* U+D568 "함" */
    0x7, 0x0, 0x0, 0x70, 0x38, 0xff, 0xfb, 0x8f,
    0xff, 0xb8, 0x0, 0x3, 0x81, 0xfc, 0x38, 0x3f,
    0xe3, 0xf7, 0x7, 0x3f, 0x70, 0x73, 0x87, 0x7,
    0x38, 0x3f, 0xe3, 0x81, 0xfc, 0x38, 0x0, 0x3,
    0x80, 0x0, 0x0, 0x1f, 0xff, 0x81, 0xff, 0xf8,
    0x1c, 0x3, 0x81, 0xc0, 0x38, 0x1f, 0xff, 0x81,
    0xff, 0xf8,

    /* U+D569 "합" */
    0x7, 0x0, 0x0, 0x70, 0x38, 0xff, 0xfb, 0x8f,
    0xff, 0xb8, 0x0, 0x3, 0x81, 0xfc, 0x38, 0x3f,
    0xe3, 0xf7, 0x7, 0x3f, 0x70, 0x73, 0x87, 0x7,
    0x38, 0x3f, 0xe3, 0x81, 0xfc, 0x38, 0x0, 0x3,
    0x81, 0xc0, 0x38, 0x1c, 0x3, 0x81, 0xff, 0xf8,
    0x1f, 0xff, 0x81, 0xc0, 0x38, 0x1f, 0xff, 0x81,
    0xff, 0xf8,

    /* U+D56D "항" */
    0x7, 0x0, 0x0, 0x70, 0x38, 0xff, 0xfb, 0x8f,
    0xff, 0xb8, 0x0, 0x3, 0x81, 0xfc, 0x38, 0x3f,
    0xe3, 0xf7, 0x7, 0x3f, 0x70, 0x73, 0x87, 0x7,
    0x38, 0x7f, 0xf3, 0x83, 0xfe, 0x38, 0x1f, 0xc3,
    0x80, 0x3f, 0xf8, 0xf, 0xff, 0x1, 0xe0, 0x78,
    0x1c, 0x3, 0x81, 0xe0, 0x78, 0xf, 0xff, 0x0,
    0x3f, 0xc0,

    /* U+D574 "해" */
    0xc, 0x1d, 0xc3, 0x7, 0x7f, 0xfd, 0xdf, 0xff,
    0x77, 0x0, 0x1d, 0xc7, 0x87, 0x73, 0xf1, 0xdd,
    0xfe, 0x77, 0x73, 0x9f, 0xd8, 0x77, 0xf6, 0x1d,
    0xdd, 0x86, 0x77, 0x73, 0x9d, 0xcf, 0xc7, 0x71,
    0xe1, 0xdc, 0x0, 0x77, 0x0, 0x1d, 0xc0, 0x7,
    0x70, 0x1, 0xdc,

    /* U+D575 "핵" */
    0xe, 0x1, 0xc3, 0x83, 0x7f, 0xfe, 0xdf, 0xff,
    0xb7, 0x0, 0xd, 0xc7, 0xc3, 0x77, 0xfc, 0xfd,
    0x87, 0x3f, 0x60, 0xcd, 0xdc, 0xf3, 0x77, 0xfc,
    0xdc, 0x7c, 0x37, 0x0, 0xc, 0x0, 0x0, 0x0,
    0xff, 0xfc, 0x3f, 0xff, 0x0, 0x1, 0xc0, 0x0,
    0x70, 0x0, 0x1c, 0x0, 0x7,

    /* U+D587 "햇" */
    0xe, 0xd, 0xdf, 0xfd, 0xbb, 0xff, 0xb7, 0x0,
    0x6, 0xe1, 0xf0, 0xdc, 0xff, 0x9f, 0x9c, 0x73,
    0xf3, 0x7, 0x6e, 0x60, 0xcd, 0xce, 0x39, 0xb8,
    0xff, 0x37, 0xf, 0x80, 0xe0, 0x7, 0x1c, 0x0,
    0xe3, 0x80, 0x1e, 0x0, 0x7, 0xc0, 0x1, 0xfc,
    0x0, 0xf9, 0xe0, 0xfc, 0x1f, 0x8f, 0x1, 0xe0,
    0x0, 0x0,

    /* U+D589 "행" */
    0xe, 0x1, 0xc3, 0x83, 0x7f, 0xfe, 0xdf, 0xff,
    0xb7, 0x0, 0xd, 0xcf, 0xe3, 0x77, 0xfc, 0xfd,
    0xc7, 0x3f, 0x60, 0xed, 0xdc, 0x73, 0x77, 0xfc,
    0xdc, 0xfe, 0x37, 0xc, 0x1, 0xc0, 0x7f, 0x80,
    0x7f, 0xf8, 0x3c, 0xf, 0xe, 0x1, 0xc3, 0xc0,
    0xf0, 0x7f, 0xf8, 0x7, 0xf8,

    /* U+D5A5 "향" */
    0x7, 0x0, 0x0, 0x70, 0x38, 0x7, 0x3, 0x8f,
    0xff, 0xb8, 0x0, 0x3, 0xf0, 0xfc, 0x3f, 0x3f,
    0xe3, 0x87, 0x87, 0x38, 0x70, 0x73, 0x87, 0x7,
    0x3f, 0x3c, 0xf3, 0xf1, 0xfe, 0x38, 0x2, 0x3,
    0x80, 0x3f, 0xf8, 0xf, 0xff, 0x1, 0xe0, 0x78,
    0x1c, 0x3, 0x81, 0xe0, 0x78, 0xf, 0xff, 0x0,
    0x3f, 0xc0,

    /* U+D5C8 "허" */
    0x7, 0x1, 0xc1, 0xc0, 0x7f, 0xff, 0x9f, 0xff,
    0xe7, 0x0, 0x1, 0xc3, 0xc0, 0x71, 0xfc, 0x1c,
    0xff, 0x87, 0x70, 0xef, 0xdc, 0x1b, 0xf7, 0x6,
    0x1d, 0xc1, 0x87, 0x38, 0xe1, 0xcf, 0xf0, 0x70,
    0xf8, 0x1c, 0x0, 0x7, 0x0, 0x1, 0xc0, 0x0,
    0x70, 0x0, 0x1c,

    /* U+D5D8 "험" */
    0x7, 0x0, 0x1, 0xc0, 0x7f, 0xff, 0x9f, 0xff,
    0xe7, 0x0, 0x1, 0xc7, 0xe0, 0x73, 0xfe, 0x1d,
    0xff, 0xbf, 0x70, 0x7f, 0xdc, 0x18, 0x73, 0xfe,
    0x1c, 0x7e, 0x7, 0x0, 0x1, 0xc0, 0x0, 0x0,
    0xff, 0xfc, 0x3f, 0xff, 0xe, 0x1, 0xc3, 0x80,
    0x70, 0xff, 0xfc, 0x3f, 0xff,

    /* U+D5E4 "헤" */
    0xc, 0x1d, 0xc3, 0x7, 0x7f, 0xfd, 0xdf, 0xff,
    0x77, 0x0, 0x1d, 0xc7, 0x87, 0x73, 0xf1, 0xdd,
    0xfe, 0x77, 0x61, 0xfd, 0xd8, 0x7f, 0x76, 0x1d,
    0xdd, 0x86, 0x77, 0x73, 0x9d, 0xcf, 0xc7, 0x71,
    0xe1, 0xdc, 0x0, 0x77, 0x0, 0x1d, 0xc0, 0x7,
    0x70, 0x1, 0xdc,

    /* U+D600 "혀" */
    0x7, 0x1, 0xc1, 0xc0, 0x7f, 0xff, 0x9f, 0xff,
    0xe7, 0x0, 0x1, 0xc0, 0x0, 0x71, 0xfc, 0xfc,
    0xff, 0xbf, 0x70, 0xe1, 0xdc, 0x18, 0x77, 0x6,
    0x1d, 0xc1, 0xbf, 0x38, 0xef, 0xcf, 0xf0, 0x70,
    0xf8, 0x1c, 0x0, 0x7, 0x0, 0x1, 0xc0, 0x0,
    0x70, 0x0, 0x1c,

    /* U+D604 "현" */
    0x7, 0x0, 0x0, 0xe0, 0x3b, 0xff, 0xe7, 0x7f,
    0xfc, 0xe0, 0x0, 0x1c, 0x4, 0x3, 0x87, 0xf3,
    0xf1, 0xff, 0x7e, 0x70, 0x71, 0xce, 0xe, 0x39,
    0xe3, 0xbf, 0x1f, 0xf7, 0xe0, 0xf8, 0x1c, 0x0,
    0x3, 0x83, 0x0, 0x70, 0x60, 0xe, 0xc, 0x0,
    0x1, 0x80, 0x0, 0x3f, 0xff, 0x87, 0xff, 0xf0,

    /* U+D611 "협" */
    0x7, 0x0, 0x1, 0xc0, 0x7f, 0xff, 0x9f, 0xff,
    0xe7, 0x0, 0x1, 0xc7, 0xf3, 0xf3, 0xfe, 0xfd,
    0xc1, 0x87, 0x70, 0x71, 0xdc, 0x3b, 0xf3, 0xfe,
    0xfc, 0x7e, 0x7, 0x0, 0x1, 0xc3, 0x80, 0x70,
    0xe0, 0x1c, 0x3f, 0xff, 0xf, 0xff, 0xc3, 0x80,
    0x70, 0xff, 0xfc, 0x3f, 0xff,

    /* U+D615 "형" */
    0x7, 0x0, 0x1, 0xc0, 0x7f, 0xff, 0x9f, 0xff,
    0xe7, 0x0, 0x1, 0xc7, 0xf3, 0xf3, 0xfe, 0xfd,
    0xc1, 0x87, 0x70, 0x71, 0xdc, 0x1b, 0xf3, 0xfe,
    0xfc, 0xff, 0x7, 0x2, 0x1, 0xc0, 0x7f, 0xf0,
    0x7f, 0xf8, 0x3c, 0xf, 0xe, 0x1, 0xc3, 0x80,
    0xf0, 0x7f, 0xf8, 0x7, 0xf8,

    /* U+D61C "혜" */
    0xc, 0xe, 0xe1, 0x81, 0xdf, 0xff, 0x3b, 0xff,
    0xe7, 0x70, 0x0, 0xee, 0x3c, 0x1d, 0xcf, 0xcf,
    0xbb, 0xfd, 0xf7, 0x61, 0x8e, 0xec, 0x39, 0xdd,
    0x87, 0x3b, 0xb0, 0xdf, 0x77, 0x3b, 0xee, 0x7e,
    0x1d, 0xc7, 0x83, 0xb8, 0x0, 0x77, 0x0, 0xe,
    0xe0, 0x1, 0xdc, 0x0, 0x3b, 0x80,

    /* U+D638 "호" */
    0x0, 0xe0, 0x0, 0x1c, 0x0, 0xff, 0xfe, 0x1f,
    0xff, 0xc0, 0x0, 0x0, 0x7, 0xf0, 0x3, 0xff,
    0x80, 0xe0, 0x38, 0x1c, 0x7, 0x3, 0x80, 0xe0,
    0x7c, 0x7c, 0x7, 0xff, 0x0, 0x1f, 0x0, 0x1,
    0xc0, 0x0, 0x38, 0x7, 0xff, 0xff, 0xff, 0xff,
    0xe0,

    /* U+D639 "혹" */
    0x0, 0xe0, 0x0, 0x1c, 0x0, 0xff, 0xfe, 0x1f,
    0xff, 0xc0, 0x0, 0x0, 0xf, 0xf8, 0x7, 0xff,
    0xc0, 0xe0, 0x38, 0x18, 0x3, 0x3, 0x80, 0xe0,
    0x3f, 0xf0, 0x0, 0x70, 0xf, 0xff, 0xff, 0xff,
    0xff, 0xc0, 0x0, 0x0, 0x0, 0x0, 0x3f, 0xff,
    0x7, 0xff, 0xe0, 0x0, 0xc, 0x0, 0x1, 0x80,
    0x0, 0x30,

    /* U+D63C "혼" */
    0x0, 0xe0, 0x0, 0x1c, 0x0, 0xff, 0xfe, 0x1f,
    0xff, 0xc0, 0x0, 0x0, 0xf, 0xf8, 0x3, 0xff,
    0x80, 0xe0, 0x38, 0x18, 0x3, 0x3, 0x80, 0xe0,
    0x7f, 0xfc, 0x3, 0xfe, 0x0, 0xe, 0x1, 0xff,
    0xff, 0xff, 0xff, 0xf8, 0x0, 0x0, 0x18, 0x0,
    0x3, 0x0, 0x0, 0x60, 0x0, 0xf, 0xff, 0xc1,
    0xff, 0xf8,

    /* U+D640 "홀" */
    0x0, 0xe0, 0x0, 0x1c, 0x0, 0xff, 0xff, 0x1f,
    0xff, 0xe0, 0x0, 0x0, 0xf, 0xfc, 0x7, 0xff,
    0xc0, 0xe0, 0x1c, 0x1c, 0x3, 0x80, 0xff, 0xc0,
    0x3, 0x80, 0x7f, 0xff, 0xff, 0xff, 0xfe, 0x0,
    0x0, 0x7, 0xff, 0xe0, 0xff, 0xfc, 0x0, 0x3,
    0x83, 0xff, 0xf0, 0x7f, 0xfe, 0xf, 0xff, 0xc1,
    0xff, 0xf8,

    /* U+D64D "홍" */
    0x0, 0xe0, 0x0, 0x1c, 0x0, 0xff, 0xfe, 0x1f,
    0xff, 0xc0, 0x0, 0x0, 0xf, 0xf8, 0x7, 0xff,
    0xc0, 0xe0, 0x38, 0x18, 0x3, 0x3, 0x80, 0xe0,
    0x3f, 0xf0, 0x0, 0x70, 0xf, 0xff, 0xff, 0xff,
    0xff, 0xc0, 0x0, 0x0, 0x3f, 0xe0, 0x1f, 0xff,
    0x3, 0x80, 0xe0, 0x70, 0x1c, 0xf, 0xff, 0x80,
    0x7f, 0xc0,

    /* U+D654 "화" */
    0x3, 0x81, 0xc0, 0x1c, 0xe, 0x0, 0xe0, 0x70,
    0x7, 0x3, 0x87, 0xff, 0xdc, 0x3f, 0xfe, 0xe0,
    0x0, 0x7, 0x0, 0xf8, 0x38, 0x1f, 0xf1, 0xc1,
    0xe3, 0xce, 0xe, 0xe, 0x7e, 0x70, 0x73, 0xf3,
    0xc7, 0x9c, 0xf, 0xf8, 0xe0, 0x1f, 0x7, 0x0,
    0x70, 0x38, 0x3, 0x81, 0xc7, 0xff, 0xee, 0x3f,
    0xff, 0xf0, 0x0, 0x3, 0x80, 0x0, 0x1c, 0x0,

    /* U+D655 "확" */
    0x3, 0x80, 0x0, 0x38, 0x18, 0x7f, 0xfd, 0x87,
    0xff, 0xd8, 0x1, 0x81, 0x81, 0xff, 0x18, 0x38,
    0x39, 0x83, 0x83, 0x9f, 0x3c, 0x79, 0xf1, 0xff,
    0x18, 0x3, 0x81, 0x80, 0x38, 0x18, 0xff, 0xfd,
    0x87, 0xff, 0xd8, 0x0, 0x1, 0x80, 0xff, 0xf8,
    0xf, 0xff, 0x80, 0x0, 0x18, 0x0, 0x1, 0x80,
    0x0, 0x18,

    /* U+D658 "환" */
    0x3, 0x81, 0x80, 0x38, 0x18, 0x7f, 0xfd, 0x87,
    0xff, 0xd8, 0x0, 0x1, 0x81, 0xff, 0x18, 0x3f,
    0xf9, 0x83, 0x83, 0x9f, 0x38, 0x39, 0xf1, 0xff,
    0x1f, 0x7, 0xc1, 0x80, 0x38, 0x18, 0xff, 0xfd,
    0x87, 0xff, 0xd8, 0x0, 0x1, 0x80, 0xe0, 0x0,
    0xe, 0x0, 0x0, 0xe0, 0x0, 0xf, 0xff, 0xc0,
    0xff, 0xfc,

    /* U+D65C "활" */
    0x3, 0x0, 0x0, 0x30, 0x0, 0x7f, 0xfb, 0x87,
    0xff, 0xb8, 0x0, 0x3, 0x81, 0xfe, 0x38, 0x3f,
    0xf3, 0x83, 0x3, 0x3f, 0x3f, 0xf3, 0xf1, 0xfc,
    0x38, 0x3, 0x3, 0x8f, 0xff, 0xb8, 0xff, 0xfb,
    0x80, 0x0, 0x38, 0x0, 0x0, 0x0, 0xff, 0xf8,
    0x0, 0x3, 0x80, 0xff, 0xf8, 0xf, 0xff, 0x80,
    0xff, 0xfc, 0xf, 0xff, 0xc0,

    /* U+D669 "황" */
    0x3, 0x80, 0x0, 0x38, 0x1c, 0x7f, 0xfd, 0xc7,
    0xff, 0xdc, 0x3, 0xc1, 0xc1, 0xff, 0x1c, 0x38,
    0x39, 0xc3, 0x83, 0x9f, 0x3f, 0xf9, 0xf1, 0xfe,
    0x1c, 0x3, 0x81, 0xcf, 0xff, 0xdc, 0xff, 0xfd,
    0xcf, 0xff, 0xdc, 0x3, 0xfe, 0x0, 0xff, 0xf8,
    0xe, 0x1, 0xc0, 0xe0, 0x1c, 0xf, 0xff, 0x80,
    0x3f, 0xe0,

    /* U+D68C "회" */
    0x3, 0x80, 0xe0, 0x70, 0x1c, 0xe, 0x3, 0x81,
    0xc0, 0x77, 0xff, 0xce, 0xff, 0xf9, 0xc0, 0x0,
    0x38, 0x3e, 0x7, 0x1f, 0xf0, 0xe7, 0x8f, 0x1c,
    0xe0, 0xe3, 0x9c, 0x1c, 0x73, 0xc7, 0xe, 0x3f,
    0xe1, 0xc1, 0xf0, 0x38, 0x1c, 0x7, 0x3, 0x80,
    0xff, 0xff, 0xdf, 0xff, 0xfb, 0x80, 0x0, 0x70,
    0x0, 0xe,

    /* U+D68D "획" */
    0x3, 0x80, 0x0, 0xe0, 0x77, 0xff, 0xdd, 0xff,
    0xf7, 0xf, 0xe1, 0xc7, 0xfc, 0x73, 0x83, 0x9c,
    0xe0, 0xe7, 0x3c, 0x79, 0xc7, 0xfc, 0x70, 0x7c,
    0x1c, 0xe, 0x7, 0xff, 0xfd, 0xff, 0xff, 0x70,
    0x0, 0x1c, 0x3f, 0xff, 0xf, 0xff, 0xc0, 0x0,
    0x70, 0x0, 0x1c, 0x0, 0x7,

    /* U+D6A8 "효" */
    0x0, 0xe0, 0x0, 0x1c, 0x0, 0xff, 0xfe, 0x1f,
    0xff, 0xc0, 0x0, 0x0, 0x7, 0xf0, 0x3, 0xff,
    0x80, 0xe0, 0x78, 0x18, 0x7, 0x3, 0x0, 0xe0,
    0x70, 0x3c, 0x7, 0xff, 0x0, 0x7f, 0xc0, 0xc,
    0x38, 0x1, 0x87, 0x7, 0xff, 0xff, 0xff, 0xff,
    0xe0,

    /* U+D6C4 "후" */
    0x0, 0xe0, 0x0, 0x1c, 0x0, 0xff, 0xfe, 0x1f,
    0xff, 0xc0, 0x0, 0x0, 0x7, 0xf0, 0x3, 0xff,
    0x80, 0xe0, 0x38, 0x1c, 0x7, 0x3, 0x81, 0xe0,
    0x3f, 0xf8, 0x3, 0xfe, 0x0, 0x0, 0x1, 0xff,
    0xff, 0xff, 0xff, 0xf8, 0x7, 0x0, 0x0, 0xe0,
    0x0, 0x1c, 0x0, 0x3, 0x80, 0x0, 0x70, 0x0,

    /* U+D6C8 "훈" */
    0x0, 0xe0, 0x0, 0x1c, 0x0, 0xff, 0xfe, 0x1f,
    0xff, 0xc0, 0x0, 0x0, 0xf, 0xf8, 0x7, 0xff,
    0x80, 0xe0, 0x38, 0x18, 0x3, 0x3, 0x80, 0xe0,
    0x7f, 0xfc, 0x3, 0xfe, 0x0, 0x0, 0x1, 0xff,
    0xff, 0xff, 0xff, 0xf8, 0x7, 0x0, 0x18, 0xe0,
    0x3, 0x1c, 0x0, 0x60, 0x0, 0xf, 0xff, 0xc1,
    0xff, 0xf8,

    /* U+D6D4 "훔" */
    0x0, 0xe0, 0x0, 0x1c, 0x0, 0xff, 0xfe, 0x1f,
    0xff, 0xc0, 0x0, 0x0, 0xf, 0xf8, 0x7, 0xff,
    0xc0, 0xe0, 0x38, 0x1c, 0x7, 0x3, 0xff, 0xe0,
    0x1f, 0xf0, 0x0, 0x0, 0xf, 0xff, 0xff, 0xff,
    0xff, 0xc0, 0x38, 0x0, 0xff, 0xf8, 0x1f, 0xff,
    0x3, 0x0, 0x60, 0x60, 0xc, 0xf, 0xff, 0x81,
    0xff, 0xf0,

    /* U+D718 "휘" */
    0x3, 0x1, 0xc0, 0xc0, 0x70, 0x30, 0x1d, 0xff,
    0xe7, 0x7f, 0xf9, 0xc0, 0x0, 0x70, 0xfc, 0x1c,
    0x7f, 0x87, 0x38, 0x71, 0xcc, 0xc, 0x73, 0x87,
    0x1c, 0x7f, 0x87, 0xf, 0xc1, 0xc0, 0x0, 0x7f,
    0xff, 0xdf, 0xff, 0xf7, 0x3, 0x1, 0xc0, 0xc0,
    0x70, 0x30, 0x1c, 0xc, 0x7, 0x3, 0x1, 0xc0,

    /* U+D720 "휠" */
    0x3, 0x0, 0x0, 0xc0, 0x7, 0xff, 0x9d, 0xff,
    0xe7, 0x0, 0x1, 0xc3, 0xf8, 0x73, 0xff, 0x1c,
    0xc0, 0xc7, 0x38, 0x71, 0xcf, 0xf8, 0x70, 0x0,
    0x1f, 0xff, 0xf7, 0xff, 0xfd, 0xc0, 0xc0, 0x70,
    0x30, 0x0, 0x3f, 0xff, 0x0, 0x1, 0xc3, 0xff,
    0xf0, 0xff, 0xfc, 0x3f, 0xff, 0xf, 0xff, 0xc0,

    /* U+D734 "휴" */
    0x0, 0xe0, 0x0, 0x1c, 0x0, 0xff, 0xfe, 0x1f,
    0xff, 0xc0, 0x0, 0x0, 0x7, 0xf0, 0x3, 0xff,
    0x80, 0xe0, 0x38, 0x1c, 0x7, 0x3, 0x80, 0xe0,
    0x3f, 0xf8, 0x3, 0xfe, 0x0, 0x0, 0x1, 0xff,
    0xff, 0xff, 0xff, 0xf8, 0x30, 0x60, 0x6, 0xc,
    0x0, 0xc1, 0x80, 0x18, 0x30, 0x3, 0x6, 0x0,

    /* U+D749 "흉" */
    0x0, 0xe0, 0x0, 0x1c, 0x0, 0xff, 0xfe, 0x1f,
    0xff, 0xc0, 0x0, 0x0, 0xf, 0xf8, 0x7, 0xff,
    0xc0, 0xe0, 0x38, 0x1c, 0x7, 0x3, 0xff, 0xe0,
    0x3f, 0xf8, 0x0, 0x0, 0xf, 0xff, 0xff, 0xff,
    0xff, 0xc1, 0x83, 0x0, 0x3f, 0xe0, 0x1f, 0xff,
    0x3, 0x80, 0xe0, 0x70, 0x1c, 0xf, 0xff, 0x80,
    0x7f, 0xc0,

    /* U+D750 "흐" */
    0x0, 0xe0, 0x0, 0x1c, 0x0, 0xff, 0xfe, 0x1f,
    0xff, 0xc0, 0x0, 0x0, 0x7, 0xf0, 0x3, 0xff,
    0x80, 0xe0, 0x78, 0x18, 0x7, 0x3, 0x0, 0xe0,
    0x70, 0x3c, 0x7, 0xff, 0x0, 0x3f, 0x80, 0x0,
    0x0, 0x0, 0x0, 0x7, 0xff, 0xff, 0xff, 0xff,
    0xe0,

    /* U+D754 "흔" */
    0x0, 0xe0, 0x0, 0x1c, 0x0, 0xff, 0xfe, 0x1f,
    0xff, 0xc0, 0x0, 0x0, 0xf, 0xf8, 0x7, 0xff,
    0xc0, 0xe0, 0x38, 0x1c, 0x7, 0x3, 0xff, 0xe0,
    0x1f, 0xf0, 0x0, 0x0, 0xf, 0xff, 0xff, 0xff,
    0xff, 0xc0, 0x0, 0x0, 0xc0, 0x0, 0x18, 0x0,
    0x3, 0x0, 0x0, 0x7f, 0xfe, 0xf, 0xff, 0xc0,

    /* U+D758 "흘" */
    0x0, 0xe0, 0x0, 0x1c, 0x0, 0xff, 0xff, 0x1f,
    0xff, 0xe0, 0x0, 0x0, 0xf, 0xfc, 0x7, 0xff,
    0xc0, 0xe0, 0x1c, 0x1f, 0xff, 0x80, 0xff, 0xc0,
    0x0, 0x0, 0x7f, 0xff, 0xff, 0xff, 0xfe, 0x0,
    0x0, 0x7, 0xff, 0xe0, 0xff, 0xfc, 0x0, 0x3,
    0x83, 0xff, 0xf0, 0x7f, 0xfe, 0xf, 0xff, 0xc1,
    0xff, 0xf8,

    /* U+D759 "흙" */
    0x0, 0x60, 0x0, 0xc, 0x0, 0xff, 0xfe, 0x1f,
    0xff, 0xc0, 0x0, 0x0, 0xf, 0xf8, 0x7, 0xff,
    0xc0, 0xe0, 0x18, 0x1f, 0xf, 0x1, 0xff, 0xc0,
    0x0, 0x0, 0x7f, 0xff, 0xff, 0xff, 0xfe, 0x0,
    0x0, 0xf, 0xf7, 0xe1, 0xfe, 0xfc, 0x1, 0xc1,
    0x87, 0xf8, 0x30, 0xff, 0x6, 0x1f, 0xe0, 0xc3,
    0xfe, 0x18,

    /* U+D761 "흡" */
    0x0, 0xe0, 0x0, 0x1c, 0x0, 0xff, 0xfe, 0x1f,
    0xff, 0xc0, 0x0, 0x0, 0xf, 0xf8, 0x7, 0xff,
    0xc0, 0xe0, 0x38, 0x1c, 0x7, 0x3, 0xff, 0xe0,
    0x1f, 0xf0, 0x0, 0x0, 0xf, 0xff, 0xff, 0xff,
    0xff, 0xc6, 0x0, 0xc0, 0xc0, 0x18, 0x1f, 0xff,
    0x3, 0xff, 0xe0, 0x60, 0xc, 0xf, 0xff, 0x81,
    0xff, 0xf0,

    /* U+D765 "흥" */
    0x0, 0xe0, 0x0, 0x1c, 0x0, 0xff, 0xfe, 0x1f,
    0xff, 0xc0, 0x0, 0x0, 0xf, 0xf8, 0x7, 0xff,
    0xc0, 0xe0, 0x38, 0x1c, 0x7, 0x3, 0xff, 0xe0,
    0x1f, 0xf0, 0x0, 0x0, 0xf, 0xff, 0xff, 0xff,
    0xff, 0xc0, 0x0, 0x0, 0x3f, 0xe0, 0x1f, 0xff,
    0x3, 0x80, 0xe0, 0x70, 0x1c, 0xf, 0xff, 0x80,
    0x7f, 0xc0,

    /* U+D769 "흩" */
    0x0, 0xe0, 0x0, 0x1c, 0x0, 0xff, 0xff, 0x1f,
    0xff, 0xe0, 0x0, 0x0, 0xf, 0xf8, 0x7, 0xff,
    0xc0, 0xe0, 0x1c, 0x1f, 0xf, 0x81, 0xff, 0xe0,
    0x0, 0x0, 0x7f, 0xff, 0xff, 0xff, 0xfe, 0x0,
    0x0, 0x7, 0xff, 0xe0, 0xff, 0xfc, 0x1c, 0x0,
    0x3, 0xff, 0xe0, 0x7f, 0xfc, 0xf, 0xff, 0xc1,
    0xff, 0xf8,

    /* U+D76C "희" */
    0x3, 0x80, 0xe0, 0x70, 0x1c, 0xe, 0x3, 0x81,
    0xc0, 0x77, 0xff, 0xce, 0xff, 0xf9, 0xc0, 0x0,
    0x38, 0x3e, 0x7, 0x1f, 0xf0, 0xe7, 0x8f, 0x1c,
    0xe0, 0xe3, 0x9c, 0x1c, 0x73, 0xc7, 0x8e, 0x3f,
    0xe1, 0xc1, 0xf0, 0x38, 0x0, 0x7, 0xff, 0xfe,
    0xff, 0xff, 0xdc, 0x0, 0x3, 0x80, 0x0, 0x70,
    0x0, 0xe,

    /* U+D770 "흰" */
    0x3, 0x81, 0xc0, 0xe0, 0x77, 0xff, 0xdd, 0xff,
    0xf7, 0x0, 0x1, 0xc7, 0xfc, 0x73, 0xff, 0x9c,
    0xe0, 0xe7, 0x38, 0x39, 0xc7, 0xfc, 0x70, 0x7c,
    0x1c, 0x0, 0x7, 0xff, 0xfd, 0xff, 0xff, 0x70,
    0x0, 0x1c, 0x38, 0x0, 0xe, 0x0, 0x3, 0x80,
    0x0, 0xff, 0xfc, 0x3f, 0xff,

    /* U+D788 "히" */
    0x7, 0x1, 0xc1, 0xc0, 0x7f, 0xff, 0x9f, 0xff,
    0xe7, 0x0, 0x1, 0xc0, 0x0, 0x70, 0xf8, 0x1c,
    0xff, 0x87, 0x78, 0xf1, 0xdc, 0x1c, 0x77, 0x7,
    0x1d, 0xc1, 0xc7, 0x78, 0xf1, 0xcf, 0xf8, 0x70,
    0xf8, 0x1c, 0x0, 0x7, 0x0, 0x1, 0xc0, 0x0,
    0x70, 0x0, 0x1c,

    /* U+D798 "힘" */
    0x7, 0x0, 0x3, 0x81, 0xc1, 0xc0, 0xff, 0xff,
    0x70, 0x0, 0x38, 0xfe, 0x1c, 0xff, 0x8e, 0xe0,
    0xe7, 0x70, 0x73, 0xb8, 0x39, 0xcf, 0xf8, 0xe3,
    0xf8, 0x70, 0x0, 0x38, 0x0, 0x0, 0x7f, 0xfe,
    0x3f, 0xff, 0x1c, 0x3, 0x8e, 0x1, 0xc7, 0xff,
    0xe3, 0xff, 0xf0
};


/*---------------------
 *  GLYPH DESCRIPTION
 *--------------------*/

static const lv_font_fmt_txt_glyph_dsc_t glyph_dsc[] = {
    {.bitmap_index = 0, .adv_w = 0, .box_w = 0, .box_h = 0, .ofs_x = 0, .ofs_y = 0} /* id = 0 reserved */,
    {.bitmap_index = 0, .adv_w = 124, .box_w = 1, .box_h = 1, .ofs_x = 0, .ofs_y = 0},
    {.bitmap_index = 1, .adv_w = 114, .box_w = 3, .box_h = 16, .ofs_x = 2, .ofs_y = 0},
    {.bitmap_index = 7, .adv_w = 168, .box_w = 7, .box_h = 5, .ofs_x = 2, .ofs_y = 11},
    {.bitmap_index = 12, .adv_w = 214, .box_w = 13, .box_h = 15, .ofs_x = 0, .ofs_y = 1},
    {.bitmap_index = 37, .adv_w = 204, .box_w = 10, .box_h = 21, .ofs_x = 2, .ofs_y = -2},
    {.bitmap_index = 64, .adv_w = 308, .box_w = 17, .box_h = 16, .ofs_x = 1, .ofs_y = 0},
    {.bitmap_index = 98, .adv_w = 302, .box_w = 18, .box_h = 16, .ofs_x = 1, .ofs_y = 0},
    {.bitmap_index = 134, .adv_w = 99, .box_w = 2, .box_h = 5, .ofs_x = 2, .ofs_y = 11},
    {.bitmap_index = 136, .adv_w = 126, .box_w = 6, .box_h = 20, .ofs_x = 2, .ofs_y = -4},
    {.bitmap_index = 151, .adv_w = 126, .box_w = 6, .box_h = 20, .ofs_x = 1, .ofs_y = -4},
    {.bitmap_index = 166, .adv_w = 161, .box_w = 8, .box_h = 8, .ofs_x = 1, .ofs_y = 8},
    {.bitmap_index = 174, .adv_w = 253, .box_w = 11, .box_h = 11, .ofs_x = 3, .ofs_y = 1},
    {.bitmap_index = 190, .adv_w = 92, .box_w = 4, .box_h = 5, .ofs_x = 0, .ofs_y = -3},
    {.bitmap_index = 193, .adv_w = 146, .box_w = 6, .box_h = 2, .ofs_x = 2, .ofs_y = 5},
    {.bitmap_index = 195, .adv_w = 92, .box_w = 3, .box_h = 3, .ofs_x = 1, .ofs_y = 0},
    {.bitmap_index = 197, .adv_w = 155, .box_w = 10, .box_h = 19, .ofs_x = 0, .ofs_y = -3},
    {.bitmap_index = 221, .adv_w = 204, .box_w = 11, .box_h = 16, .ofs_x = 1, .ofs_y = 0},
    {.bitmap_index = 243, .adv_w = 204, .box_w = 7, .box_h = 16, .ofs_x = 2, .ofs_y = 0},
    {.bitmap_index = 257, .adv_w = 204, .box_w = 10, .box_h = 16, .ofs_x = 1, .ofs_y = 0},
    {.bitmap_index = 277, .adv_w = 204, .box_w = 11, .box_h = 16, .ofs_x = 1, .ofs_y = 0},
    {.bitmap_index = 299, .adv_w = 204, .box_w = 12, .box_h = 16, .ofs_x = 1, .ofs_y = 0},
    {.bitmap_index = 323, .adv_w = 204, .box_w = 10, .box_h = 16, .ofs_x = 1, .ofs_y = 0},
    {.bitmap_index = 343, .adv_w = 204, .box_w = 11, .box_h = 16, .ofs_x = 1, .ofs_y = 0},
    {.bitmap_index = 365, .adv_w = 204, .box_w = 11, .box_h = 16, .ofs_x = 1, .ofs_y = 0},
    {.bitmap_index = 387, .adv_w = 204, .box_w = 11, .box_h = 16, .ofs_x = 1, .ofs_y = 0},
    {.bitmap_index = 409, .adv_w = 204, .box_w = 11, .box_h = 16, .ofs_x = 1, .ofs_y = 0},
    {.bitmap_index = 431, .adv_w = 92, .box_w = 3, .box_h = 12, .ofs_x = 1, .ofs_y = 0},
    {.bitmap_index = 436, .adv_w = 92, .box_w = 4, .box_h = 14, .ofs_x = 0, .ofs_y = -2},
    {.bitmap_index = 443, .adv_w = 253, .box_w = 10, .box_h = 12, .ofs_x = 3, .ofs_y = 1},
    {.bitmap_index = 458, .adv_w = 253, .box_w = 11, .box_h = 7, .ofs_x = 3, .ofs_y = 3},
    {.bitmap_index = 468, .adv_w = 253, .box_w = 10, .box_h = 12, .ofs_x = 3, .ofs_y = 1},
    {.bitmap_index = 483, .adv_w = 159, .box_w = 8, .box_h = 16, .ofs_x = 1, .ofs_y = 0},
    {.bitmap_index = 499, .adv_w = 345, .box_w = 18, .box_h = 19, .ofs_x = 2, .ofs_y = -3},
    {.bitmap_index = 542, .adv_w = 248, .box_w = 15, .box_h = 16, .ofs_x = 0, .ofs_y = 0},
    {.bitmap_index = 572, .adv_w = 224, .box_w = 11, .box_h = 16, .ofs_x = 2, .ofs_y = 0},
    {.bitmap_index = 594, .adv_w = 225, .box_w = 12, .box_h = 16, .ofs_x = 1, .ofs_y = 0},
    {.bitmap_index = 618, .adv_w = 262, .box_w = 14, .box_h = 16, .ofs_x = 2, .ofs_y = 0},
    {.bitmap_index = 646, .adv_w = 190, .box_w = 9, .box_h = 16, .ofs_x = 2, .ofs_y = 0},
    {.bitmap_index = 664, .adv_w = 185, .box_w = 9, .box_h = 16, .ofs_x = 2, .ofs_y = 0},
    {.bitmap_index = 682, .adv_w = 254, .box_w = 14, .box_h = 16, .ofs_x = 1, .ofs_y = 0},
    {.bitmap_index = 710, .adv_w = 271, .box_w = 13, .box_h = 16, .ofs_x = 2, .ofs_y = 0},
    {.bitmap_index = 736, .adv_w = 109, .box_w = 3, .box_h = 16, .ofs_x = 2, .ofs_y = 0},
    {.bitmap_index = 742, .adv_w = 152, .box_w = 8, .box_h = 16, .ofs_x = 0, .ofs_y = 0},
    {.bitmap_index = 758, .adv_w = 227, .box_w = 12, .box_h = 16, .ofs_x = 2, .ofs_y = 0},
    {.bitmap_index = 782, .adv_w = 180, .box_w = 9, .box_h = 16, .ofs_x = 2, .ofs_y = 0},
    {.bitmap_index = 800, .adv_w = 339, .box_w = 17, .box_h = 16, .ofs_x = 2, .ofs_y = 0},
    {.bitmap_index = 834, .adv_w = 281, .box_w = 14, .box_h = 16, .ofs_x = 2, .ofs_y = 0},
    {.bitmap_index = 862, .adv_w = 273, .box_w = 15, .box_h = 16, .ofs_x = 1, .ofs_y = 0},
    {.bitmap_index = 892, .adv_w = 216, .box_w = 11, .box_h = 16, .ofs_x = 2, .ofs_y = 0},
    {.bitmap_index = 914, .adv_w = 273, .box_w = 17, .box_h = 18, .ofs_x = 1, .ofs_y = -2},
    {.bitmap_index = 953, .adv_w = 230, .box_w = 13, .box_h = 16, .ofs_x = 2, .ofs_y = 0},
    {.bitmap_index = 979, .adv_w = 199, .box_w = 10, .box_h = 16, .ofs_x = 1, .ofs_y = 0},
    {.bitmap_index = 999, .adv_w = 205, .box_w = 12, .box_h = 16, .ofs_x = 1, .ofs_y = 0},
    {.bitmap_index = 1023, .adv_w = 257, .box_w = 13, .box_h = 16, .ofs_x = 2, .ofs_y = 0},
    {.bitmap_index = 1049, .adv_w = 236, .box_w = 15, .box_h = 16, .ofs_x = 0, .ofs_y = 0},
    {.bitmap_index = 1079, .adv_w = 355, .box_w = 22, .box_h = 16, .ofs_x = 0, .ofs_y = 0},
    {.bitmap_index = 1123, .adv_w = 230, .box_w = 14, .box_h = 16, .ofs_x = 0, .ofs_y = 0},
    {.bitmap_index = 1151, .adv_w = 213, .box_w = 13, .box_h = 16, .ofs_x = 0, .ofs_y = 0},
    {.bitmap_index = 1177, .adv_w = 215, .box_w = 13, .box_h = 16, .ofs_x = 1, .ofs_y = 0},
    {.bitmap_index = 1203, .adv_w = 126, .box_w = 5, .box_h = 20, .ofs_x = 2, .ofs_y = -4},
    {.bitmap_index = 1216, .adv_w = 269, .box_w = 17, .box_h = 16, .ofs_x = 0, .ofs_y = 0},
    {.bitmap_index = 1250, .adv_w = 126, .box_w = 6, .box_h = 20, .ofs_x = 0, .ofs_y = -4},
    {.bitmap_index = 1265, .adv_w = 253, .box_w = 12, .box_h = 10, .ofs_x = 2, .ofs_y = 7},
    {.bitmap_index = 1280, .adv_w = 150, .box_w = 9, .box_h = 2, .ofs_x = 0, .ofs_y = -3},
    {.bitmap_index = 1283, .adv_w = 109, .box_w = 5, .box_h = 4, .ofs_x = 1, .ofs_y = 14},
    {.bitmap_index = 1286, .adv_w = 191, .box_w = 10, .box_h = 12, .ofs_x = 1, .ofs_y = 0},
    {.bitmap_index = 1301, .adv_w = 221, .box_w = 11, .box_h = 17, .ofs_x = 2, .ofs_y = 0},
    {.bitmap_index = 1325, .adv_w = 172, .box_w = 9, .box_h = 12, .ofs_x = 1, .ofs_y = 0},
    {.bitmap_index = 1339, .adv_w = 220, .box_w = 11, .box_h = 17, .ofs_x = 1, .ofs_y = 0},
    {.bitmap_index = 1363, .adv_w = 194, .box_w = 11, .box_h = 12, .ofs_x = 1, .ofs_y = 0},
    {.bitmap_index = 1380, .adv_w = 131, .box_w = 8, .box_h = 17, .ofs_x = 1, .ofs_y = 0},
    {.bitmap_index = 1397, .adv_w = 220, .box_w = 11, .box_h = 17, .ofs_x = 1, .ofs_y = -5},
    {.bitmap_index = 1421, .adv_w = 214, .box_w = 10, .box_h = 17, .ofs_x = 2, .ofs_y = 0},
    {.bitmap_index = 1443, .adv_w = 97, .box_w = 3, .box_h = 17, .ofs_x = 1, .ofs_y = 0},
    {.bitmap_index = 1450, .adv_w = 98, .box_w = 6, .box_h = 22, .ofs_x = -2, .ofs_y = -5},
    {.bitmap_index = 1467, .adv_w = 195, .box_w = 11, .box_h = 17, .ofs_x = 2, .ofs_y = 0},
    {.bitmap_index = 1491, .adv_w = 97, .box_w = 3, .box_h = 17, .ofs_x = 2, .ofs_y = 0},
    {.bitmap_index = 1498, .adv_w = 325, .box_w = 17, .box_h = 12, .ofs_x = 2, .ofs_y = 0},
    {.bitmap_index = 1524, .adv_w = 214, .box_w = 10, .box_h = 12, .ofs_x = 2, .ofs_y = 0},
    {.bitmap_index = 1539, .adv_w = 218, .box_w = 12, .box_h = 12, .ofs_x = 1, .ofs_y = 0},
    {.bitmap_index = 1557, .adv_w = 221, .box_w = 11, .box_h = 17, .ofs_x = 2, .ofs_y = -5},
    {.bitmap_index = 1581, .adv_w = 220, .box_w = 11, .box_h = 17, .ofs_x = 1, .ofs_y = -5},
    {.bitmap_index = 1605, .adv_w = 139, .box_w = 7, .box_h = 12, .ofs_x = 2, .ofs_y = 0},
    {.bitmap_index = 1616, .adv_w = 163, .box_w = 8, .box_h = 12, .ofs_x = 1, .ofs_y = 0},
    {.bitmap_index = 1628, .adv_w = 135, .box_w = 7, .box_h = 16, .ofs_x = 1, .ofs_y = 0},
    {.bitmap_index = 1642, .adv_w = 214, .box_w = 10, .box_h = 12, .ofs_x = 1, .ofs_y = 0},
    {.bitmap_index = 1657, .adv_w = 189, .box_w = 12, .box_h = 12, .ofs_x = 0, .ofs_y = 0},
    {.bitmap_index = 1675, .adv_w = 280, .box_w = 17, .box_h = 12, .ofs_x = 0, .ofs_y = 0},
    {.bitmap_index = 1701, .adv_w = 190, .box_w = 12, .box_h = 12, .ofs_x = 0, .ofs_y = 0},
    {.bitmap_index = 1719, .adv_w = 189, .box_w = 12, .box_h = 17, .ofs_x = 0, .ofs_y = -5},
    {.bitmap_index = 1745, .adv_w = 170, .box_w = 10, .box_h = 12, .ofs_x = 1, .ofs_y = 0},
    {.bitmap_index = 1760, .adv_w = 126, .box_w = 6, .box_h = 20, .ofs_x = 1, .ofs_y = -4},
    {.bitmap_index = 1775, .adv_w = 109, .box_w = 3, .box_h = 23, .ofs_x = 2, .ofs_y = -5},
    {.bitmap_index = 1784, .adv_w = 126, .box_w = 6, .box_h = 20, .ofs_x = 1, .ofs_y = -4},
    {.bitmap_index = 1799, .adv_w = 253, .box_w = 11, .box_h = 4, .ofs_x = 2, .ofs_y = 5},
    {.bitmap_index = 1805, .adv_w = 352, .box_w = 20, .box_h = 19, .ofs_x = 1, .ofs_y = -1},
    {.bitmap_index = 1853, .adv_w = 352, .box_w = 20, .box_h = 19, .ofs_x = 1, .ofs_y = -1},
    {.bitmap_index = 1901, .adv_w = 352, .box_w = 20, .box_h = 19, .ofs_x = 1, .ofs_y = -1},
    {.bitmap_index = 1949, .adv_w = 352, .box_w = 20, .box_h = 19, .ofs_x = 1, .ofs_y = -1},
    {.bitmap_index = 1997, .adv_w = 352, .box_w = 20, .box_h = 19, .ofs_x = 1, .ofs_y = -1},
    {.bitmap_index = 2045, .adv_w = 352, .box_w = 20, .box_h = 19, .ofs_x = 1, .ofs_y = -1},
    {.bitmap_index = 2093, .adv_w = 352, .box_w = 20, .box_h = 19, .ofs_x = 1, .ofs_y = -1},
    {.bitmap_index = 2141, .adv_w = 352, .box_w = 20, .box_h = 20, .ofs_x = 1, .ofs_y = -2},
    {.bitmap_index = 2191, .adv_w = 352, .box_w = 20, .box_h = 19, .ofs_x = 1, .ofs_y = -1},
    {.bitmap_index = 2239, .adv_w = 352, .box_w = 20, .box_h = 19, .ofs_x = 1, .ofs_y = -1},
    {.bitmap_index = 2287, .adv_w = 352, .box_w = 18, .box_h = 19, .ofs_x = 2, .ofs_y = -1},
    {.bitmap_index = 2330, .adv_w = 352, .box_w = 19, .box_h = 19, .ofs_x = 1, .ofs_y = -1},
    {.bitmap_index = 2376, .adv_w = 352, .box_w = 20, .box_h = 19, .ofs_x = 1, .ofs_y = -1},
    {.bitmap_index = 2424, .adv_w = 352, .box_w = 18, .box_h = 19, .ofs_x = 2, .ofs_y = -1},
    {.bitmap_index = 2467, .adv_w = 352, .box_w = 18, .box_h = 19, .ofs_x = 1, .ofs_y = -1},
    {.bitmap_index = 2510, .adv_w = 352, .box_w = 18, .box_h = 19, .ofs_x = 1, .ofs_y = -1},
    {.bitmap_index = 2553, .adv_w = 352, .box_w = 18, .box_h = 19, .ofs_x = 2, .ofs_y = -1},
    {.bitmap_index = 2596, .adv_w = 352, .box_w = 18, .box_h = 19, .ofs_x = 2, .ofs_y = -1},
    {.bitmap_index = 2639, .adv_w = 352, .box_w = 18, .box_h = 19, .ofs_x = 1, .ofs_y = -1},
    {.bitmap_index = 2682, .adv_w = 352, .box_w = 18, .box_h = 19, .ofs_x = 1, .ofs_y = -1},
    {.bitmap_index = 2725, .adv_w = 352, .box_w = 19, .box_h = 21, .ofs_x = 1, .ofs_y = -3},
    {.bitmap_index = 2775, .adv_w = 352, .box_w = 18, .box_h = 19, .ofs_x = 1, .ofs_y = -1},
    {.bitmap_index = 2818, .adv_w = 352, .box_w = 18, .box_h = 19, .ofs_x = 1, .ofs_y = -1},
    {.bitmap_index = 2861, .adv_w = 352, .box_w = 18, .box_h = 19, .ofs_x = 1, .ofs_y = -1},
    {.bitmap_index = 2904, .adv_w = 352, .box_w = 18, .box_h = 19, .ofs_x = 1, .ofs_y = -1},
    {.bitmap_index = 2947, .adv_w = 352, .box_w = 18, .box_h = 19, .ofs_x = 2, .ofs_y = -1},
    {.bitmap_index = 2990, .adv_w = 352, .box_w = 18, .box_h = 19, .ofs_x = 2, .ofs_y = -1},
    {.bitmap_index = 3033, .adv_w = 352, .box_w = 18, .box_h = 19, .ofs_x = 2, .ofs_y = -1},
    {.bitmap_index = 3076, .adv_w = 352, .box_w = 18, .box_h = 19, .ofs_x = 1, .ofs_y = -1},
    {.bitmap_index = 3119, .adv_w = 352, .box_w = 18, .box_h = 19, .ofs_x = 1, .ofs_y = -1},
    {.bitmap_index = 3162, .adv_w = 352, .box_w = 19, .box_h = 16, .ofs_x = 1, .ofs_y = 1},
    {.bitmap_index = 3200, .adv_w = 352, .box_w = 19, .box_h = 19, .ofs_x = 1, .ofs_y = -1},
    {.bitmap_index = 3246, .adv_w = 352, .box_w = 19, .box_h = 19, .ofs_x = 1, .ofs_y = -1},
    {.bitmap_index = 3292, .adv_w = 352, .box_w = 19, .box_h = 19, .ofs_x = 1, .ofs_y = -1},
    {.bitmap_index = 3338, .adv_w = 352, .box_w = 19, .box_h = 19, .ofs_x = 1, .ofs_y = -1},
    {.bitmap_index = 3384, .adv_w = 352, .box_w = 19, .box_h = 19, .ofs_x = 1, .ofs_y = -1},
    {.bitmap_index = 3430, .adv_w = 352, .box_w = 19, .box_h = 19, .ofs_x = 1, .ofs_y = -1},
    {.bitmap_index = 3476, .adv_w = 352, .box_w = 19, .box_h = 19, .ofs_x = 1, .ofs_y = -1},
    {.bitmap_index = 3522, .adv_w = 352, .box_w = 19, .box_h = 19, .ofs_x = 1, .ofs_y = -1},
    {.bitmap_index = 3568, .adv_w = 352, .box_w = 21, .box_h = 19, .ofs_x = 0, .ofs_y = -1},
    {.bitmap_index = 3618, .adv_w = 352, .box_w = 21, .box_h = 19, .ofs_x = 0, .ofs_y = -1},
    {.bitmap_index = 3668, .adv_w = 352, .box_w = 21, .box_h = 19, .ofs_x = 0, .ofs_y = -1},
    {.bitmap_index = 3718, .adv_w = 352, .box_w = 20, .box_h = 19, .ofs_x = 0, .ofs_y = -1},
    {.bitmap_index = 3766, .adv_w = 352, .box_w = 18, .box_h = 19, .ofs_x = 1, .ofs_y = -1},
    {.bitmap_index = 3809, .adv_w = 352, .box_w = 18, .box_h = 19, .ofs_x = 1, .ofs_y = -1},
    {.bitmap_index = 3852, .adv_w = 352, .box_w = 19, .box_h = 16, .ofs_x = 1, .ofs_y = 1},
    {.bitmap_index = 3890, .adv_w = 352, .box_w = 19, .box_h = 19, .ofs_x = 1, .ofs_y = -1},
    {.bitmap_index = 3936, .adv_w = 352, .box_w = 19, .box_h = 19, .ofs_x = 1, .ofs_y = -1},
    {.bitmap_index = 3982, .adv_w = 352, .box_w = 19, .box_h = 19, .ofs_x = 1, .ofs_y = -1},
    {.bitmap_index = 4028, .adv_w = 352, .box_w = 19, .box_h = 19, .ofs_x = 1, .ofs_y = -1},
    {.bitmap_index = 4074, .adv_w = 352, .box_w = 19, .box_h = 19, .ofs_x = 1, .ofs_y = -1},
    {.bitmap_index = 4120, .adv_w = 352, .box_w = 19, .box_h = 19, .ofs_x = 1, .ofs_y = -1},
    {.bitmap_index = 4166, .adv_w = 352, .box_w = 19, .box_h = 19, .ofs_x = 1, .ofs_y = -1},
    {.bitmap_index = 4212, .adv_w = 352, .box_w = 19, .box_h = 19, .ofs_x = 1, .ofs_y = -1},
    {.bitmap_index = 4258, .adv_w = 352, .box_w = 18, .box_h = 19, .ofs_x = 1, .ofs_y = -1},
    {.bitmap_index = 4301, .adv_w = 352, .box_w = 18, .box_h = 19, .ofs_x = 1, .ofs_y = -1},
    {.bitmap_index = 4344, .adv_w = 352, .box_w = 19, .box_h = 19, .ofs_x = 1, .ofs_y = -1},
    {.bitmap_index = 4390, .adv_w = 352, .box_w = 19, .box_h = 19, .ofs_x = 1, .ofs_y = -1},
    {.bitmap_index = 4436, .adv_w = 352, .box_w = 19, .box_h = 15, .ofs_x = 1, .ofs_y = 2},
    {.bitmap_index = 4472, .adv_w = 352, .box_w = 19, .box_h = 19, .ofs_x = 1, .ofs_y = -1},
    {.bitmap_index = 4518, .adv_w = 352, .box_w = 19, .box_h = 19, .ofs_x = 1, .ofs_y = -1},
    {.bitmap_index = 4564, .adv_w = 352, .box_w = 19, .box_h = 19, .ofs_x = 1, .ofs_y = -1},
    {.bitmap_index = 4610, .adv_w = 352, .box_w = 19, .box_h = 19, .ofs_x = 1, .ofs_y = -1},
    {.bitmap_index = 4656, .adv_w = 352, .box_w = 19, .box_h = 19, .ofs_x = 1, .ofs_y = -1},
    {.bitmap_index = 4702, .adv_w = 352, .box_w = 19, .box_h = 19, .ofs_x = 1, .ofs_y = -1},
    {.bitmap_index = 4748, .adv_w = 352, .box_w = 17, .box_h = 19, .ofs_x = 2, .ofs_y = -1},
    {.bitmap_index = 4789, .adv_w = 352, .box_w = 17, .box_h = 19, .ofs_x = 2, .ofs_y = -1},
    {.bitmap_index = 4830, .adv_w = 352, .box_w = 17, .box_h = 19, .ofs_x = 2, .ofs_y = -1},
    {.bitmap_index = 4871, .adv_w = 352, .box_w = 17, .box_h = 19, .ofs_x = 2, .ofs_y = -1},
    {.bitmap_index = 4912, .adv_w = 352, .box_w = 18, .box_h = 19, .ofs_x = 2, .ofs_y = -1},
    {.bitmap_index = 4955, .adv_w = 352, .box_w = 21, .box_h = 19, .ofs_x = 1, .ofs_y = -1},
    {.bitmap_index = 5005, .adv_w = 352, .box_w = 20, .box_h = 19, .ofs_x = 1, .ofs_y = -1},
    {.bitmap_index = 5053, .adv_w = 352, .box_w = 20, .box_h = 19, .ofs_x = 1, .ofs_y = -1},
    {.bitmap_index = 5101, .adv_w = 352, .box_w = 20, .box_h = 19, .ofs_x = 1, .ofs_y = -1},
    {.bitmap_index = 5149, .adv_w = 352, .box_w = 20, .box_h = 19, .ofs_x = 1, .ofs_y = -1},
    {.bitmap_index = 5197, .adv_w = 352, .box_w = 20, .box_h = 19, .ofs_x = 1, .ofs_y = -1},
    {.bitmap_index = 5245, .adv_w = 352, .box_w = 20, .box_h = 19, .ofs_x = 1, .ofs_y = -1},
    {.bitmap_index = 5293, .adv_w = 352, .box_w = 19, .box_h = 19, .ofs_x = 1, .ofs_y = -1},
    {.bitmap_index = 5339, .adv_w = 352, .box_w = 19, .box_h = 19, .ofs_x = 1, .ofs_y = -1},
    {.bitmap_index = 5385, .adv_w = 352, .box_w = 18, .box_h = 19, .ofs_x = 1, .ofs_y = -1},
    {.bitmap_index = 5428, .adv_w = 352, .box_w = 18, .box_h = 19, .ofs_x = 1, .ofs_y = -1},
    {.bitmap_index = 5471, .adv_w = 352, .box_w = 19, .box_h = 19, .ofs_x = 0, .ofs_y = -1},
    {.bitmap_index = 5517, .adv_w = 352, .box_w = 19, .box_h = 16, .ofs_x = 1, .ofs_y = 1},
    {.bitmap_index = 5555, .adv_w = 352, .box_w = 19, .box_h = 19, .ofs_x = 1, .ofs_y = -1},
    {.bitmap_index = 5601, .adv_w = 352, .box_w = 19, .box_h = 19, .ofs_x = 1, .ofs_y = -1},
    {.bitmap_index = 5647, .adv_w = 352, .box_w = 19, .box_h = 20, .ofs_x = 1, .ofs_y = -2},
    {.bitmap_index = 5695, .adv_w = 352, .box_w = 19, .box_h = 19, .ofs_x = 1, .ofs_y = -1},
    {.bitmap_index = 5741, .adv_w = 352, .box_w = 21, .box_h = 19, .ofs_x = 1, .ofs_y = -1},
    {.bitmap_index = 5791, .adv_w = 352, .box_w = 20, .box_h = 19, .ofs_x = 0, .ofs_y = -1},
    {.bitmap_index = 5839, .adv_w = 352, .box_w = 19, .box_h = 19, .ofs_x = 1, .ofs_y = -1},
    {.bitmap_index = 5885, .adv_w = 352, .box_w = 19, .box_h = 19, .ofs_x = 1, .ofs_y = -1},
    {.bitmap_index = 5931, .adv_w = 352, .box_w = 19, .box_h = 16, .ofs_x = 1, .ofs_y = 1},
    {.bitmap_index = 5969, .adv_w = 352, .box_w = 19, .box_h = 19, .ofs_x = 1, .ofs_y = -1},
    {.bitmap_index = 6015, .adv_w = 352, .box_w = 19, .box_h = 19, .ofs_x = 1, .ofs_y = -1},
    {.bitmap_index = 6061, .adv_w = 352, .box_w = 19, .box_h = 19, .ofs_x = 1, .ofs_y = -1},
    {.bitmap_index = 6107, .adv_w = 352, .box_w = 19, .box_h = 20, .ofs_x = 1, .ofs_y = -2},
    {.bitmap_index = 6155, .adv_w = 352, .box_w = 19, .box_h = 19, .ofs_x = 1, .ofs_y = -1},
    {.bitmap_index = 6201, .adv_w = 352, .box_w = 18, .box_h = 19, .ofs_x = 1, .ofs_y = -1},
    {.bitmap_index = 6244, .adv_w = 352, .box_w = 18, .box_h = 19, .ofs_x = 2, .ofs_y = -1},
    {.bitmap_index = 6287, .adv_w = 352, .box_w = 18, .box_h = 19, .ofs_x = 3, .ofs_y = -1},
    {.bitmap_index = 6330, .adv_w = 352, .box_w = 18, .box_h = 19, .ofs_x = 3, .ofs_y = -1},
    {.bitmap_index = 6373, .adv_w = 352, .box_w = 18, .box_h = 19, .ofs_x = 3, .ofs_y = -1},
    {.bitmap_index = 6416, .adv_w = 352, .box_w = 18, .box_h = 19, .ofs_x = 3, .ofs_y = -1},
    {.bitmap_index = 6459, .adv_w = 352, .box_w = 18, .box_h = 19, .ofs_x = 3, .ofs_y = -1},
    {.bitmap_index = 6502, .adv_w = 352, .box_w = 18, .box_h = 21, .ofs_x = 3, .ofs_y = -3},
    {.bitmap_index = 6550, .adv_w = 352, .box_w = 19, .box_h = 19, .ofs_x = 2, .ofs_y = -1},
    {.bitmap_index = 6596, .adv_w = 352, .box_w = 18, .box_h = 20, .ofs_x = 3, .ofs_y = -2},
    {.bitmap_index = 6641, .adv_w = 352, .box_w = 17, .box_h = 19, .ofs_x = 2, .ofs_y = -1},
    {.bitmap_index = 6682, .adv_w = 352, .box_w = 17, .box_h = 19, .ofs_x = 3, .ofs_y = -1},
    {.bitmap_index = 6723, .adv_w = 352, .box_w = 17, .box_h = 19, .ofs_x = 3, .ofs_y = -1},
    {.bitmap_index = 6764, .adv_w = 352, .box_w = 18, .box_h = 19, .ofs_x = 2, .ofs_y = -1},
    {.bitmap_index = 6807, .adv_w = 352, .box_w = 16, .box_h = 19, .ofs_x = 3, .ofs_y = -1},
    {.bitmap_index = 6845, .adv_w = 352, .box_w = 16, .box_h = 19, .ofs_x = 3, .ofs_y = -1},
    {.bitmap_index = 6883, .adv_w = 352, .box_w = 16, .box_h = 19, .ofs_x = 3, .ofs_y = -1},
    {.bitmap_index = 6921, .adv_w = 352, .box_w = 16, .box_h = 19, .ofs_x = 3, .ofs_y = -1},
    {.bitmap_index = 6959, .adv_w = 352, .box_w = 16, .box_h = 19, .ofs_x = 3, .ofs_y = -1},
    {.bitmap_index = 6997, .adv_w = 352, .box_w = 17, .box_h = 19, .ofs_x = 2, .ofs_y = -1},
    {.bitmap_index = 7038, .adv_w = 352, .box_w = 18, .box_h = 20, .ofs_x = 3, .ofs_y = -2},
    {.bitmap_index = 7083, .adv_w = 352, .box_w = 16, .box_h = 19, .ofs_x = 3, .ofs_y = -1},
    {.bitmap_index = 7121, .adv_w = 352, .box_w = 16, .box_h = 19, .ofs_x = 3, .ofs_y = -1},
    {.bitmap_index = 7159, .adv_w = 352, .box_w = 16, .box_h = 19, .ofs_x = 3, .ofs_y = -1},
    {.bitmap_index = 7197, .adv_w = 352, .box_w = 16, .box_h = 19, .ofs_x = 3, .ofs_y = -1},
    {.bitmap_index = 7235, .adv_w = 352, .box_w = 19, .box_h = 16, .ofs_x = 1, .ofs_y = 1},
    {.bitmap_index = 7273, .adv_w = 352, .box_w = 19, .box_h = 19, .ofs_x = 1, .ofs_y = -1},
    {.bitmap_index = 7319, .adv_w = 352, .box_w = 19, .box_h = 19, .ofs_x = 1, .ofs_y = -1},
    {.bitmap_index = 7365, .adv_w = 352, .box_w = 19, .box_h = 19, .ofs_x = 1, .ofs_y = -1},
    {.bitmap_index = 7411, .adv_w = 352, .box_w = 19, .box_h = 19, .ofs_x = 1, .ofs_y = -1},
    {.bitmap_index = 7457, .adv_w = 352, .box_w = 19, .box_h = 20, .ofs_x = 1, .ofs_y = -2},
    {.bitmap_index = 7505, .adv_w = 352, .box_w = 19, .box_h = 19, .ofs_x = 1, .ofs_y = -1},
    {.bitmap_index = 7551, .adv_w = 352, .box_w = 19, .box_h = 19, .ofs_x = 1, .ofs_y = -1},
    {.bitmap_index = 7597, .adv_w = 352, .box_w = 19, .box_h = 19, .ofs_x = 1, .ofs_y = -1},
    {.bitmap_index = 7643, .adv_w = 352, .box_w = 19, .box_h = 16, .ofs_x = 1, .ofs_y = 1},
    {.bitmap_index = 7681, .adv_w = 352, .box_w = 19, .box_h = 19, .ofs_x = 1, .ofs_y = -1},
    {.bitmap_index = 7727, .adv_w = 352, .box_w = 19, .box_h = 19, .ofs_x = 1, .ofs_y = -1},
    {.bitmap_index = 7773, .adv_w = 352, .box_w = 19, .box_h = 19, .ofs_x = 1, .ofs_y = -1},
    {.bitmap_index = 7819, .adv_w = 352, .box_w = 19, .box_h = 19, .ofs_x = 1, .ofs_y = -1},
    {.bitmap_index = 7865, .adv_w = 352, .box_w = 16, .box_h = 19, .ofs_x = 3, .ofs_y = -1},
    {.bitmap_index = 7903, .adv_w = 352, .box_w = 16, .box_h = 19, .ofs_x = 3, .ofs_y = -1},
    {.bitmap_index = 7941, .adv_w = 352, .box_w = 16, .box_h = 19, .ofs_x = 3, .ofs_y = -1},
    {.bitmap_index = 7979, .adv_w = 352, .box_w = 19, .box_h = 19, .ofs_x = 2, .ofs_y = -1},
    {.bitmap_index = 8025, .adv_w = 352, .box_w = 19, .box_h = 19, .ofs_x = 2, .ofs_y = -1},
    {.bitmap_index = 8071, .adv_w = 352, .box_w = 19, .box_h = 19, .ofs_x = 2, .ofs_y = -1},
    {.bitmap_index = 8117, .adv_w = 352, .box_w = 19, .box_h = 19, .ofs_x = 2, .ofs_y = -1},
    {.bitmap_index = 8163, .adv_w = 352, .box_w = 19, .box_h = 19, .ofs_x = 2, .ofs_y = -1},
    {.bitmap_index = 8209, .adv_w = 352, .box_w = 19, .box_h = 19, .ofs_x = 2, .ofs_y = -1},
    {.bitmap_index = 8255, .adv_w = 352, .box_w = 19, .box_h = 19, .ofs_x = 2, .ofs_y = -1},
    {.bitmap_index = 8301, .adv_w = 352, .box_w = 19, .box_h = 19, .ofs_x = 2, .ofs_y = -1},
    {.bitmap_index = 8347, .adv_w = 352, .box_w = 19, .box_h = 19, .ofs_x = 2, .ofs_y = -1},
    {.bitmap_index = 8393, .adv_w = 352, .box_w = 19, .box_h = 21, .ofs_x = 2, .ofs_y = -3},
    {.bitmap_index = 8443, .adv_w = 352, .box_w = 19, .box_h = 19, .ofs_x = 2, .ofs_y = -1},
    {.bitmap_index = 8489, .adv_w = 352, .box_w = 19, .box_h = 19, .ofs_x = 2, .ofs_y = -1},
    {.bitmap_index = 8535, .adv_w = 352, .box_w = 18, .box_h = 19, .ofs_x = 2, .ofs_y = -1},
    {.bitmap_index = 8578, .adv_w = 352, .box_w = 18, .box_h = 19, .ofs_x = 2, .ofs_y = -1},
    {.bitmap_index = 8621, .adv_w = 352, .box_w = 18, .box_h = 19, .ofs_x = 2, .ofs_y = -1},
    {.bitmap_index = 8664, .adv_w = 352, .box_w = 17, .box_h = 19, .ofs_x = 2, .ofs_y = -1},
    {.bitmap_index = 8705, .adv_w = 352, .box_w = 17, .box_h = 19, .ofs_x = 2, .ofs_y = -1},
    {.bitmap_index = 8746, .adv_w = 352, .box_w = 18, .box_h = 19, .ofs_x = 2, .ofs_y = -1},
    {.bitmap_index = 8789, .adv_w = 352, .box_w = 17, .box_h = 19, .ofs_x = 2, .ofs_y = -1},
    {.bitmap_index = 8830, .adv_w = 352, .box_w = 17, .box_h = 19, .ofs_x = 2, .ofs_y = -1},
    {.bitmap_index = 8871, .adv_w = 352, .box_w = 19, .box_h = 20, .ofs_x = 2, .ofs_y = -2},
    {.bitmap_index = 8919, .adv_w = 352, .box_w = 17, .box_h = 19, .ofs_x = 2, .ofs_y = -1},
    {.bitmap_index = 8960, .adv_w = 352, .box_w = 17, .box_h = 19, .ofs_x = 2, .ofs_y = -1},
    {.bitmap_index = 9001, .adv_w = 352, .box_w = 17, .box_h = 19, .ofs_x = 2, .ofs_y = -1},
    {.bitmap_index = 9042, .adv_w = 352, .box_w = 18, .box_h = 19, .ofs_x = 2, .ofs_y = -1},
    {.bitmap_index = 9085, .adv_w = 352, .box_w = 19, .box_h = 16, .ofs_x = 1, .ofs_y = 1},
    {.bitmap_index = 9123, .adv_w = 352, .box_w = 19, .box_h = 19, .ofs_x = 1, .ofs_y = -1},
    {.bitmap_index = 9169, .adv_w = 352, .box_w = 19, .box_h = 19, .ofs_x = 1, .ofs_y = -1},
    {.bitmap_index = 9215, .adv_w = 352, .box_w = 19, .box_h = 19, .ofs_x = 1, .ofs_y = -1},
    {.bitmap_index = 9261, .adv_w = 352, .box_w = 19, .box_h = 19, .ofs_x = 1, .ofs_y = -1},
    {.bitmap_index = 9307, .adv_w = 352, .box_w = 19, .box_h = 19, .ofs_x = 1, .ofs_y = -1},
    {.bitmap_index = 9353, .adv_w = 352, .box_w = 19, .box_h = 19, .ofs_x = 1, .ofs_y = -1},
    {.bitmap_index = 9399, .adv_w = 352, .box_w = 19, .box_h = 19, .ofs_x = 1, .ofs_y = -1},
    {.bitmap_index = 9445, .adv_w = 352, .box_w = 19, .box_h = 19, .ofs_x = 1, .ofs_y = -1},
    {.bitmap_index = 9491, .adv_w = 352, .box_w = 19, .box_h = 16, .ofs_x = 1, .ofs_y = 1},
    {.bitmap_index = 9529, .adv_w = 352, .box_w = 19, .box_h = 19, .ofs_x = 1, .ofs_y = -1},
    {.bitmap_index = 9575, .adv_w = 352, .box_w = 19, .box_h = 19, .ofs_x = 1, .ofs_y = -1},
    {.bitmap_index = 9621, .adv_w = 352, .box_w = 19, .box_h = 19, .ofs_x = 1, .ofs_y = -1},
    {.bitmap_index = 9667, .adv_w = 352, .box_w = 19, .box_h = 19, .ofs_x = 1, .ofs_y = -1},
    {.bitmap_index = 9713, .adv_w = 352, .box_w = 19, .box_h = 19, .ofs_x = 1, .ofs_y = -1},
    {.bitmap_index = 9759, .adv_w = 352, .box_w = 19, .box_h = 19, .ofs_x = 1, .ofs_y = -1},
    {.bitmap_index = 9805, .adv_w = 352, .box_w = 19, .box_h = 19, .ofs_x = 1, .ofs_y = -1},
    {.bitmap_index = 9851, .adv_w = 352, .box_w = 17, .box_h = 19, .ofs_x = 2, .ofs_y = -1},
    {.bitmap_index = 9892, .adv_w = 352, .box_w = 18, .box_h = 20, .ofs_x = 3, .ofs_y = -2},
    {.bitmap_index = 9937, .adv_w = 352, .box_w = 20, .box_h = 19, .ofs_x = 2, .ofs_y = -1},
    {.bitmap_index = 9985, .adv_w = 352, .box_w = 20, .box_h = 19, .ofs_x = 2, .ofs_y = -1},
    {.bitmap_index = 10033, .adv_w = 352, .box_w = 18, .box_h = 19, .ofs_x = 2, .ofs_y = -1},
    {.bitmap_index = 10076, .adv_w = 352, .box_w = 17, .box_h = 19, .ofs_x = 2, .ofs_y = -1},
    {.bitmap_index = 10117, .adv_w = 352, .box_w = 19, .box_h = 19, .ofs_x = 1, .ofs_y = -1},
    {.bitmap_index = 10163, .adv_w = 352, .box_w = 19, .box_h = 16, .ofs_x = 1, .ofs_y = 1},
    {.bitmap_index = 10201, .adv_w = 352, .box_w = 19, .box_h = 19, .ofs_x = 1, .ofs_y = -1},
    {.bitmap_index = 10247, .adv_w = 352, .box_w = 19, .box_h = 19, .ofs_x = 2, .ofs_y = -1},
    {.bitmap_index = 10293, .adv_w = 352, .box_w = 19, .box_h = 19, .ofs_x = 2, .ofs_y = -1},
    {.bitmap_index = 10339, .adv_w = 352, .box_w = 19, .box_h = 19, .ofs_x = 2, .ofs_y = -1},
    {.bitmap_index = 10385, .adv_w = 352, .box_w = 19, .box_h = 19, .ofs_x = 2, .ofs_y = -1},
    {.bitmap_index = 10431, .adv_w = 352, .box_w = 19, .box_h = 19, .ofs_x = 2, .ofs_y = -1},
    {.bitmap_index = 10477, .adv_w = 352, .box_w = 19, .box_h = 19, .ofs_x = 2, .ofs_y = -1},
    {.bitmap_index = 10523, .adv_w = 352, .box_w = 19, .box_h = 19, .ofs_x = 2, .ofs_y = -1},
    {.bitmap_index = 10569, .adv_w = 352, .box_w = 18, .box_h = 19, .ofs_x = 2, .ofs_y = -1},
    {.bitmap_index = 10612, .adv_w = 352, .box_w = 18, .box_h = 19, .ofs_x = 2, .ofs_y = -1},
    {.bitmap_index = 10655, .adv_w = 352, .box_w = 18, .box_h = 19, .ofs_x = 2, .ofs_y = -1},
    {.bitmap_index = 10698, .adv_w = 352, .box_w = 18, .box_h = 19, .ofs_x = 2, .ofs_y = -1},
    {.bitmap_index = 10741, .adv_w = 352, .box_w = 19, .box_h = 21, .ofs_x = 2, .ofs_y = -3},
    {.bitmap_index = 10791, .adv_w = 352, .box_w = 19, .box_h = 19, .ofs_x = 2, .ofs_y = -1},
    {.bitmap_index = 10837, .adv_w = 352, .box_w = 17, .box_h = 19, .ofs_x = 2, .ofs_y = -1},
    {.bitmap_index = 10878, .adv_w = 352, .box_w = 17, .box_h = 19, .ofs_x = 2, .ofs_y = -1},
    {.bitmap_index = 10919, .adv_w = 352, .box_w = 18, .box_h = 19, .ofs_x = 2, .ofs_y = -1},
    {.bitmap_index = 10962, .adv_w = 352, .box_w = 17, .box_h = 19, .ofs_x = 2, .ofs_y = -1},
    {.bitmap_index = 11003, .adv_w = 352, .box_w = 17, .box_h = 19, .ofs_x = 2, .ofs_y = -1},
    {.bitmap_index = 11044, .adv_w = 352, .box_w = 17, .box_h = 19, .ofs_x = 2, .ofs_y = -1},
    {.bitmap_index = 11085, .adv_w = 352, .box_w = 18, .box_h = 19, .ofs_x = 2, .ofs_y = -1},
    {.bitmap_index = 11128, .adv_w = 352, .box_w = 18, .box_h = 19, .ofs_x = 2, .ofs_y = -1},
    {.bitmap_index = 11171, .adv_w = 352, .box_w = 17, .box_h = 19, .ofs_x = 2, .ofs_y = -1},
    {.bitmap_index = 11212, .adv_w = 352, .box_w = 17, .box_h = 19, .ofs_x = 2, .ofs_y = -1},
    {.bitmap_index = 11253, .adv_w = 352, .box_w = 18, .box_h = 19, .ofs_x = 2, .ofs_y = -1},
    {.bitmap_index = 11296, .adv_w = 352, .box_w = 18, .box_h = 19, .ofs_x = 2, .ofs_y = -1},
    {.bitmap_index = 11339, .adv_w = 352, .box_w = 17, .box_h = 19, .ofs_x = 2, .ofs_y = -1},
    {.bitmap_index = 11380, .adv_w = 352, .box_w = 17, .box_h = 19, .ofs_x = 2, .ofs_y = -1},
    {.bitmap_index = 11421, .adv_w = 352, .box_w = 18, .box_h = 19, .ofs_x = 2, .ofs_y = -1},
    {.bitmap_index = 11464, .adv_w = 352, .box_w = 19, .box_h = 16, .ofs_x = 1, .ofs_y = 1},
    {.bitmap_index = 11502, .adv_w = 352, .box_w = 19, .box_h = 19, .ofs_x = 1, .ofs_y = -1},
    {.bitmap_index = 11548, .adv_w = 352, .box_w = 19, .box_h = 19, .ofs_x = 1, .ofs_y = -1},
    {.bitmap_index = 11594, .adv_w = 352, .box_w = 19, .box_h = 19, .ofs_x = 1, .ofs_y = -1},
    {.bitmap_index = 11640, .adv_w = 352, .box_w = 19, .box_h = 19, .ofs_x = 1, .ofs_y = -1},
    {.bitmap_index = 11686, .adv_w = 352, .box_w = 19, .box_h = 20, .ofs_x = 1, .ofs_y = -2},
    {.bitmap_index = 11734, .adv_w = 352, .box_w = 19, .box_h = 16, .ofs_x = 1, .ofs_y = 1},
    {.bitmap_index = 11772, .adv_w = 352, .box_w = 19, .box_h = 19, .ofs_x = 1, .ofs_y = -1},
    {.bitmap_index = 11818, .adv_w = 352, .box_w = 19, .box_h = 19, .ofs_x = 1, .ofs_y = -1},
    {.bitmap_index = 11864, .adv_w = 352, .box_w = 18, .box_h = 19, .ofs_x = 1, .ofs_y = -1},
    {.bitmap_index = 11907, .adv_w = 352, .box_w = 19, .box_h = 19, .ofs_x = 1, .ofs_y = -1},
    {.bitmap_index = 11953, .adv_w = 352, .box_w = 19, .box_h = 19, .ofs_x = 1, .ofs_y = -1},
    {.bitmap_index = 11999, .adv_w = 352, .box_w = 19, .box_h = 19, .ofs_x = 1, .ofs_y = -1},
    {.bitmap_index = 12045, .adv_w = 352, .box_w = 19, .box_h = 16, .ofs_x = 1, .ofs_y = 1},
    {.bitmap_index = 12083, .adv_w = 352, .box_w = 19, .box_h = 19, .ofs_x = 1, .ofs_y = -1},
    {.bitmap_index = 12129, .adv_w = 352, .box_w = 19, .box_h = 19, .ofs_x = 1, .ofs_y = -1},
    {.bitmap_index = 12175, .adv_w = 352, .box_w = 19, .box_h = 20, .ofs_x = 1, .ofs_y = -2},
    {.bitmap_index = 12223, .adv_w = 352, .box_w = 19, .box_h = 19, .ofs_x = 1, .ofs_y = -1},
    {.bitmap_index = 12269, .adv_w = 352, .box_w = 16, .box_h = 19, .ofs_x = 2, .ofs_y = -1},
    {.bitmap_index = 12307, .adv_w = 352, .box_w = 16, .box_h = 19, .ofs_x = 3, .ofs_y = -1},
    {.bitmap_index = 12345, .adv_w = 352, .box_w = 16, .box_h = 19, .ofs_x = 3, .ofs_y = -1},
    {.bitmap_index = 12383, .adv_w = 352, .box_w = 17, .box_h = 20, .ofs_x = 3, .ofs_y = -2},
    {.bitmap_index = 12426, .adv_w = 352, .box_w = 19, .box_h = 19, .ofs_x = 2, .ofs_y = -1},
    {.bitmap_index = 12472, .adv_w = 352, .box_w = 19, .box_h = 19, .ofs_x = 2, .ofs_y = -1},
    {.bitmap_index = 12518, .adv_w = 352, .box_w = 19, .box_h = 19, .ofs_x = 2, .ofs_y = -1},
    {.bitmap_index = 12564, .adv_w = 352, .box_w = 20, .box_h = 19, .ofs_x = 2, .ofs_y = -1},
    {.bitmap_index = 12612, .adv_w = 352, .box_w = 19, .box_h = 19, .ofs_x = 2, .ofs_y = -1},
    {.bitmap_index = 12658, .adv_w = 352, .box_w = 19, .box_h = 21, .ofs_x = 2, .ofs_y = -3},
    {.bitmap_index = 12708, .adv_w = 352, .box_w = 19, .box_h = 19, .ofs_x = 2, .ofs_y = -1},
    {.bitmap_index = 12754, .adv_w = 352, .box_w = 19, .box_h = 20, .ofs_x = 2, .ofs_y = -2},
    {.bitmap_index = 12802, .adv_w = 352, .box_w = 19, .box_h = 19, .ofs_x = 2, .ofs_y = -1},
    {.bitmap_index = 12848, .adv_w = 352, .box_w = 19, .box_h = 19, .ofs_x = 2, .ofs_y = -1},
    {.bitmap_index = 12894, .adv_w = 352, .box_w = 18, .box_h = 19, .ofs_x = 2, .ofs_y = -1},
    {.bitmap_index = 12937, .adv_w = 352, .box_w = 18, .box_h = 19, .ofs_x = 2, .ofs_y = -1},
    {.bitmap_index = 12980, .adv_w = 352, .box_w = 18, .box_h = 19, .ofs_x = 2, .ofs_y = -1},
    {.bitmap_index = 13023, .adv_w = 352, .box_w = 20, .box_h = 19, .ofs_x = 2, .ofs_y = -1},
    {.bitmap_index = 13071, .adv_w = 352, .box_w = 17, .box_h = 19, .ofs_x = 2, .ofs_y = -1},
    {.bitmap_index = 13112, .adv_w = 352, .box_w = 17, .box_h = 19, .ofs_x = 2, .ofs_y = -1},
    {.bitmap_index = 13153, .adv_w = 352, .box_w = 18, .box_h = 19, .ofs_x = 2, .ofs_y = -1},
    {.bitmap_index = 13196, .adv_w = 352, .box_w = 18, .box_h = 19, .ofs_x = 2, .ofs_y = -1},
    {.bitmap_index = 13239, .adv_w = 352, .box_w = 17, .box_h = 19, .ofs_x = 2, .ofs_y = -1},
    {.bitmap_index = 13280, .adv_w = 352, .box_w = 18, .box_h = 21, .ofs_x = 2, .ofs_y = -3},
    {.bitmap_index = 13328, .adv_w = 352, .box_w = 17, .box_h = 19, .ofs_x = 2, .ofs_y = -1},
    {.bitmap_index = 13369, .adv_w = 352, .box_w = 18, .box_h = 19, .ofs_x = 2, .ofs_y = -1},
    {.bitmap_index = 13412, .adv_w = 352, .box_w = 17, .box_h = 19, .ofs_x = 2, .ofs_y = -1},
    {.bitmap_index = 13453, .adv_w = 352, .box_w = 18, .box_h = 19, .ofs_x = 2, .ofs_y = -1},
    {.bitmap_index = 13496, .adv_w = 352, .box_w = 17, .box_h = 19, .ofs_x = 2, .ofs_y = -1},
    {.bitmap_index = 13537, .adv_w = 352, .box_w = 19, .box_h = 19, .ofs_x = 2, .ofs_y = -1},
    {.bitmap_index = 13583, .adv_w = 352, .box_w = 19, .box_h = 16, .ofs_x = 1, .ofs_y = 1},
    {.bitmap_index = 13621, .adv_w = 352, .box_w = 19, .box_h = 19, .ofs_x = 1, .ofs_y = -1},
    {.bitmap_index = 13667, .adv_w = 352, .box_w = 19, .box_h = 19, .ofs_x = 1, .ofs_y = -1},
    {.bitmap_index = 13713, .adv_w = 352, .box_w = 19, .box_h = 19, .ofs_x = 1, .ofs_y = -1},
    {.bitmap_index = 13759, .adv_w = 352, .box_w = 19, .box_h = 19, .ofs_x = 1, .ofs_y = -1},
    {.bitmap_index = 13805, .adv_w = 352, .box_w = 19, .box_h = 19, .ofs_x = 1, .ofs_y = -1},
    {.bitmap_index = 13851, .adv_w = 352, .box_w = 19, .box_h = 19, .ofs_x = 1, .ofs_y = -1},
    {.bitmap_index = 13897, .adv_w = 352, .box_w = 19, .box_h = 19, .ofs_x = 1, .ofs_y = -1},
    {.bitmap_index = 13943, .adv_w = 352, .box_w = 19, .box_h = 19, .ofs_x = 1, .ofs_y = -1},
    {.bitmap_index = 13989, .adv_w = 352, .box_w = 19, .box_h = 19, .ofs_x = 1, .ofs_y = -1},
    {.bitmap_index = 14035, .adv_w = 352, .box_w = 19, .box_h = 19, .ofs_x = 1, .ofs_y = -1},
    {.bitmap_index = 14081, .adv_w = 352, .box_w = 19, .box_h = 19, .ofs_x = 1, .ofs_y = -1},
    {.bitmap_index = 14127, .adv_w = 352, .box_w = 19, .box_h = 20, .ofs_x = 1, .ofs_y = -2},
    {.bitmap_index = 14175, .adv_w = 352, .box_w = 18, .box_h = 19, .ofs_x = 1, .ofs_y = -1},
    {.bitmap_index = 14218, .adv_w = 352, .box_w = 16, .box_h = 19, .ofs_x = 2, .ofs_y = -1},
    {.bitmap_index = 14256, .adv_w = 352, .box_w = 16, .box_h = 19, .ofs_x = 3, .ofs_y = -1},
    {.bitmap_index = 14294, .adv_w = 352, .box_w = 18, .box_h = 19, .ofs_x = 2, .ofs_y = -1},
    {.bitmap_index = 14337, .adv_w = 352, .box_w = 17, .box_h = 19, .ofs_x = 3, .ofs_y = -1},
    {.bitmap_index = 14378, .adv_w = 352, .box_w = 19, .box_h = 19, .ofs_x = 2, .ofs_y = -1},
    {.bitmap_index = 14424, .adv_w = 352, .box_w = 19, .box_h = 19, .ofs_x = 2, .ofs_y = -1},
    {.bitmap_index = 14470, .adv_w = 352, .box_w = 19, .box_h = 19, .ofs_x = 2, .ofs_y = -1},
    {.bitmap_index = 14516, .adv_w = 352, .box_w = 19, .box_h = 19, .ofs_x = 2, .ofs_y = -1},
    {.bitmap_index = 14562, .adv_w = 352, .box_w = 19, .box_h = 19, .ofs_x = 2, .ofs_y = -1},
    {.bitmap_index = 14608, .adv_w = 352, .box_w = 19, .box_h = 19, .ofs_x = 2, .ofs_y = -1},
    {.bitmap_index = 14654, .adv_w = 352, .box_w = 19, .box_h = 19, .ofs_x = 2, .ofs_y = -1},
    {.bitmap_index = 14700, .adv_w = 352, .box_w = 19, .box_h = 19, .ofs_x = 2, .ofs_y = -1},
    {.bitmap_index = 14746, .adv_w = 352, .box_w = 19, .box_h = 19, .ofs_x = 2, .ofs_y = -1},
    {.bitmap_index = 14792, .adv_w = 352, .box_w = 19, .box_h = 19, .ofs_x = 2, .ofs_y = -1},
    {.bitmap_index = 14838, .adv_w = 352, .box_w = 19, .box_h = 19, .ofs_x = 2, .ofs_y = -1},
    {.bitmap_index = 14884, .adv_w = 352, .box_w = 18, .box_h = 19, .ofs_x = 2, .ofs_y = -1},
    {.bitmap_index = 14927, .adv_w = 352, .box_w = 17, .box_h = 19, .ofs_x = 2, .ofs_y = -1},
    {.bitmap_index = 14968, .adv_w = 352, .box_w = 18, .box_h = 19, .ofs_x = 2, .ofs_y = -1},
    {.bitmap_index = 15011, .adv_w = 352, .box_w = 18, .box_h = 21, .ofs_x = 2, .ofs_y = -3},
    {.bitmap_index = 15059, .adv_w = 352, .box_w = 17, .box_h = 19, .ofs_x = 2, .ofs_y = -1},
    {.bitmap_index = 15100, .adv_w = 352, .box_w = 18, .box_h = 19, .ofs_x = 2, .ofs_y = -1},
    {.bitmap_index = 15143, .adv_w = 352, .box_w = 18, .box_h = 19, .ofs_x = 2, .ofs_y = -1},
    {.bitmap_index = 15186, .adv_w = 352, .box_w = 17, .box_h = 19, .ofs_x = 2, .ofs_y = -1},
    {.bitmap_index = 15227, .adv_w = 352, .box_w = 17, .box_h = 19, .ofs_x = 2, .ofs_y = -1},
    {.bitmap_index = 15268, .adv_w = 352, .box_w = 18, .box_h = 20, .ofs_x = 2, .ofs_y = -2},
    {.bitmap_index = 15313, .adv_w = 352, .box_w = 17, .box_h = 19, .ofs_x = 2, .ofs_y = -1},
    {.bitmap_index = 15354, .adv_w = 352, .box_w = 18, .box_h = 19, .ofs_x = 2, .ofs_y = -1},
    {.bitmap_index = 15397, .adv_w = 352, .box_w = 18, .box_h = 19, .ofs_x = 2, .ofs_y = -1},
    {.bitmap_index = 15440, .adv_w = 352, .box_w = 17, .box_h = 19, .ofs_x = 2, .ofs_y = -1},
    {.bitmap_index = 15481, .adv_w = 352, .box_w = 17, .box_h = 19, .ofs_x = 2, .ofs_y = -1},
    {.bitmap_index = 15522, .adv_w = 352, .box_w = 19, .box_h = 16, .ofs_x = 1, .ofs_y = 1},
    {.bitmap_index = 15560, .adv_w = 352, .box_w = 19, .box_h = 19, .ofs_x = 1, .ofs_y = -1},
    {.bitmap_index = 15606, .adv_w = 352, .box_w = 19, .box_h = 19, .ofs_x = 1, .ofs_y = -1},
    {.bitmap_index = 15652, .adv_w = 352, .box_w = 19, .box_h = 19, .ofs_x = 1, .ofs_y = -1},
    {.bitmap_index = 15698, .adv_w = 352, .box_w = 19, .box_h = 19, .ofs_x = 1, .ofs_y = -1},
    {.bitmap_index = 15744, .adv_w = 352, .box_w = 19, .box_h = 19, .ofs_x = 1, .ofs_y = -1},
    {.bitmap_index = 15790, .adv_w = 352, .box_w = 19, .box_h = 19, .ofs_x = 1, .ofs_y = -1},
    {.bitmap_index = 15836, .adv_w = 352, .box_w = 19, .box_h = 19, .ofs_x = 1, .ofs_y = -1},
    {.bitmap_index = 15882, .adv_w = 352, .box_w = 19, .box_h = 19, .ofs_x = 1, .ofs_y = -1},
    {.bitmap_index = 15928, .adv_w = 352, .box_w = 19, .box_h = 19, .ofs_x = 1, .ofs_y = -1},
    {.bitmap_index = 15974, .adv_w = 352, .box_w = 19, .box_h = 20, .ofs_x = 1, .ofs_y = -2},
    {.bitmap_index = 16022, .adv_w = 352, .box_w = 19, .box_h = 19, .ofs_x = 1, .ofs_y = -1},
    {.bitmap_index = 16068, .adv_w = 352, .box_w = 19, .box_h = 19, .ofs_x = 1, .ofs_y = -1},
    {.bitmap_index = 16114, .adv_w = 352, .box_w = 19, .box_h = 16, .ofs_x = 1, .ofs_y = 1},
    {.bitmap_index = 16152, .adv_w = 352, .box_w = 19, .box_h = 19, .ofs_x = 1, .ofs_y = -1},
    {.bitmap_index = 16198, .adv_w = 352, .box_w = 17, .box_h = 19, .ofs_x = 2, .ofs_y = -1},
    {.bitmap_index = 16239, .adv_w = 352, .box_w = 17, .box_h = 19, .ofs_x = 2, .ofs_y = -1},
    {.bitmap_index = 16280, .adv_w = 352, .box_w = 19, .box_h = 19, .ofs_x = 2, .ofs_y = -1},
    {.bitmap_index = 16326, .adv_w = 352, .box_w = 20, .box_h = 19, .ofs_x = 2, .ofs_y = -1},
    {.bitmap_index = 16374, .adv_w = 352, .box_w = 20, .box_h = 19, .ofs_x = 2, .ofs_y = -1},
    {.bitmap_index = 16422, .adv_w = 352, .box_w = 20, .box_h = 19, .ofs_x = 2, .ofs_y = -1},
    {.bitmap_index = 16470, .adv_w = 352, .box_w = 18, .box_h = 19, .ofs_x = 2, .ofs_y = -1},
    {.bitmap_index = 16513, .adv_w = 352, .box_w = 20, .box_h = 19, .ofs_x = 2, .ofs_y = -1},
    {.bitmap_index = 16561, .adv_w = 352, .box_w = 18, .box_h = 19, .ofs_x = 2, .ofs_y = -1},
    {.bitmap_index = 16604, .adv_w = 352, .box_w = 18, .box_h = 19, .ofs_x = 2, .ofs_y = -1},
    {.bitmap_index = 16647, .adv_w = 352, .box_w = 18, .box_h = 19, .ofs_x = 2, .ofs_y = -1},
    {.bitmap_index = 16690, .adv_w = 352, .box_w = 18, .box_h = 19, .ofs_x = 2, .ofs_y = -1},
    {.bitmap_index = 16733, .adv_w = 352, .box_w = 19, .box_h = 19, .ofs_x = 1, .ofs_y = -1},
    {.bitmap_index = 16779, .adv_w = 352, .box_w = 19, .box_h = 19, .ofs_x = 1, .ofs_y = -1},
    {.bitmap_index = 16825, .adv_w = 352, .box_w = 19, .box_h = 17, .ofs_x = 1, .ofs_y = 1},
    {.bitmap_index = 16866, .adv_w = 352, .box_w = 19, .box_h = 19, .ofs_x = 1, .ofs_y = -1},
    {.bitmap_index = 16912, .adv_w = 352, .box_w = 21, .box_h = 19, .ofs_x = 0, .ofs_y = -1},
    {.bitmap_index = 16962, .adv_w = 352, .box_w = 20, .box_h = 19, .ofs_x = 1, .ofs_y = -1},
    {.bitmap_index = 17010, .adv_w = 352, .box_w = 20, .box_h = 19, .ofs_x = 1, .ofs_y = -1},
    {.bitmap_index = 17058, .adv_w = 352, .box_w = 20, .box_h = 19, .ofs_x = 1, .ofs_y = -1},
    {.bitmap_index = 17106, .adv_w = 352, .box_w = 21, .box_h = 19, .ofs_x = 0, .ofs_y = -1},
    {.bitmap_index = 17156, .adv_w = 352, .box_w = 18, .box_h = 19, .ofs_x = 1, .ofs_y = -1},
    {.bitmap_index = 17199, .adv_w = 352, .box_w = 18, .box_h = 19, .ofs_x = 1, .ofs_y = -1},
    {.bitmap_index = 17242, .adv_w = 352, .box_w = 19, .box_h = 19, .ofs_x = 1, .ofs_y = -1},
    {.bitmap_index = 17288, .adv_w = 352, .box_w = 18, .box_h = 19, .ofs_x = 1, .ofs_y = -1},
    {.bitmap_index = 17331, .adv_w = 352, .box_w = 19, .box_h = 19, .ofs_x = 0, .ofs_y = -1},
    {.bitmap_index = 17377, .adv_w = 352, .box_w = 18, .box_h = 19, .ofs_x = 1, .ofs_y = -1},
    {.bitmap_index = 17420, .adv_w = 352, .box_w = 18, .box_h = 19, .ofs_x = 1, .ofs_y = -1},
    {.bitmap_index = 17463, .adv_w = 352, .box_w = 19, .box_h = 19, .ofs_x = 1, .ofs_y = -1},
    {.bitmap_index = 17509, .adv_w = 352, .box_w = 19, .box_h = 19, .ofs_x = 1, .ofs_y = -1},
    {.bitmap_index = 17555, .adv_w = 352, .box_w = 19, .box_h = 19, .ofs_x = 0, .ofs_y = -1},
    {.bitmap_index = 17601, .adv_w = 352, .box_w = 19, .box_h = 19, .ofs_x = 1, .ofs_y = -1},
    {.bitmap_index = 17647, .adv_w = 352, .box_w = 18, .box_h = 19, .ofs_x = 1, .ofs_y = -1},
    {.bitmap_index = 17690, .adv_w = 352, .box_w = 19, .box_h = 20, .ofs_x = 1, .ofs_y = -2},
    {.bitmap_index = 17738, .adv_w = 352, .box_w = 19, .box_h = 19, .ofs_x = 1, .ofs_y = -1},
    {.bitmap_index = 17784, .adv_w = 352, .box_w = 19, .box_h = 17, .ofs_x = 1, .ofs_y = 1},
    {.bitmap_index = 17825, .adv_w = 352, .box_w = 19, .box_h = 19, .ofs_x = 1, .ofs_y = -1},
    {.bitmap_index = 17871, .adv_w = 352, .box_w = 19, .box_h = 19, .ofs_x = 1, .ofs_y = -1},
    {.bitmap_index = 17917, .adv_w = 352, .box_w = 19, .box_h = 19, .ofs_x = 1, .ofs_y = -1},
    {.bitmap_index = 17963, .adv_w = 352, .box_w = 19, .box_h = 19, .ofs_x = 1, .ofs_y = -1},
    {.bitmap_index = 18009, .adv_w = 352, .box_w = 19, .box_h = 20, .ofs_x = 1, .ofs_y = -2},
    {.bitmap_index = 18057, .adv_w = 352, .box_w = 19, .box_h = 19, .ofs_x = 1, .ofs_y = -1},
    {.bitmap_index = 18103, .adv_w = 352, .box_w = 19, .box_h = 19, .ofs_x = 1, .ofs_y = -1},
    {.bitmap_index = 18149, .adv_w = 352, .box_w = 19, .box_h = 19, .ofs_x = 1, .ofs_y = -1},
    {.bitmap_index = 18195, .adv_w = 352, .box_w = 19, .box_h = 19, .ofs_x = 1, .ofs_y = -1},
    {.bitmap_index = 18241, .adv_w = 352, .box_w = 19, .box_h = 19, .ofs_x = 1, .ofs_y = -1},
    {.bitmap_index = 18287, .adv_w = 352, .box_w = 19, .box_h = 19, .ofs_x = 1, .ofs_y = -1},
    {.bitmap_index = 18333, .adv_w = 352, .box_w = 19, .box_h = 19, .ofs_x = 1, .ofs_y = -1},
    {.bitmap_index = 18379, .adv_w = 352, .box_w = 19, .box_h = 19, .ofs_x = 1, .ofs_y = -1},
    {.bitmap_index = 18425, .adv_w = 352, .box_w = 19, .box_h = 20, .ofs_x = 1, .ofs_y = -2},
    {.bitmap_index = 18473, .adv_w = 352, .box_w = 18, .box_h = 19, .ofs_x = 1, .ofs_y = -1},
    {.bitmap_index = 18516, .adv_w = 352, .box_w = 18, .box_h = 19, .ofs_x = 1, .ofs_y = -1},
    {.bitmap_index = 18559, .adv_w = 352, .box_w = 19, .box_h = 17, .ofs_x = 1, .ofs_y = 1},
    {.bitmap_index = 18600, .adv_w = 352, .box_w = 19, .box_h = 19, .ofs_x = 1, .ofs_y = -1},
    {.bitmap_index = 18646, .adv_w = 352, .box_w = 19, .box_h = 19, .ofs_x = 1, .ofs_y = -1},
    {.bitmap_index = 18692, .adv_w = 352, .box_w = 19, .box_h = 19, .ofs_x = 1, .ofs_y = -1},
    {.bitmap_index = 18738, .adv_w = 352, .box_w = 18, .box_h = 19, .ofs_x = 0, .ofs_y = -1},
    {.bitmap_index = 18781, .adv_w = 352, .box_w = 18, .box_h = 19, .ofs_x = 0, .ofs_y = -1},
    {.bitmap_index = 18824, .adv_w = 352, .box_w = 18, .box_h = 19, .ofs_x = 1, .ofs_y = -1},
    {.bitmap_index = 18867, .adv_w = 352, .box_w = 18, .box_h = 19, .ofs_x = 1, .ofs_y = -1},
    {.bitmap_index = 18910, .adv_w = 352, .box_w = 18, .box_h = 19, .ofs_x = 1, .ofs_y = -1},
    {.bitmap_index = 18953, .adv_w = 352, .box_w = 19, .box_h = 20, .ofs_x = 1, .ofs_y = -2},
    {.bitmap_index = 19001, .adv_w = 352, .box_w = 18, .box_h = 19, .ofs_x = 1, .ofs_y = -1},
    {.bitmap_index = 19044, .adv_w = 352, .box_w = 18, .box_h = 19, .ofs_x = 1, .ofs_y = -1},
    {.bitmap_index = 19087, .adv_w = 352, .box_w = 20, .box_h = 19, .ofs_x = 2, .ofs_y = -1},
    {.bitmap_index = 19135, .adv_w = 352, .box_w = 21, .box_h = 19, .ofs_x = 1, .ofs_y = -1},
    {.bitmap_index = 19185, .adv_w = 352, .box_w = 20, .box_h = 19, .ofs_x = 1, .ofs_y = -1},
    {.bitmap_index = 19233, .adv_w = 352, .box_w = 19, .box_h = 19, .ofs_x = 1, .ofs_y = -1},
    {.bitmap_index = 19279, .adv_w = 352, .box_w = 19, .box_h = 19, .ofs_x = 1, .ofs_y = -1},
    {.bitmap_index = 19325, .adv_w = 352, .box_w = 19, .box_h = 19, .ofs_x = 1, .ofs_y = -1},
    {.bitmap_index = 19371, .adv_w = 352, .box_w = 19, .box_h = 16, .ofs_x = 1, .ofs_y = 1},
    {.bitmap_index = 19409, .adv_w = 352, .box_w = 19, .box_h = 19, .ofs_x = 1, .ofs_y = -1},
    {.bitmap_index = 19455, .adv_w = 352, .box_w = 19, .box_h = 16, .ofs_x = 1, .ofs_y = 1},
    {.bitmap_index = 19493, .adv_w = 352, .box_w = 19, .box_h = 19, .ofs_x = 1, .ofs_y = -1},
    {.bitmap_index = 19539, .adv_w = 352, .box_w = 18, .box_h = 19, .ofs_x = 1, .ofs_y = -1},
    {.bitmap_index = 19582, .adv_w = 352, .box_w = 18, .box_h = 19, .ofs_x = 1, .ofs_y = -1},
    {.bitmap_index = 19625, .adv_w = 352, .box_w = 18, .box_h = 19, .ofs_x = 1, .ofs_y = -1},
    {.bitmap_index = 19668, .adv_w = 352, .box_w = 19, .box_h = 19, .ofs_x = 2, .ofs_y = -1},
    {.bitmap_index = 19714, .adv_w = 352, .box_w = 20, .box_h = 19, .ofs_x = 2, .ofs_y = -1},
    {.bitmap_index = 19762, .adv_w = 352, .box_w = 20, .box_h = 19, .ofs_x = 2, .ofs_y = -1},
    {.bitmap_index = 19810, .adv_w = 352, .box_w = 20, .box_h = 20, .ofs_x = 2, .ofs_y = -2},
    {.bitmap_index = 19860, .adv_w = 352, .box_w = 20, .box_h = 19, .ofs_x = 2, .ofs_y = -1},
    {.bitmap_index = 19908, .adv_w = 352, .box_w = 20, .box_h = 19, .ofs_x = 2, .ofs_y = -1},
    {.bitmap_index = 19956, .adv_w = 352, .box_w = 19, .box_h = 20, .ofs_x = 2, .ofs_y = -2},
    {.bitmap_index = 20004, .adv_w = 352, .box_w = 20, .box_h = 19, .ofs_x = 2, .ofs_y = -1},
    {.bitmap_index = 20052, .adv_w = 352, .box_w = 19, .box_h = 19, .ofs_x = 2, .ofs_y = -1},
    {.bitmap_index = 20098, .adv_w = 352, .box_w = 18, .box_h = 19, .ofs_x = 2, .ofs_y = -1},
    {.bitmap_index = 20141, .adv_w = 352, .box_w = 18, .box_h = 19, .ofs_x = 1, .ofs_y = -1},
    {.bitmap_index = 20184, .adv_w = 352, .box_w = 19, .box_h = 19, .ofs_x = 2, .ofs_y = -1},
    {.bitmap_index = 20230, .adv_w = 352, .box_w = 20, .box_h = 19, .ofs_x = 2, .ofs_y = -1},
    {.bitmap_index = 20278, .adv_w = 352, .box_w = 20, .box_h = 19, .ofs_x = 2, .ofs_y = -1},
    {.bitmap_index = 20326, .adv_w = 352, .box_w = 20, .box_h = 19, .ofs_x = 2, .ofs_y = -1},
    {.bitmap_index = 20374, .adv_w = 352, .box_w = 19, .box_h = 19, .ofs_x = 2, .ofs_y = -1},
    {.bitmap_index = 20420, .adv_w = 352, .box_w = 18, .box_h = 19, .ofs_x = 2, .ofs_y = -1},
    {.bitmap_index = 20463, .adv_w = 352, .box_w = 17, .box_h = 19, .ofs_x = 2, .ofs_y = -1},
    {.bitmap_index = 20504, .adv_w = 352, .box_w = 17, .box_h = 19, .ofs_x = 2, .ofs_y = -1},
    {.bitmap_index = 20545, .adv_w = 352, .box_w = 18, .box_h = 19, .ofs_x = 2, .ofs_y = -1},
    {.bitmap_index = 20588, .adv_w = 352, .box_w = 19, .box_h = 20, .ofs_x = 2, .ofs_y = -2},
    {.bitmap_index = 20636, .adv_w = 352, .box_w = 18, .box_h = 19, .ofs_x = 2, .ofs_y = -1},
    {.bitmap_index = 20679, .adv_w = 352, .box_w = 17, .box_h = 19, .ofs_x = 2, .ofs_y = -1},
    {.bitmap_index = 20720, .adv_w = 352, .box_w = 17, .box_h = 19, .ofs_x = 2, .ofs_y = -1},
    {.bitmap_index = 20761, .adv_w = 352, .box_w = 19, .box_h = 19, .ofs_x = 2, .ofs_y = -1},
    {.bitmap_index = 20807, .adv_w = 352, .box_w = 17, .box_h = 19, .ofs_x = 2, .ofs_y = -1},
    {.bitmap_index = 20848, .adv_w = 352, .box_w = 17, .box_h = 19, .ofs_x = 2, .ofs_y = -1},
    {.bitmap_index = 20889, .adv_w = 352, .box_w = 18, .box_h = 19, .ofs_x = 1, .ofs_y = -1},
    {.bitmap_index = 20932, .adv_w = 352, .box_w = 17, .box_h = 19, .ofs_x = 2, .ofs_y = -1},
    {.bitmap_index = 20973, .adv_w = 352, .box_w = 17, .box_h = 19, .ofs_x = 2, .ofs_y = -1},
    {.bitmap_index = 21014, .adv_w = 352, .box_w = 18, .box_h = 19, .ofs_x = 2, .ofs_y = -1},
    {.bitmap_index = 21057, .adv_w = 352, .box_w = 18, .box_h = 19, .ofs_x = 2, .ofs_y = -1},
    {.bitmap_index = 21100, .adv_w = 352, .box_w = 17, .box_h = 19, .ofs_x = 2, .ofs_y = -1},
    {.bitmap_index = 21141, .adv_w = 352, .box_w = 17, .box_h = 19, .ofs_x = 2, .ofs_y = -1},
    {.bitmap_index = 21182, .adv_w = 352, .box_w = 17, .box_h = 19, .ofs_x = 2, .ofs_y = -1},
    {.bitmap_index = 21223, .adv_w = 352, .box_w = 18, .box_h = 19, .ofs_x = 1, .ofs_y = -1},
    {.bitmap_index = 21266, .adv_w = 352, .box_w = 20, .box_h = 20, .ofs_x = 1, .ofs_y = -2},
    {.bitmap_index = 21316, .adv_w = 352, .box_w = 19, .box_h = 17, .ofs_x = 1, .ofs_y = 1},
    {.bitmap_index = 21357, .adv_w = 352, .box_w = 19, .box_h = 19, .ofs_x = 1, .ofs_y = -1},
    {.bitmap_index = 21403, .adv_w = 352, .box_w = 19, .box_h = 19, .ofs_x = 1, .ofs_y = -1},
    {.bitmap_index = 21449, .adv_w = 352, .box_w = 19, .box_h = 19, .ofs_x = 1, .ofs_y = -1},
    {.bitmap_index = 21495, .adv_w = 352, .box_w = 19, .box_h = 20, .ofs_x = 1, .ofs_y = -2},
    {.bitmap_index = 21543, .adv_w = 352, .box_w = 21, .box_h = 19, .ofs_x = 1, .ofs_y = -1},
    {.bitmap_index = 21593, .adv_w = 352, .box_w = 21, .box_h = 19, .ofs_x = 0, .ofs_y = -1},
    {.bitmap_index = 21643, .adv_w = 352, .box_w = 21, .box_h = 19, .ofs_x = 0, .ofs_y = -1},
    {.bitmap_index = 21693, .adv_w = 352, .box_w = 19, .box_h = 19, .ofs_x = 0, .ofs_y = -1},
    {.bitmap_index = 21739, .adv_w = 352, .box_w = 19, .box_h = 19, .ofs_x = 1, .ofs_y = -1},
    {.bitmap_index = 21785, .adv_w = 352, .box_w = 19, .box_h = 19, .ofs_x = 0, .ofs_y = -1},
    {.bitmap_index = 21831, .adv_w = 352, .box_w = 18, .box_h = 19, .ofs_x = 1, .ofs_y = -1},
    {.bitmap_index = 21874, .adv_w = 352, .box_w = 19, .box_h = 17, .ofs_x = 1, .ofs_y = 1},
    {.bitmap_index = 21915, .adv_w = 352, .box_w = 19, .box_h = 19, .ofs_x = 1, .ofs_y = -1},
    {.bitmap_index = 21961, .adv_w = 352, .box_w = 19, .box_h = 19, .ofs_x = 1, .ofs_y = -1},
    {.bitmap_index = 22007, .adv_w = 352, .box_w = 19, .box_h = 19, .ofs_x = 1, .ofs_y = -1},
    {.bitmap_index = 22053, .adv_w = 352, .box_w = 19, .box_h = 19, .ofs_x = 1, .ofs_y = -1},
    {.bitmap_index = 22099, .adv_w = 352, .box_w = 19, .box_h = 19, .ofs_x = 1, .ofs_y = -1},
    {.bitmap_index = 22145, .adv_w = 352, .box_w = 19, .box_h = 19, .ofs_x = 1, .ofs_y = -1},
    {.bitmap_index = 22191, .adv_w = 352, .box_w = 19, .box_h = 19, .ofs_x = 1, .ofs_y = -1},
    {.bitmap_index = 22237, .adv_w = 352, .box_w = 19, .box_h = 20, .ofs_x = 1, .ofs_y = -2},
    {.bitmap_index = 22285, .adv_w = 352, .box_w = 19, .box_h = 19, .ofs_x = 1, .ofs_y = -1},
    {.bitmap_index = 22331, .adv_w = 352, .box_w = 17, .box_h = 19, .ofs_x = 2, .ofs_y = -1},
    {.bitmap_index = 22372, .adv_w = 352, .box_w = 18, .box_h = 19, .ofs_x = 1, .ofs_y = -1},
    {.bitmap_index = 22415, .adv_w = 352, .box_w = 19, .box_h = 19, .ofs_x = 1, .ofs_y = -1},
    {.bitmap_index = 22461, .adv_w = 352, .box_w = 18, .box_h = 19, .ofs_x = 1, .ofs_y = -1},
    {.bitmap_index = 22504, .adv_w = 352, .box_w = 19, .box_h = 19, .ofs_x = 0, .ofs_y = -1},
    {.bitmap_index = 22550, .adv_w = 352, .box_w = 19, .box_h = 19, .ofs_x = 1, .ofs_y = -1},
    {.bitmap_index = 22596, .adv_w = 352, .box_w = 19, .box_h = 19, .ofs_x = 1, .ofs_y = -1},
    {.bitmap_index = 22642, .adv_w = 352, .box_w = 19, .box_h = 19, .ofs_x = 1, .ofs_y = -1},
    {.bitmap_index = 22688, .adv_w = 352, .box_w = 19, .box_h = 17, .ofs_x = 1, .ofs_y = 1},
    {.bitmap_index = 22729, .adv_w = 352, .box_w = 19, .box_h = 19, .ofs_x = 1, .ofs_y = -1},
    {.bitmap_index = 22775, .adv_w = 352, .box_w = 19, .box_h = 19, .ofs_x = 1, .ofs_y = -1},
    {.bitmap_index = 22821, .adv_w = 352, .box_w = 19, .box_h = 19, .ofs_x = 1, .ofs_y = -1},
    {.bitmap_index = 22867, .adv_w = 352, .box_w = 19, .box_h = 19, .ofs_x = 1, .ofs_y = -1},
    {.bitmap_index = 22913, .adv_w = 352, .box_w = 19, .box_h = 19, .ofs_x = 1, .ofs_y = -1},
    {.bitmap_index = 22959, .adv_w = 352, .box_w = 18, .box_h = 19, .ofs_x = 1, .ofs_y = -1},
    {.bitmap_index = 23002, .adv_w = 352, .box_w = 17, .box_h = 19, .ofs_x = 2, .ofs_y = -1},
    {.bitmap_index = 23043, .adv_w = 352, .box_w = 17, .box_h = 19, .ofs_x = 2, .ofs_y = -1},
    {.bitmap_index = 23084, .adv_w = 352, .box_w = 17, .box_h = 19, .ofs_x = 2, .ofs_y = -1},
    {.bitmap_index = 23125, .adv_w = 352, .box_w = 17, .box_h = 19, .ofs_x = 2, .ofs_y = -1},
    {.bitmap_index = 23166, .adv_w = 352, .box_w = 18, .box_h = 20, .ofs_x = 2, .ofs_y = -2},
    {.bitmap_index = 23211, .adv_w = 352, .box_w = 17, .box_h = 19, .ofs_x = 2, .ofs_y = -1},
    {.bitmap_index = 23252, .adv_w = 352, .box_w = 17, .box_h = 19, .ofs_x = 2, .ofs_y = -1},
    {.bitmap_index = 23293, .adv_w = 352, .box_w = 18, .box_h = 21, .ofs_x = 2, .ofs_y = -3},
    {.bitmap_index = 23341, .adv_w = 352, .box_w = 19, .box_h = 20, .ofs_x = 2, .ofs_y = -2},
    {.bitmap_index = 23389, .adv_w = 352, .box_w = 18, .box_h = 19, .ofs_x = 2, .ofs_y = -1},
    {.bitmap_index = 23432, .adv_w = 352, .box_w = 21, .box_h = 19, .ofs_x = 1, .ofs_y = -1},
    {.bitmap_index = 23482, .adv_w = 352, .box_w = 20, .box_h = 19, .ofs_x = 1, .ofs_y = -1},
    {.bitmap_index = 23530, .adv_w = 352, .box_w = 20, .box_h = 19, .ofs_x = 1, .ofs_y = -1},
    {.bitmap_index = 23578, .adv_w = 352, .box_w = 20, .box_h = 19, .ofs_x = 1, .ofs_y = -1},
    {.bitmap_index = 23626, .adv_w = 352, .box_w = 20, .box_h = 19, .ofs_x = 1, .ofs_y = -1},
    {.bitmap_index = 23674, .adv_w = 352, .box_w = 20, .box_h = 19, .ofs_x = 1, .ofs_y = -1},
    {.bitmap_index = 23722, .adv_w = 352, .box_w = 20, .box_h = 19, .ofs_x = 1, .ofs_y = -1},
    {.bitmap_index = 23770, .adv_w = 352, .box_w = 19, .box_h = 19, .ofs_x = 1, .ofs_y = -1},
    {.bitmap_index = 23816, .adv_w = 352, .box_w = 18, .box_h = 19, .ofs_x = 1, .ofs_y = -1},
    {.bitmap_index = 23859, .adv_w = 352, .box_w = 19, .box_h = 19, .ofs_x = 1, .ofs_y = -1},
    {.bitmap_index = 23905, .adv_w = 352, .box_w = 18, .box_h = 19, .ofs_x = 1, .ofs_y = -1},
    {.bitmap_index = 23948, .adv_w = 352, .box_w = 18, .box_h = 19, .ofs_x = 1, .ofs_y = -1},
    {.bitmap_index = 23991, .adv_w = 352, .box_w = 19, .box_h = 19, .ofs_x = 1, .ofs_y = -1},
    {.bitmap_index = 24037, .adv_w = 352, .box_w = 18, .box_h = 19, .ofs_x = 1, .ofs_y = -1},
    {.bitmap_index = 24080, .adv_w = 352, .box_w = 18, .box_h = 19, .ofs_x = 1, .ofs_y = -1},
    {.bitmap_index = 24123, .adv_w = 352, .box_w = 18, .box_h = 19, .ofs_x = 1, .ofs_y = -1},
    {.bitmap_index = 24166, .adv_w = 352, .box_w = 19, .box_h = 21, .ofs_x = 1, .ofs_y = -3},
    {.bitmap_index = 24216, .adv_w = 352, .box_w = 18, .box_h = 19, .ofs_x = 1, .ofs_y = -1},
    {.bitmap_index = 24259, .adv_w = 352, .box_w = 20, .box_h = 20, .ofs_x = 1, .ofs_y = -2},
    {.bitmap_index = 24309, .adv_w = 352, .box_w = 19, .box_h = 19, .ofs_x = 1, .ofs_y = -1},
    {.bitmap_index = 24355, .adv_w = 352, .box_w = 19, .box_h = 19, .ofs_x = 1, .ofs_y = -1},
    {.bitmap_index = 24401, .adv_w = 352, .box_w = 19, .box_h = 19, .ofs_x = 1, .ofs_y = -1},
    {.bitmap_index = 24447, .adv_w = 352, .box_w = 19, .box_h = 16, .ofs_x = 1, .ofs_y = 1},
    {.bitmap_index = 24485, .adv_w = 352, .box_w = 19, .box_h = 19, .ofs_x = 1, .ofs_y = -1},
    {.bitmap_index = 24531, .adv_w = 352, .box_w = 19, .box_h = 19, .ofs_x = 1, .ofs_y = -1},
    {.bitmap_index = 24577, .adv_w = 352, .box_w = 19, .box_h = 19, .ofs_x = 1, .ofs_y = -1},
    {.bitmap_index = 24623, .adv_w = 352, .box_w = 19, .box_h = 19, .ofs_x = 1, .ofs_y = -1},
    {.bitmap_index = 24669, .adv_w = 352, .box_w = 19, .box_h = 19, .ofs_x = 1, .ofs_y = -1},
    {.bitmap_index = 24715, .adv_w = 352, .box_w = 19, .box_h = 20, .ofs_x = 1, .ofs_y = -2},
    {.bitmap_index = 24763, .adv_w = 352, .box_w = 21, .box_h = 19, .ofs_x = 1, .ofs_y = -1},
    {.bitmap_index = 24813, .adv_w = 352, .box_w = 19, .box_h = 19, .ofs_x = 0, .ofs_y = -1},
    {.bitmap_index = 24859, .adv_w = 352, .box_w = 19, .box_h = 19, .ofs_x = 1, .ofs_y = -1},
    {.bitmap_index = 24905, .adv_w = 352, .box_w = 19, .box_h = 19, .ofs_x = 1, .ofs_y = -1},
    {.bitmap_index = 24951, .adv_w = 352, .box_w = 19, .box_h = 19, .ofs_x = 1, .ofs_y = -1},
    {.bitmap_index = 24997, .adv_w = 352, .box_w = 19, .box_h = 19, .ofs_x = 1, .ofs_y = -1},
    {.bitmap_index = 25043, .adv_w = 352, .box_w = 19, .box_h = 19, .ofs_x = 1, .ofs_y = -1},
    {.bitmap_index = 25089, .adv_w = 352, .box_w = 19, .box_h = 19, .ofs_x = 1, .ofs_y = -1},
    {.bitmap_index = 25135, .adv_w = 352, .box_w = 19, .box_h = 19, .ofs_x = 1, .ofs_y = -1},
    {.bitmap_index = 25181, .adv_w = 352, .box_w = 18, .box_h = 19, .ofs_x = 1, .ofs_y = -1},
    {.bitmap_index = 25224, .adv_w = 352, .box_w = 19, .box_h = 16, .ofs_x = 1, .ofs_y = 1},
    {.bitmap_index = 25262, .adv_w = 352, .box_w = 19, .box_h = 19, .ofs_x = 1, .ofs_y = -1},
    {.bitmap_index = 25308, .adv_w = 352, .box_w = 19, .box_h = 19, .ofs_x = 1, .ofs_y = -1},
    {.bitmap_index = 25354, .adv_w = 352, .box_w = 19, .box_h = 19, .ofs_x = 1, .ofs_y = -1},
    {.bitmap_index = 25400, .adv_w = 352, .box_w = 18, .box_h = 19, .ofs_x = 1, .ofs_y = -1},
    {.bitmap_index = 25443, .adv_w = 352, .box_w = 18, .box_h = 19, .ofs_x = 1, .ofs_y = -1},
    {.bitmap_index = 25486, .adv_w = 352, .box_w = 18, .box_h = 19, .ofs_x = 1, .ofs_y = -1},
    {.bitmap_index = 25529, .adv_w = 352, .box_w = 18, .box_h = 19, .ofs_x = 1, .ofs_y = -1},
    {.bitmap_index = 25572, .adv_w = 352, .box_w = 18, .box_h = 19, .ofs_x = 1, .ofs_y = -1},
    {.bitmap_index = 25615, .adv_w = 352, .box_w = 18, .box_h = 19, .ofs_x = 1, .ofs_y = -1},
    {.bitmap_index = 25658, .adv_w = 352, .box_w = 19, .box_h = 21, .ofs_x = 1, .ofs_y = -3},
    {.bitmap_index = 25708, .adv_w = 352, .box_w = 18, .box_h = 19, .ofs_x = 1, .ofs_y = -1},
    {.bitmap_index = 25751, .adv_w = 352, .box_w = 18, .box_h = 19, .ofs_x = 1, .ofs_y = -1},
    {.bitmap_index = 25794, .adv_w = 352, .box_w = 19, .box_h = 19, .ofs_x = 1, .ofs_y = -1},
    {.bitmap_index = 25840, .adv_w = 352, .box_w = 21, .box_h = 19, .ofs_x = 0, .ofs_y = -1},
    {.bitmap_index = 25890, .adv_w = 352, .box_w = 21, .box_h = 19, .ofs_x = 1, .ofs_y = -1},
    {.bitmap_index = 25940, .adv_w = 352, .box_w = 19, .box_h = 19, .ofs_x = 0, .ofs_y = -1},
    {.bitmap_index = 25986, .adv_w = 352, .box_w = 20, .box_h = 20, .ofs_x = 1, .ofs_y = -2},
    {.bitmap_index = 26036, .adv_w = 352, .box_w = 18, .box_h = 19, .ofs_x = 1, .ofs_y = -1},
    {.bitmap_index = 26079, .adv_w = 352, .box_w = 19, .box_h = 19, .ofs_x = 1, .ofs_y = -1},
    {.bitmap_index = 26125, .adv_w = 352, .box_w = 19, .box_h = 20, .ofs_x = 1, .ofs_y = -2},
    {.bitmap_index = 26173, .adv_w = 352, .box_w = 19, .box_h = 19, .ofs_x = 1, .ofs_y = -1},
    {.bitmap_index = 26219, .adv_w = 352, .box_w = 18, .box_h = 19, .ofs_x = 1, .ofs_y = -1},
    {.bitmap_index = 26262, .adv_w = 352, .box_w = 20, .box_h = 19, .ofs_x = 1, .ofs_y = -1},
    {.bitmap_index = 26310, .adv_w = 352, .box_w = 21, .box_h = 20, .ofs_x = 1, .ofs_y = -1},
    {.bitmap_index = 26363, .adv_w = 352, .box_w = 21, .box_h = 19, .ofs_x = 1, .ofs_y = -1},
    {.bitmap_index = 26413, .adv_w = 352, .box_w = 21, .box_h = 20, .ofs_x = 1, .ofs_y = -1},
    {.bitmap_index = 26466, .adv_w = 352, .box_w = 21, .box_h = 20, .ofs_x = 1, .ofs_y = -1},
    {.bitmap_index = 26519, .adv_w = 352, .box_w = 21, .box_h = 20, .ofs_x = 1, .ofs_y = -1},
    {.bitmap_index = 26572, .adv_w = 352, .box_w = 21, .box_h = 21, .ofs_x = 1, .ofs_y = -2},
    {.bitmap_index = 26628, .adv_w = 352, .box_w = 19, .box_h = 19, .ofs_x = 1, .ofs_y = -1},
    {.bitmap_index = 26674, .adv_w = 352, .box_w = 19, .box_h = 19, .ofs_x = 0, .ofs_y = -1},
    {.bitmap_index = 26720, .adv_w = 352, .box_w = 19, .box_h = 19, .ofs_x = 0, .ofs_y = -1},
    {.bitmap_index = 26766, .adv_w = 352, .box_w = 18, .box_h = 19, .ofs_x = 1, .ofs_y = -1},
    {.bitmap_index = 26809, .adv_w = 352, .box_w = 18, .box_h = 20, .ofs_x = 1, .ofs_y = -1},
    {.bitmap_index = 26854, .adv_w = 352, .box_w = 19, .box_h = 19, .ofs_x = 1, .ofs_y = -1},
    {.bitmap_index = 26900, .adv_w = 352, .box_w = 19, .box_h = 20, .ofs_x = 1, .ofs_y = -1},
    {.bitmap_index = 26948, .adv_w = 352, .box_w = 19, .box_h = 21, .ofs_x = 1, .ofs_y = -3},
    {.bitmap_index = 26998, .adv_w = 352, .box_w = 18, .box_h = 21, .ofs_x = 1, .ofs_y = -1},
    {.bitmap_index = 27046, .adv_w = 352, .box_w = 19, .box_h = 19, .ofs_x = 1, .ofs_y = -1},
    {.bitmap_index = 27092, .adv_w = 352, .box_w = 18, .box_h = 19, .ofs_x = 1, .ofs_y = -1},
    {.bitmap_index = 27135, .adv_w = 352, .box_w = 19, .box_h = 17, .ofs_x = 1, .ofs_y = 1},
    {.bitmap_index = 27176, .adv_w = 352, .box_w = 19, .box_h = 20, .ofs_x = 1, .ofs_y = -1},
    {.bitmap_index = 27224, .adv_w = 352, .box_w = 19, .box_h = 20, .ofs_x = 1, .ofs_y = -1},
    {.bitmap_index = 27272, .adv_w = 352, .box_w = 19, .box_h = 20, .ofs_x = 1, .ofs_y = -1},
    {.bitmap_index = 27320, .adv_w = 352, .box_w = 20, .box_h = 20, .ofs_x = 1, .ofs_y = -1},
    {.bitmap_index = 27370, .adv_w = 352, .box_w = 18, .box_h = 19, .ofs_x = 1, .ofs_y = -1},
    {.bitmap_index = 27413, .adv_w = 352, .box_w = 19, .box_h = 20, .ofs_x = 1, .ofs_y = -1},
    {.bitmap_index = 27461, .adv_w = 352, .box_w = 19, .box_h = 20, .ofs_x = 1, .ofs_y = -1},
    {.bitmap_index = 27509, .adv_w = 352, .box_w = 19, .box_h = 20, .ofs_x = 1, .ofs_y = -1},
    {.bitmap_index = 27557, .adv_w = 352, .box_w = 19, .box_h = 20, .ofs_x = 1, .ofs_y = -1},
    {.bitmap_index = 27605, .adv_w = 352, .box_w = 19, .box_h = 19, .ofs_x = 1, .ofs_y = -1},
    {.bitmap_index = 27651, .adv_w = 352, .box_w = 19, .box_h = 20, .ofs_x = 1, .ofs_y = -1},
    {.bitmap_index = 27699, .adv_w = 352, .box_w = 19, .box_h = 21, .ofs_x = 1, .ofs_y = -2},
    {.bitmap_index = 27749, .adv_w = 352, .box_w = 19, .box_h = 20, .ofs_x = 1, .ofs_y = -1},
    {.bitmap_index = 27797, .adv_w = 352, .box_w = 18, .box_h = 21, .ofs_x = 1, .ofs_y = -1},
    {.bitmap_index = 27845, .adv_w = 352, .box_w = 19, .box_h = 17, .ofs_x = 1, .ofs_y = 1},
    {.bitmap_index = 27886, .adv_w = 352, .box_w = 19, .box_h = 20, .ofs_x = 1, .ofs_y = -1},
    {.bitmap_index = 27934, .adv_w = 352, .box_w = 19, .box_h = 20, .ofs_x = 1, .ofs_y = -1},
    {.bitmap_index = 27982, .adv_w = 352, .box_w = 18, .box_h = 19, .ofs_x = 1, .ofs_y = -1},
    {.bitmap_index = 28025, .adv_w = 352, .box_w = 18, .box_h = 20, .ofs_x = 1, .ofs_y = -1},
    {.bitmap_index = 28070, .adv_w = 352, .box_w = 18, .box_h = 19, .ofs_x = 1, .ofs_y = -1},
    {.bitmap_index = 28113, .adv_w = 352, .box_w = 18, .box_h = 20, .ofs_x = 1, .ofs_y = -1},
    {.bitmap_index = 28158, .adv_w = 352, .box_w = 18, .box_h = 20, .ofs_x = 1, .ofs_y = -1},
    {.bitmap_index = 28203, .adv_w = 352, .box_w = 18, .box_h = 21, .ofs_x = 1, .ofs_y = -1},
    {.bitmap_index = 28251, .adv_w = 352, .box_w = 20, .box_h = 19, .ofs_x = 1, .ofs_y = -1},
    {.bitmap_index = 28299, .adv_w = 352, .box_w = 20, .box_h = 19, .ofs_x = 1, .ofs_y = -1},
    {.bitmap_index = 28347, .adv_w = 352, .box_w = 18, .box_h = 19, .ofs_x = 2, .ofs_y = -1},
    {.bitmap_index = 28390, .adv_w = 352, .box_w = 18, .box_h = 19, .ofs_x = 2, .ofs_y = -1},
    {.bitmap_index = 28433, .adv_w = 352, .box_w = 18, .box_h = 19, .ofs_x = 1, .ofs_y = -1},
    {.bitmap_index = 28476, .adv_w = 352, .box_w = 18, .box_h = 19, .ofs_x = 1, .ofs_y = -1},
    {.bitmap_index = 28519, .adv_w = 352, .box_w = 19, .box_h = 16, .ofs_x = 1, .ofs_y = 1},
    {.bitmap_index = 28557, .adv_w = 352, .box_w = 19, .box_h = 19, .ofs_x = 1, .ofs_y = -1},
    {.bitmap_index = 28603, .adv_w = 352, .box_w = 19, .box_h = 19, .ofs_x = 1, .ofs_y = -1},
    {.bitmap_index = 28649, .adv_w = 352, .box_w = 19, .box_h = 16, .ofs_x = 1, .ofs_y = 1},
    {.bitmap_index = 28687, .adv_w = 352, .box_w = 19, .box_h = 19, .ofs_x = 1, .ofs_y = -1},
    {.bitmap_index = 28733, .adv_w = 352, .box_w = 19, .box_h = 19, .ofs_x = 1, .ofs_y = -1},
    {.bitmap_index = 28779, .adv_w = 352, .box_w = 19, .box_h = 19, .ofs_x = 1, .ofs_y = -1},
    {.bitmap_index = 28825, .adv_w = 352, .box_w = 17, .box_h = 19, .ofs_x = 2, .ofs_y = -1},
    {.bitmap_index = 28866, .adv_w = 352, .box_w = 17, .box_h = 19, .ofs_x = 2, .ofs_y = -1},
    {.bitmap_index = 28907, .adv_w = 352, .box_w = 19, .box_h = 19, .ofs_x = 2, .ofs_y = -1},
    {.bitmap_index = 28953, .adv_w = 352, .box_w = 19, .box_h = 19, .ofs_x = 2, .ofs_y = -1},
    {.bitmap_index = 28999, .adv_w = 352, .box_w = 19, .box_h = 19, .ofs_x = 2, .ofs_y = -1},
    {.bitmap_index = 29045, .adv_w = 352, .box_w = 19, .box_h = 21, .ofs_x = 2, .ofs_y = -3},
    {.bitmap_index = 29095, .adv_w = 352, .box_w = 19, .box_h = 19, .ofs_x = 2, .ofs_y = -1},
    {.bitmap_index = 29141, .adv_w = 352, .box_w = 18, .box_h = 19, .ofs_x = 2, .ofs_y = -1},
    {.bitmap_index = 29184, .adv_w = 352, .box_w = 18, .box_h = 19, .ofs_x = 2, .ofs_y = -1},
    {.bitmap_index = 29227, .adv_w = 352, .box_w = 18, .box_h = 19, .ofs_x = 2, .ofs_y = -1},
    {.bitmap_index = 29270, .adv_w = 352, .box_w = 17, .box_h = 19, .ofs_x = 2, .ofs_y = -1},
    {.bitmap_index = 29311, .adv_w = 352, .box_w = 17, .box_h = 19, .ofs_x = 2, .ofs_y = -1},
    {.bitmap_index = 29352, .adv_w = 352, .box_w = 18, .box_h = 19, .ofs_x = 2, .ofs_y = -1},
    {.bitmap_index = 29395, .adv_w = 352, .box_w = 18, .box_h = 19, .ofs_x = 2, .ofs_y = -1},
    {.bitmap_index = 29438, .adv_w = 352, .box_w = 17, .box_h = 19, .ofs_x = 2, .ofs_y = -1},
    {.bitmap_index = 29479, .adv_w = 352, .box_w = 18, .box_h = 19, .ofs_x = 2, .ofs_y = -1},
    {.bitmap_index = 29522, .adv_w = 352, .box_w = 18, .box_h = 19, .ofs_x = 2, .ofs_y = -1},
    {.bitmap_index = 29565, .adv_w = 352, .box_w = 18, .box_h = 19, .ofs_x = 2, .ofs_y = -1},
    {.bitmap_index = 29608, .adv_w = 352, .box_w = 19, .box_h = 16, .ofs_x = 1, .ofs_y = 1},
    {.bitmap_index = 29646, .adv_w = 352, .box_w = 19, .box_h = 19, .ofs_x = 1, .ofs_y = -1},
    {.bitmap_index = 29692, .adv_w = 352, .box_w = 19, .box_h = 19, .ofs_x = 1, .ofs_y = -1},
    {.bitmap_index = 29738, .adv_w = 352, .box_w = 19, .box_h = 19, .ofs_x = 1, .ofs_y = -1},
    {.bitmap_index = 29784, .adv_w = 352, .box_w = 19, .box_h = 16, .ofs_x = 1, .ofs_y = 1},
    {.bitmap_index = 29822, .adv_w = 352, .box_w = 19, .box_h = 19, .ofs_x = 1, .ofs_y = -1},
    {.bitmap_index = 29868, .adv_w = 352, .box_w = 19, .box_h = 19, .ofs_x = 1, .ofs_y = -1},
    {.bitmap_index = 29914, .adv_w = 352, .box_w = 19, .box_h = 19, .ofs_x = 1, .ofs_y = -1},
    {.bitmap_index = 29960, .adv_w = 352, .box_w = 19, .box_h = 19, .ofs_x = 1, .ofs_y = -1},
    {.bitmap_index = 30006, .adv_w = 352, .box_w = 19, .box_h = 19, .ofs_x = 1, .ofs_y = -1},
    {.bitmap_index = 30052, .adv_w = 352, .box_w = 16, .box_h = 19, .ofs_x = 2, .ofs_y = -1},
    {.bitmap_index = 30090, .adv_w = 352, .box_w = 16, .box_h = 19, .ofs_x = 3, .ofs_y = -1},
    {.bitmap_index = 30128, .adv_w = 352, .box_w = 20, .box_h = 19, .ofs_x = 1, .ofs_y = -1},
    {.bitmap_index = 30176, .adv_w = 352, .box_w = 20, .box_h = 19, .ofs_x = 1, .ofs_y = -1},
    {.bitmap_index = 30224, .adv_w = 352, .box_w = 20, .box_h = 19, .ofs_x = 1, .ofs_y = -1},
    {.bitmap_index = 30272, .adv_w = 352, .box_w = 19, .box_h = 19, .ofs_x = 1, .ofs_y = -1},
    {.bitmap_index = 30318, .adv_w = 352, .box_w = 19, .box_h = 19, .ofs_x = 0, .ofs_y = -1},
    {.bitmap_index = 30364, .adv_w = 352, .box_w = 18, .box_h = 19, .ofs_x = 1, .ofs_y = -1},
    {.bitmap_index = 30407, .adv_w = 352, .box_w = 19, .box_h = 19, .ofs_x = 0, .ofs_y = -1},
    {.bitmap_index = 30453, .adv_w = 352, .box_w = 18, .box_h = 19, .ofs_x = 2, .ofs_y = -1},
    {.bitmap_index = 30496, .adv_w = 352, .box_w = 19, .box_h = 19, .ofs_x = 1, .ofs_y = -1},
    {.bitmap_index = 30542, .adv_w = 352, .box_w = 19, .box_h = 19, .ofs_x = 1, .ofs_y = -1},
    {.bitmap_index = 30588, .adv_w = 352, .box_w = 18, .box_h = 19, .ofs_x = 1, .ofs_y = -1},
    {.bitmap_index = 30631, .adv_w = 352, .box_w = 19, .box_h = 16, .ofs_x = 1, .ofs_y = 1},
    {.bitmap_index = 30669, .adv_w = 352, .box_w = 19, .box_h = 19, .ofs_x = 1, .ofs_y = -1},
    {.bitmap_index = 30715, .adv_w = 352, .box_w = 19, .box_h = 16, .ofs_x = 1, .ofs_y = 1},
    {.bitmap_index = 30753, .adv_w = 352, .box_w = 19, .box_h = 19, .ofs_x = 1, .ofs_y = -1},
    {.bitmap_index = 30799, .adv_w = 352, .box_w = 19, .box_h = 19, .ofs_x = 1, .ofs_y = -1},
    {.bitmap_index = 30845, .adv_w = 352, .box_w = 19, .box_h = 19, .ofs_x = 1, .ofs_y = -1},
    {.bitmap_index = 30891, .adv_w = 352, .box_w = 19, .box_h = 19, .ofs_x = 1, .ofs_y = -1},
    {.bitmap_index = 30937, .adv_w = 352, .box_w = 19, .box_h = 16, .ofs_x = 1, .ofs_y = 1},
    {.bitmap_index = 30975, .adv_w = 352, .box_w = 19, .box_h = 19, .ofs_x = 1, .ofs_y = -1},
    {.bitmap_index = 31021, .adv_w = 352, .box_w = 19, .box_h = 19, .ofs_x = 1, .ofs_y = -1},
    {.bitmap_index = 31067, .adv_w = 352, .box_w = 18, .box_h = 19, .ofs_x = 1, .ofs_y = -1},
    {.bitmap_index = 31110, .adv_w = 352, .box_w = 18, .box_h = 19, .ofs_x = 1, .ofs_y = -1},
    {.bitmap_index = 31153, .adv_w = 352, .box_w = 17, .box_h = 19, .ofs_x = 2, .ofs_y = -1},
    {.bitmap_index = 31194, .adv_w = 352, .box_w = 18, .box_h = 20, .ofs_x = 2, .ofs_y = -2},
    {.bitmap_index = 31239, .adv_w = 352, .box_w = 20, .box_h = 19, .ofs_x = 1, .ofs_y = -1},
    {.bitmap_index = 31287, .adv_w = 352, .box_w = 20, .box_h = 20, .ofs_x = 1, .ofs_y = -1},
    {.bitmap_index = 31337, .adv_w = 352, .box_w = 20, .box_h = 20, .ofs_x = 1, .ofs_y = -1},
    {.bitmap_index = 31387, .adv_w = 352, .box_w = 20, .box_h = 20, .ofs_x = 1, .ofs_y = -1},
    {.bitmap_index = 31437, .adv_w = 352, .box_w = 20, .box_h = 20, .ofs_x = 1, .ofs_y = -1},
    {.bitmap_index = 31487, .adv_w = 352, .box_w = 20, .box_h = 20, .ofs_x = 1, .ofs_y = -1},
    {.bitmap_index = 31537, .adv_w = 352, .box_w = 18, .box_h = 19, .ofs_x = 1, .ofs_y = -1},
    {.bitmap_index = 31580, .adv_w = 352, .box_w = 18, .box_h = 20, .ofs_x = 1, .ofs_y = -1},
    {.bitmap_index = 31625, .adv_w = 352, .box_w = 19, .box_h = 21, .ofs_x = 1, .ofs_y = -3},
    {.bitmap_index = 31675, .adv_w = 352, .box_w = 18, .box_h = 20, .ofs_x = 1, .ofs_y = -1},
    {.bitmap_index = 31720, .adv_w = 352, .box_w = 20, .box_h = 20, .ofs_x = 1, .ofs_y = -1},
    {.bitmap_index = 31770, .adv_w = 352, .box_w = 18, .box_h = 19, .ofs_x = 1, .ofs_y = -1},
    {.bitmap_index = 31813, .adv_w = 352, .box_w = 18, .box_h = 20, .ofs_x = 1, .ofs_y = -1},
    {.bitmap_index = 31858, .adv_w = 352, .box_w = 18, .box_h = 19, .ofs_x = 1, .ofs_y = -1},
    {.bitmap_index = 31901, .adv_w = 352, .box_w = 18, .box_h = 19, .ofs_x = 1, .ofs_y = -1},
    {.bitmap_index = 31944, .adv_w = 352, .box_w = 19, .box_h = 20, .ofs_x = 1, .ofs_y = -1},
    {.bitmap_index = 31992, .adv_w = 352, .box_w = 18, .box_h = 20, .ofs_x = 1, .ofs_y = -1},
    {.bitmap_index = 32037, .adv_w = 352, .box_w = 18, .box_h = 20, .ofs_x = 1, .ofs_y = -1},
    {.bitmap_index = 32082, .adv_w = 352, .box_w = 19, .box_h = 19, .ofs_x = 1, .ofs_y = -1},
    {.bitmap_index = 32128, .adv_w = 352, .box_w = 19, .box_h = 17, .ofs_x = 1, .ofs_y = 1},
    {.bitmap_index = 32169, .adv_w = 352, .box_w = 19, .box_h = 21, .ofs_x = 1, .ofs_y = -1},
    {.bitmap_index = 32219, .adv_w = 352, .box_w = 19, .box_h = 21, .ofs_x = 1, .ofs_y = -1},
    {.bitmap_index = 32269, .adv_w = 352, .box_w = 19, .box_h = 21, .ofs_x = 1, .ofs_y = -1},
    {.bitmap_index = 32319, .adv_w = 352, .box_w = 19, .box_h = 21, .ofs_x = 1, .ofs_y = -1},
    {.bitmap_index = 32369, .adv_w = 352, .box_w = 21, .box_h = 21, .ofs_x = 0, .ofs_y = -1},
    {.bitmap_index = 32425, .adv_w = 352, .box_w = 20, .box_h = 20, .ofs_x = 1, .ofs_y = -1},
    {.bitmap_index = 32475, .adv_w = 352, .box_w = 20, .box_h = 20, .ofs_x = 1, .ofs_y = -1},
    {.bitmap_index = 32525, .adv_w = 352, .box_w = 20, .box_h = 21, .ofs_x = 1, .ofs_y = -1},
    {.bitmap_index = 32578, .adv_w = 352, .box_w = 20, .box_h = 20, .ofs_x = 1, .ofs_y = -1},
    {.bitmap_index = 32628, .adv_w = 352, .box_w = 19, .box_h = 21, .ofs_x = 1, .ofs_y = -1},
    {.bitmap_index = 32678, .adv_w = 352, .box_w = 18, .box_h = 20, .ofs_x = 1, .ofs_y = -1},
    {.bitmap_index = 32723, .adv_w = 352, .box_w = 19, .box_h = 17, .ofs_x = 1, .ofs_y = 1},
    {.bitmap_index = 32764, .adv_w = 352, .box_w = 19, .box_h = 20, .ofs_x = 1, .ofs_y = -1},
    {.bitmap_index = 32812, .adv_w = 352, .box_w = 19, .box_h = 21, .ofs_x = 1, .ofs_y = -1},
    {.bitmap_index = 32862, .adv_w = 352, .box_w = 19, .box_h = 21, .ofs_x = 1, .ofs_y = -1},
    {.bitmap_index = 32912, .adv_w = 352, .box_w = 18, .box_h = 21, .ofs_x = 1, .ofs_y = -1},
    {.bitmap_index = 32960, .adv_w = 352, .box_w = 18, .box_h = 21, .ofs_x = 1, .ofs_y = -1},
    {.bitmap_index = 33008, .adv_w = 352, .box_w = 19, .box_h = 20, .ofs_x = 1, .ofs_y = -1},
    {.bitmap_index = 33056, .adv_w = 352, .box_w = 19, .box_h = 21, .ofs_x = 1, .ofs_y = -1},
    {.bitmap_index = 33106, .adv_w = 352, .box_w = 19, .box_h = 17, .ofs_x = 1, .ofs_y = 1},
    {.bitmap_index = 33147, .adv_w = 352, .box_w = 19, .box_h = 20, .ofs_x = 1, .ofs_y = -1},
    {.bitmap_index = 33195, .adv_w = 352, .box_w = 19, .box_h = 21, .ofs_x = 1, .ofs_y = -1},
    {.bitmap_index = 33245, .adv_w = 352, .box_w = 19, .box_h = 21, .ofs_x = 1, .ofs_y = -1},
    {.bitmap_index = 33295, .adv_w = 352, .box_w = 19, .box_h = 21, .ofs_x = 1, .ofs_y = -1},
    {.bitmap_index = 33345, .adv_w = 352, .box_w = 19, .box_h = 21, .ofs_x = 1, .ofs_y = -1},
    {.bitmap_index = 33395, .adv_w = 352, .box_w = 19, .box_h = 21, .ofs_x = 1, .ofs_y = -1},
    {.bitmap_index = 33445, .adv_w = 352, .box_w = 19, .box_h = 21, .ofs_x = 1, .ofs_y = -1},
    {.bitmap_index = 33495, .adv_w = 352, .box_w = 18, .box_h = 20, .ofs_x = 1, .ofs_y = -1},
    {.bitmap_index = 33540, .adv_w = 352, .box_w = 18, .box_h = 19, .ofs_x = 1, .ofs_y = -1},
    {.bitmap_index = 33583, .adv_w = 352, .box_w = 17, .box_h = 20, .ofs_x = 2, .ofs_y = -1}
};

/*---------------------
 *  CHARACTER MAPPING
 *--------------------*/

static const uint16_t unicode_list_1[] = {
    0x0, 0x1, 0x4, 0x8, 0x10, 0x11, 0x15, 0x16,
    0x1a, 0x1b, 0x1c, 0x1d, 0x40, 0x54, 0x70, 0x71,
    0x74, 0x78, 0x80, 0x81, 0x83, 0x89, 0x8c, 0xa8,
    0xa9, 0xac, 0xb0, 0xbd, 0xc1, 0xc4, 0xe0, 0xe1,
    0xe4, 0xe7, 0xe8, 0xf0, 0xf1, 0xf3, 0xf5, 0xfc,
    0x100, 0x111, 0x11c, 0x134, 0x149, 0x150, 0x16c, 0x16d,
    0x170, 0x173, 0x175, 0x176, 0x17d, 0x181, 0x18c, 0x1c0,
    0x1dc, 0x1e0, 0x1f8, 0x1f9, 0x1fc, 0x200, 0x208, 0x209,
    0x20d, 0x230, 0x234, 0x238, 0x240, 0x24a, 0x24c, 0x24e,
    0x250, 0x254, 0x25c, 0x25d, 0x265, 0x268, 0x2bc, 0x2be,
    0x2cd, 0x2d8, 0x32c, 0x32d, 0x334, 0x342, 0x343, 0x349,
    0x364, 0x3b8, 0x3c8, 0x444, 0x44a, 0x44c, 0x453, 0x457,
    0x45d, 0x47c, 0x498, 0x49a, 0x49c, 0x4a0, 0x4a1, 0x4a8,
    0x4ab, 0x4ae, 0x4af, 0x4b4, 0x4c4, 0x4c9, 0x4d0, 0x508,
    0x510, 0x513, 0x518, 0x523, 0x524, 0x537, 0x540, 0x544,
    0x550, 0x555, 0x578, 0x57c, 0x580, 0x58d, 0x592, 0x593,
    0x5cc, 0x604, 0x608, 0x690, 0x698, 0x699, 0x6a5, 0x6ac,
    0x6c8, 0x6d0, 0x6d8, 0x6e4, 0x6e5, 0x6e8, 0x6eb, 0x6ec,
    0x6ed, 0x6ee, 0x6f4, 0x6f5, 0x6f7, 0x6f9, 0x6ff, 0x700,
    0x701, 0x710, 0x754, 0x755, 0x75c, 0x764, 0x765, 0x767,
    0x769, 0x76e, 0x770, 0x778, 0x7c4, 0x7c5, 0x7c8, 0x7cc,
    0x7d9, 0x818, 0x850, 0x860, 0x861, 0x8dc, 0x8dd, 0x8e0,
    0x8e3, 0x8e4, 0x8ec, 0x8ed, 0x8f1, 0x914, 0x92a, 0x930,
    0x945, 0x94c, 0x9a1, 0xab1, 0xb28, 0xb29, 0xb7c, 0xb7d,
    0xb80, 0xb8c, 0xb8d, 0xb91, 0xb97, 0xb98, 0xb99, 0xb9c,
    0xba8, 0xbab, 0xbc9, 0xbec, 0xbed, 0xbf0, 0xbfc, 0xbfd,
    0xc07, 0xc08, 0xc09, 0xc24, 0xc25, 0xc28, 0xc2c, 0xc35,
    0xc39, 0xc40, 0xc5c, 0xc5d, 0xc60, 0xc64, 0xc6d, 0xc6f,
    0xccc, 0xce8, 0xce9, 0xd04, 0xd58, 0xd59, 0xd60, 0xd74,
    0xd78, 0xd84, 0xd87, 0xd8e, 0xdac, 0xdbc, 0xdbd, 0xdbf,
    0xdc8, 0xdc9, 0xdcc, 0xdce, 0xdd0, 0xddb, 0xddd, 0xdde,
    0xde1, 0xde3, 0xde4, 0xde5, 0xde8, 0xdfa, 0xe38, 0xe39,
    0xe3c, 0xe40, 0xe48, 0xe4b, 0xe4d, 0xe54, 0xe70, 0xe74,
    0xe85, 0xe87, 0xea8, 0xea9, 0xeb0, 0xeb8, 0xeb9, 0xebb,
    0xf34, 0xf35, 0xf36, 0xf38, 0xf3b, 0xf3c, 0xf47, 0xf54,
    0xff8, 0xffc, 0xfff, 0x1000, 0x1014, 0x1015, 0x1016, 0x1018,
    0x101b, 0x101c, 0x101d, 0x101f, 0x1025, 0x1029, 0x102d, 0x1030,
    0x1031, 0x1034, 0x1043, 0x1084, 0x1088, 0x108c, 0x1094, 0x1095,
    0x1097, 0x10bd, 0x10c0, 0x10c4, 0x10cd, 0x10d1, 0x10f4, 0x10f5,
    0x10f6, 0x10f8, 0x1109, 0x1180, 0x1181, 0x1184, 0x1188, 0x1189,
    0x1193, 0x1195, 0x1199, 0x120c, 0x1214, 0x1244, 0x124c, 0x125b,
    0x1260, 0x1268, 0x1275, 0x127c, 0x12a8, 0x12d0, 0x12d4, 0x12d7,
    0x1308, 0x1351, 0x13cc, 0x1458, 0x1468, 0x14ac, 0x14b0, 0x14b4,
    0x14b6, 0x14c1, 0x14c8, 0x14c9, 0x14cc, 0x14dd, 0x151c, 0x151d,
    0x151e, 0x1520, 0x1524, 0x152c, 0x1531, 0x1538, 0x154b, 0x1558,
    0x158c, 0x158d, 0x1590, 0x1594, 0x159c, 0x159f, 0x15a1, 0x15c4,
    0x15e0, 0x1618, 0x1619, 0x161c, 0x1620, 0x1628, 0x162b, 0x166c,
    0x167d, 0x16a4, 0x16ac, 0x16b5, 0x16b9, 0x16dc, 0x16dd, 0x16e0,
    0x16e3, 0x16e4, 0x16eb, 0x16ec, 0x16ed, 0x16f8, 0x170d, 0x1713,
    0x1769, 0x1779, 0x1784, 0x17d8, 0x17df, 0x18f0, 0x1900, 0x1928,
    0x1929, 0x1939, 0x1944, 0x1945, 0x1948, 0x1949, 0x194a, 0x194c,
    0x1953, 0x1955, 0x195e, 0x1960, 0x1961, 0x197c, 0x197d, 0x1987,
    0x1991, 0x1997, 0x1998, 0x19b4, 0x19b5, 0x19b8, 0x19b9, 0x19bc,
    0x19c4, 0x19c5, 0x19c6, 0x19c9, 0x19cc, 0x19d0, 0x19ec, 0x19ed,
    0x19f0, 0x19f4, 0x19fc, 0x19fd, 0x1a01, 0x1a08, 0x1a1b, 0x1a24,
    0x1a25, 0x1a28, 0x1a2c, 0x1a33, 0x1a40, 0x1a44, 0x1a55, 0x1a5c,
    0x1a60, 0x1a78, 0x1a7c, 0x1a94, 0x1a95, 0x1aa9, 0x1ab0, 0x1ab1,
    0x1ab4, 0x1ab8, 0x1ac0, 0x1ac3, 0x1acc, 0x1ad0, 0x1ad4, 0x1ae8,
    0x1aec, 0x1b04, 0x1b20, 0x1b21, 0x1b28, 0x1b3c, 0x1b3d, 0x1b40,
    0x1b44, 0x1b4c, 0x1b51, 0x1b58, 0x1b74, 0x1b75, 0x1b78, 0x1b7c,
    0x1b83, 0x1b84, 0x1b85, 0x1b87, 0x1b8a, 0x1b8e, 0x1b90, 0x1b91,
    0x1b94, 0x1b98, 0x1ba0, 0x1ba1, 0x1ba5, 0x1bac, 0x1bc1, 0x1c00,
    0x1c01, 0x1c04, 0x1c08, 0x1c0a, 0x1c10, 0x1c11, 0x1c13, 0x1c15,
    0x1c16, 0x1c1c, 0x1c20, 0x1c38, 0x1c70, 0x1c71, 0x1c74, 0x1c78,
    0x1c81, 0x1c85, 0x1c8b, 0x1c8c, 0x1cc4, 0x1cfc, 0x1cfd, 0x1d00,
    0x1d04, 0x1d0c, 0x1d0d, 0x1d11, 0x1d50, 0x1d88, 0x1d89, 0x1d90,
    0x1d9d, 0x1dc0, 0x1dc1, 0x1dc4, 0x1dc8, 0x1dd0, 0x1dd1, 0x1dd3,
    0x1dd5, 0x1dd9, 0x1dda, 0x1ddc, 0x1ddd, 0x1df8, 0x1e0c, 0x1e4c,
    0x1ebd, 0x1ed3, 0x200c, 0x200d, 0x2028, 0x2029, 0x202c, 0x2030,
    0x2038, 0x203d, 0x203e, 0x2044, 0x2045, 0x2059, 0x2098, 0x2099,
    0x209c, 0x20a0, 0x20ab, 0x20ad, 0x20b4, 0x20d0, 0x2108, 0x2109,
    0x210c, 0x211d, 0x212c, 0x215c, 0x2194, 0x2195, 0x2198, 0x219c,
    0x21a4, 0x21a5, 0x21a7, 0x21a9, 0x21e8, 0x2220, 0x2230, 0x2235,
    0x2258, 0x2259, 0x225c, 0x2260, 0x2268, 0x226d, 0x2274, 0x227c,
    0x22e4, 0x22e8, 0x22f5, 0x231c, 0x2354, 0x2364, 0x2369, 0x246c,
    0x2470, 0x2474, 0x247c, 0x24a4, 0x24ac, 0x24c0, 0x24c1, 0x24d1,
    0x24d3, 0x24d5, 0x24dc, 0x24dd, 0x24e4, 0x2530, 0x2531, 0x2534,
    0x2538, 0x254c, 0x254d, 0x2554, 0x255c, 0x25a0, 0x25a4, 0x25b5,
    0x262c, 0x26b8, 0x26b9, 0x26bc, 0x26bf, 0x26c0, 0x26c8, 0x26f0,
    0x26f1, 0x270c, 0x2710, 0x2714, 0x2728, 0x272c, 0x277c, 0x2798,
    0x27b4, 0x27b8, 0x27bc, 0x27c9, 0x27ec, 0x27ed, 0x285c, 0x2878,
    0x2880, 0x2888, 0x288d, 0x2904, 0x290c, 0x2914, 0x293c, 0x293d,
    0x2944, 0x294f, 0x2958, 0x2959, 0x295c, 0x2968, 0x2969, 0x296d,
    0x2974, 0x2975, 0x2987, 0x2989, 0x29a5, 0x29c8, 0x29d8, 0x29e4,
    0x2a00, 0x2a04, 0x2a11, 0x2a15, 0x2a1c, 0x2a38, 0x2a39, 0x2a3c,
    0x2a40, 0x2a4d, 0x2a54, 0x2a55, 0x2a58, 0x2a5c, 0x2a69, 0x2a8c,
    0x2a8d, 0x2aa8, 0x2ac4, 0x2ac8, 0x2ad4, 0x2b18, 0x2b20, 0x2b34,
    0x2b49, 0x2b50, 0x2b54, 0x2b58, 0x2b59, 0x2b61, 0x2b65, 0x2b69,
    0x2b6c, 0x2b70, 0x2b88, 0x2b98
};

/*Collect the unicode lists and glyph_id offsets*/
static const lv_font_fmt_txt_cmap_t cmaps[] =
{
    {
        .range_start = 32, .range_length = 95, .glyph_id_start = 1,
        .unicode_list = NULL, .glyph_id_ofs_list = NULL, .list_length = 0, .type = LV_FONT_FMT_TXT_CMAP_FORMAT0_TINY
    },
    {
        .range_start = 44032, .range_length = 11161, .glyph_id_start = 96,
        .unicode_list = unicode_list_1, .glyph_id_ofs_list = NULL, .list_length = 708, .type = LV_FONT_FMT_TXT_CMAP_SPARSE_TINY
    }
};



/*--------------------
 *  ALL CUSTOM DATA
 *--------------------*/

#if LVGL_VERSION_MAJOR == 8
/*Store all the custom data of the font*/
static  lv_font_fmt_txt_glyph_cache_t cache;
#endif

#if LVGL_VERSION_MAJOR >= 8
static const lv_font_fmt_txt_dsc_t font_dsc = {
#else
static lv_font_fmt_txt_dsc_t font_dsc = {
#endif
    .glyph_bitmap = glyph_bitmap,
    .glyph_dsc = glyph_dsc,
    .cmaps = cmaps,
    .kern_dsc = NULL,
    .kern_scale = 0,
    .cmap_num = 2,
    .bpp = 1,
    .kern_classes = 0,
    .bitmap_format = 0,
#if LVGL_VERSION_MAJOR == 8
    .cache = &cache
#endif
};



/*-----------------
 *  PUBLIC FONT
 *----------------*/

/*Initialize a public general font descriptor*/
#if LVGL_VERSION_MAJOR >= 8
const lv_font_t ui_font_korea22 = {
#else
lv_font_t ui_font_korea22 = {
#endif
    .get_glyph_dsc = lv_font_get_glyph_dsc_fmt_txt,    /*Function pointer to get glyph's data*/
    .get_glyph_bitmap = lv_font_get_bitmap_fmt_txt,    /*Function pointer to get glyph's bitmap*/
    .line_height = 25,          /*The maximum line height required by the font*/
    .base_line = 5,             /*Baseline measured from the bottom of the line*/
#if !(LVGL_VERSION_MAJOR == 6 && LVGL_VERSION_MINOR == 0)
    .subpx = LV_FONT_SUBPX_NONE,
#endif
#if LV_VERSION_CHECK(7, 4, 0) || LVGL_VERSION_MAJOR >= 8
    .underline_position = -4,
    .underline_thickness = 1,
#endif
    .dsc = &font_dsc,          /*The custom font data. Will be accessed by `get_glyph_bitmap/dsc` */
#if LV_VERSION_CHECK(8, 2, 0) || LVGL_VERSION_MAJOR >= 9
    .fallback = NULL,
#endif
    .user_data = NULL,
};



#endif /*#if UI_FONT_KOREA22*/

