/*******************************************************************************
 * Size: 16 px
 * Bpp: 1
 * Opts: --bpp 1 --size 16 --font C:/Users/lck13/Documents/SquaeLine_Studio/M5StickCplus2TEST03/assets/malgunbd.ttf -o C:/Users/lck13/Documents/SquaeLine_Studio/M5StickCplus2TEST03/assets\ui_font_Font1.c --format lvgl -r 0x20-0x7f --symbols 송편잡증겨락곰연머흥빼꼬나쌍루높면침깨반전프남근드온향랙족께친넓업의창타른곡쇄질네녀밴요취불표혼턴곧잘닥롤칙두힘경틱술꿈쓰산알동션꽃섬멋즈워총스심생번당냄디려기도느라결휠브접병돌미과왕진뭔피뿌뚱콩굶송편잡증락픽둡약겨낯연머흥졸꼬나쌍루뺨높면침뻗깨좁반전닭프남근드온향삶칠족처춘친넓업의창타른릇곡깐질네볶녀챙요깔취춤불표혼끓곧잘낡닥츰볍칙칼두힘경술꿈쓰산알잊동맣묶멋섬숨밥즈렵워총헤닿스털짚심몇생줍당번맨맡디려기도뱃느라결엌흉접샌콤병꼴미과왕진피꼭와웃별옥쳐밭희포체입싫즐젊컨류맞늬츠개혜덮뻔쥐오옛마존굽씹망깥촬습덕랍탓긴허매김최받렬올닷직임승째3걸글관해며차륙춥견데커등흩광사말서붙씀령립틀첫켜흐흘복천혀홍록험레뤄필육득먹률놀료함둠랗력끗밀누져행버뼈추티셋든벗왠녕수쏟앞공촌계균펴놓문범선달즉외쟁지례탕탁그겁짓멍년늘쩌테것빌좋핵맛정익뇌역굉특꽉항카압착썹형얹니눈명훔딪국하넷쫓킬쏘싸이방댁택더숙주잎때터앉줌얗좌끊낫들꺾울련격림찌열럽얘람갑권에짜끝죽무빠협런젖노닮모신엄깜까쉽확걔용껍럭릿간틈시급출논쉬박청블갖널평액텍굵잠골작집젓내찰점팔없곁깊인길으담적너대고휴래햇초세새다념쎄봉답낚속궁안픔금실멈막후패멀중강넣애솔목메믿구단싣활엉닫량괜흰백부뭇듣층몸축건태랜땅밝겉척풀빛벽몹훈보쌓학흙치코큼롯르채랑롭순분종찾톤통탤야품충쁨설억조잃저름어옳움홀양묻플파여란준곱각철상을왜완렉깝랫썩환넘죄큰호징풍꽤맥음윽튼묵닐릎늙휘러빨감끌교소키잇줄맺흔성꾸제씨촉응짙덧은폭페배곤걱밟발히슬못뽑회화듬굳튿얼찬낮깎섞덥팬텔찍덜탑먼객뜩갈쪽능얇일합물따댐갛독듭염황잔긍북펼숫바십님유본농덤턱아솟민운악색게붕클칭않끄핏꺼곳리투장쨌욱난자영변뻐토템짐끼현컵붉돈흡한규빵쇠참크앓식법솜럼델손덩군갚밖엽꽂냐씩퍼로춧책가날걀언효살획1판냉월검웨혹램벌율욕만원극비붓우예절재쁘룩많뜨웬짝괴떡위트귀젠되거몰론석왼렇푸 --no-compress --no-prefilter
 ******************************************************************************/

#include "ui.h"

#ifndef UI_FONT_FONT1
#define UI_FONT_FONT1 1
#endif

#if UI_FONT_FONT1

/*-----------------
 *    BITMAPS
 *----------------*/

/*Store the image of the glyphs*/
static LV_ATTRIBUTE_LARGE_CONST const uint8_t glyph_bitmap[] = {
    /* U+0020 " " */
    0x0,

    /* U+0021 "!" */
    0xff, 0xff, 0xf,

    /* U+0022 "\"" */
    0xde, 0xf7, 0xb0,

    /* U+0023 "#" */
    0x19, 0xc, 0x86, 0xcf, 0xf7, 0xf8, 0x90, 0xc9,
    0xff, 0xff, 0x93, 0x9, 0xc, 0x80,

    /* U+0024 "$" */
    0x10, 0x21, 0xf7, 0xed, 0x1a, 0x3c, 0x3c, 0x1c,
    0x3c, 0x5c, 0xbf, 0xef, 0x4, 0x0,

    /* U+0025 "%" */
    0x78, 0x67, 0xe2, 0x33, 0x21, 0x9b, 0xf, 0xd0,
    0x3d, 0x78, 0x1f, 0xe0, 0xb3, 0xd, 0x98, 0x4c,
    0xc4, 0x66, 0x61, 0xe0,

    /* U+0026 "&" */
    0x3e, 0x3, 0xf8, 0x18, 0xc0, 0xc6, 0x63, 0x63,
    0x1e, 0x19, 0x9d, 0xd8, 0x7c, 0xc1, 0xc7, 0x1e,
    0x1f, 0xfe, 0x7c, 0xf0,

    /* U+0027 "'" */
    0xff,

    /* U+0028 "(" */
    0x32, 0x66, 0xcc, 0xcc, 0xcc, 0xc6, 0x62, 0x30,

    /* U+0029 ")" */
    0xcc, 0x66, 0x33, 0x33, 0x33, 0x36, 0x6c, 0xc0,

    /* U+002A "*" */
    0x20, 0x8f, 0xcc, 0x53, 0x60,

    /* U+002B "+" */
    0x18, 0x18, 0x18, 0xff, 0xff, 0x18, 0x18, 0x18,

    /* U+002C "," */
    0x6d, 0x60,

    /* U+002D "-" */
    0xff,

    /* U+002E "." */
    0xf0,

    /* U+002F "/" */
    0x6, 0xc, 0x30, 0x61, 0x83, 0x6, 0x18, 0x30,
    0x61, 0x83, 0xc, 0x18, 0x30, 0x0,

    /* U+0030 "0" */
    0x3c, 0x7e, 0x67, 0xc3, 0xc3, 0xc3, 0xc3, 0xc3,
    0xc3, 0xe6, 0x7e, 0x3c,

    /* U+0031 "1" */
    0x1b, 0xff, 0x31, 0x8c, 0x63, 0x18, 0xc6, 0x30,

    /* U+0032 "2" */
    0x7d, 0xfe, 0x18, 0x30, 0x61, 0x87, 0x18, 0x61,
    0x83, 0xff, 0xf0,

    /* U+0033 "3" */
    0x7c, 0xfc, 0x18, 0x33, 0xc7, 0x83, 0x83, 0x7,
    0x1f, 0xf3, 0xc0,

    /* U+0034 "4" */
    0x6, 0x7, 0x7, 0x83, 0xc3, 0x63, 0x33, 0x19,
    0xff, 0xff, 0x83, 0x1, 0x80, 0xc0,

    /* U+0035 "5" */
    0x7e, 0x7e, 0x60, 0x60, 0x7c, 0x7e, 0x7, 0x3,
    0x3, 0x87, 0xfe, 0x7c,

    /* U+0036 "6" */
    0x1e, 0x3e, 0x60, 0xe0, 0xdc, 0xfe, 0xe7, 0xc3,
    0xc3, 0xe7, 0x7e, 0x3c,

    /* U+0037 "7" */
    0xff, 0xff, 0x6, 0x6, 0xc, 0xc, 0x1c, 0x18,
    0x18, 0x38, 0x30, 0x30,

    /* U+0038 "8" */
    0x3c, 0xff, 0xc3, 0xc3, 0x7e, 0x7e, 0xe7, 0xc3,
    0xc3, 0xe7, 0x7e, 0x3c,

    /* U+0039 "9" */
    0x3c, 0x7e, 0xe7, 0xc3, 0xc3, 0xff, 0x7b, 0x3,
    0x7, 0x6, 0x7c, 0x78,

    /* U+003A ":" */
    0xf0, 0x3, 0xc0,

    /* U+003B ";" */
    0x6c, 0x0, 0x1a, 0x48,

    /* U+003C "<" */
    0x3, 0xe, 0x38, 0xe0, 0xe0, 0x38, 0xf, 0x3,

    /* U+003D "=" */
    0xff, 0xff, 0x0, 0xff, 0xff,

    /* U+003E ">" */
    0xc0, 0xf0, 0x3c, 0xf, 0xf, 0x3c, 0xf0, 0x80,

    /* U+003F "?" */
    0x7d, 0xfe, 0x18, 0x30, 0xe3, 0x8e, 0x18, 0x30,
    0x0, 0xe1, 0xc0,

    /* U+0040 "@" */
    0x7, 0xc0, 0x7f, 0xc3, 0x83, 0x9d, 0xf6, 0x6f,
    0xcf, 0x73, 0x3d, 0x8c, 0xf6, 0x33, 0xd8, 0xcf,
    0x67, 0x6f, 0xff, 0x9b, 0x9c, 0x78, 0x0, 0xff,
    0x80, 0xfc, 0x0,

    /* U+0041 "A" */
    0xe, 0x1, 0xc0, 0x6c, 0xd, 0x81, 0xb8, 0x63,
    0xc, 0x61, 0xfe, 0x7f, 0xcc, 0x19, 0x83, 0xf0,
    0x30,

    /* U+0042 "B" */
    0xfe, 0xff, 0xc3, 0xc3, 0xc7, 0xfc, 0xfe, 0xc3,
    0xc3, 0xc7, 0xfe, 0xfc,

    /* U+0043 "C" */
    0xf, 0x9f, 0xdc, 0xc, 0xc, 0x6, 0x3, 0x1,
    0x80, 0xe0, 0x38, 0x4f, 0xe3, 0xf0,

    /* U+0044 "D" */
    0xfe, 0x3f, 0xcc, 0x3b, 0x7, 0xc0, 0xf0, 0x3c,
    0xf, 0x3, 0xc1, 0xf0, 0xef, 0xf3, 0xf0,

    /* U+0045 "E" */
    0xff, 0xff, 0x6, 0xc, 0x1f, 0xbf, 0x60, 0xc1,
    0x83, 0xff, 0xf0,

    /* U+0046 "F" */
    0xff, 0xff, 0x6, 0xc, 0x1f, 0xbf, 0x60, 0xc1,
    0x83, 0x6, 0x0,

    /* U+0047 "G" */
    0xf, 0x8f, 0xf7, 0x7, 0x80, 0xc0, 0x31, 0xfc,
    0x7f, 0x3, 0xe0, 0xdc, 0x33, 0xfc, 0x7e,

    /* U+0048 "H" */
    0xc1, 0xe0, 0xf0, 0x78, 0x3c, 0x1f, 0xff, 0xff,
    0x83, 0xc1, 0xe0, 0xf0, 0x78, 0x30,

    /* U+0049 "I" */
    0xff, 0xff, 0xff,

    /* U+004A "J" */
    0x18, 0xc6, 0x31, 0x8c, 0x63, 0x19, 0xfd, 0xc0,

    /* U+004B "K" */
    0xc7, 0x63, 0x33, 0x9b, 0x8d, 0x87, 0x83, 0xe1,
    0xb8, 0xcc, 0x67, 0x31, 0xd8, 0x70,

    /* U+004C "L" */
    0xc1, 0x83, 0x6, 0xc, 0x18, 0x30, 0x60, 0xc1,
    0x83, 0xff, 0xf0,

    /* U+004D "M" */
    0xe0, 0x3f, 0x83, 0xfc, 0x1f, 0xf0, 0xfd, 0x8d,
    0xec, 0x6f, 0x32, 0x79, 0xb3, 0xcd, 0x9e, 0x38,
    0xf1, 0xc7, 0x8e, 0x30,

    /* U+004E "N" */
    0xe0, 0xf8, 0x3f, 0xf, 0xe3, 0xd8, 0xf3, 0x3c,
    0xcf, 0x1b, 0xc3, 0xf0, 0xfc, 0x1f, 0x7,

    /* U+004F "O" */
    0x1f, 0x7, 0xf1, 0xc7, 0x70, 0x7c, 0x7, 0x80,
    0xf0, 0x1e, 0x3, 0xe0, 0xee, 0x38, 0xfe, 0xf,
    0x80,

    /* U+0050 "P" */
    0xfc, 0xfe, 0xc7, 0xc3, 0xc3, 0xc7, 0xfe, 0xfc,
    0xc0, 0xc0, 0xc0, 0xc0,

    /* U+0051 "Q" */
    0x1f, 0x3, 0xf8, 0x71, 0xce, 0xe, 0xc0, 0x6c,
    0x6, 0xc0, 0x6c, 0x6, 0xe0, 0xe7, 0x1c, 0x3f,
    0xc1, 0xfc, 0x0, 0xe0, 0x7,

    /* U+0052 "R" */
    0xfe, 0x7f, 0xb0, 0xd8, 0x6c, 0x77, 0xf3, 0xf1,
    0x9c, 0xc7, 0x63, 0xb0, 0xf8, 0x30,

    /* U+0053 "S" */
    0x3e, 0xff, 0xe, 0xe, 0xf, 0xf, 0x7, 0x7,
    0xf, 0xff, 0xc0,

    /* U+0054 "T" */
    0xff, 0xff, 0xc6, 0x3, 0x1, 0x80, 0xc0, 0x60,
    0x30, 0x18, 0xc, 0x6, 0x3, 0x0,

    /* U+0055 "U" */
    0xc1, 0xe0, 0xf0, 0x78, 0x3c, 0x1e, 0xf, 0x7,
    0x83, 0xc1, 0xf1, 0xdf, 0xc7, 0xc0,

    /* U+0056 "V" */
    0xe0, 0xcc, 0x19, 0x83, 0x38, 0xc3, 0x18, 0x63,
    0xc, 0xc0, 0xd8, 0x1b, 0x3, 0xc0, 0x38, 0x7,
    0x0,

    /* U+0057 "W" */
    0xc3, 0x87, 0x87, 0xf, 0x8e, 0x3f, 0x16, 0x66,
    0x6c, 0xcc, 0xd9, 0x99, 0xb3, 0x1e, 0x3c, 0x3c,
    0x78, 0x78, 0xf0, 0xf1, 0xe0, 0xc1, 0x80,

    /* U+0058 "X" */
    0x61, 0xdc, 0x63, 0x38, 0xec, 0x1f, 0x3, 0x81,
    0xe0, 0x7c, 0x3b, 0xc, 0xe7, 0x1b, 0x87,

    /* U+0059 "Y" */
    0x61, 0xdc, 0x63, 0x38, 0xcc, 0x3f, 0x7, 0x81,
    0xe0, 0x30, 0xc, 0x3, 0x0, 0xc0, 0x30,

    /* U+005A "Z" */
    0xff, 0xff, 0xc0, 0xc0, 0xc0, 0xe0, 0x60, 0x60,
    0x70, 0x70, 0x30, 0x3f, 0xff, 0xf0,

    /* U+005B "[" */
    0xff, 0xcc, 0xcc, 0xcc, 0xcc, 0xcc, 0xcc, 0xff,

    /* U+005C "\\" */
    0x43, 0x13, 0x39, 0x99, 0xcc, 0xca, 0x66, 0x53,
    0x7f, 0xff, 0xff, 0xe7, 0xb4, 0x3d, 0xe1, 0xc7,
    0xe, 0x38, 0x31, 0x80,

    /* U+005D "]" */
    0xff, 0x33, 0x33, 0x33, 0x33, 0x33, 0x33, 0xff,

    /* U+005E "^" */
    0x10, 0x18, 0x38, 0x2c, 0x64, 0x46, 0xc6, 0xc3,

    /* U+005F "_" */
    0xfe,

    /* U+0060 "`" */
    0xc6, 0x60,

    /* U+0061 "a" */
    0x3c, 0xfc, 0x18, 0x37, 0xf8, 0xf3, 0xff, 0x76,

    /* U+0062 "b" */
    0xc0, 0xc0, 0xc0, 0xc0, 0xdc, 0xfe, 0xe7, 0xc3,
    0xc3, 0xc3, 0xe7, 0xfe, 0xdc,

    /* U+0063 "c" */
    0x3e, 0xff, 0x8e, 0xc, 0x18, 0x38, 0xbf, 0x3c,

    /* U+0064 "d" */
    0x3, 0x3, 0x3, 0x3, 0x3b, 0x7f, 0xe7, 0xc3,
    0xc3, 0xc3, 0xe7, 0x7f, 0x3b,

    /* U+0065 "e" */
    0x3c, 0x7e, 0xc3, 0xff, 0xff, 0xc0, 0xe0, 0x7e,
    0x3e,

    /* U+0066 "f" */
    0x3d, 0xf6, 0x18, 0xfb, 0xe6, 0x18, 0x61, 0x86,
    0x18, 0x60,

    /* U+0067 "g" */
    0x3b, 0x7f, 0xe7, 0xc3, 0xc3, 0xc3, 0xe7, 0x7f,
    0x3b, 0x3, 0x7, 0x7e, 0x7c,

    /* U+0068 "h" */
    0xc1, 0x83, 0x6, 0xd, 0xdf, 0xf9, 0xe3, 0xc7,
    0x8f, 0x1e, 0x3c, 0x60,

    /* U+0069 "i" */
    0xf0, 0xff, 0xff, 0xc0,

    /* U+006A "j" */
    0x33, 0x0, 0x33, 0x33, 0x33, 0x33, 0x33, 0x3e,
    0xe0,

    /* U+006B "k" */
    0xc0, 0xc0, 0xc0, 0xc0, 0xce, 0xcc, 0xdc, 0xf8,
    0xf0, 0xd8, 0xdc, 0xce, 0xc6,

    /* U+006C "l" */
    0xff, 0xff, 0xff, 0xc0,

    /* U+006D "m" */
    0xdc, 0xef, 0xff, 0xe7, 0x3c, 0x63, 0xc6, 0x3c,
    0x63, 0xc6, 0x3c, 0x63, 0xc6, 0x30,

    /* U+006E "n" */
    0xde, 0xff, 0xe7, 0xc3, 0xc3, 0xc3, 0xc3, 0xc3,
    0xc3,

    /* U+006F "o" */
    0x3e, 0x3f, 0xb8, 0xf8, 0x3c, 0x1e, 0xf, 0x8e,
    0xfe, 0x3e, 0x0,

    /* U+0070 "p" */
    0xdc, 0xfe, 0xe7, 0xc3, 0xc3, 0xc3, 0xe7, 0xfe,
    0xdc, 0xc0, 0xc0, 0xc0, 0xc0,

    /* U+0071 "q" */
    0x3b, 0x7f, 0xe7, 0xc3, 0xc3, 0xc3, 0xe7, 0x7f,
    0x3b, 0x3, 0x3, 0x3, 0x3,

    /* U+0072 "r" */
    0xdf, 0xf9, 0x8c, 0x63, 0x18, 0xc0,

    /* U+0073 "s" */
    0x7f, 0xfc, 0x38, 0x78, 0x70, 0xff, 0xf8,

    /* U+0074 "t" */
    0x3, 0x19, 0xff, 0xb1, 0x8c, 0x63, 0x1e, 0x70,

    /* U+0075 "u" */
    0xc3, 0xc3, 0xc3, 0xc3, 0xc3, 0xc3, 0xe7, 0xff,
    0x7b,

    /* U+0076 "v" */
    0xe3, 0x31, 0x98, 0xcc, 0xc3, 0x61, 0xb0, 0xf0,
    0x38, 0x1c, 0x0,

    /* U+0077 "w" */
    0xc7, 0x33, 0x39, 0x99, 0xcc, 0xca, 0x66, 0xda,
    0x1e, 0xf0, 0xe7, 0x87, 0x1c, 0x38, 0xc0,

    /* U+0078 "x" */
    0x63, 0x33, 0x8d, 0x87, 0x81, 0xc1, 0xe0, 0xd8,
    0xce, 0xe3, 0x0,

    /* U+0079 "y" */
    0xc3, 0xc3, 0x66, 0x66, 0x66, 0x3c, 0x3c, 0x3c,
    0x18, 0x18, 0x30, 0xf0, 0xe0,

    /* U+007A "z" */
    0xff, 0xfc, 0x30, 0xc3, 0x86, 0x18, 0x7f, 0xfe,

    /* U+007B "{" */
    0x37, 0x66, 0x66, 0x6c, 0xc6, 0x66, 0x66, 0x73,

    /* U+007C "|" */
    0xff, 0xff, 0xff, 0xff, 0xc0,

    /* U+007D "}" */
    0xe7, 0x8c, 0x63, 0x18, 0xc3, 0x19, 0x8c, 0x63,
    0x1b, 0xdc,

    /* U+007E "~" */
    0x71, 0xff, 0xf1, 0xc0,

    /* U+AC00 "가" */
    0x0, 0x31, 0xfc, 0xc0, 0x33, 0x1, 0xcc, 0x6,
    0x30, 0x38, 0xc0, 0xc3, 0xc6, 0xc, 0x30, 0x33,
    0x80, 0xc4, 0x3, 0x0, 0xc, 0x0, 0x30, 0x0,
    0xc0,

    /* U+AC01 "각" */
    0x7f, 0x30, 0x1c, 0xc0, 0x63, 0x3, 0x8f, 0x1c,
    0x30, 0xf0, 0xcf, 0x3, 0x18, 0xc, 0x0, 0x0,
    0xff, 0xc0, 0x3, 0x0, 0xc, 0x0, 0x30, 0x0,
    0xc0,

    /* U+AC04 "간" */
    0x7f, 0x30, 0xc, 0xc0, 0x73, 0x1, 0x8c, 0xe,
    0x3c, 0x70, 0xc3, 0x83, 0x1c, 0xc, 0x40, 0x30,
    0x0, 0xc1, 0x83, 0x6, 0x0, 0x18, 0x0, 0x7f,
    0xe0,

    /* U+AC08 "갈" */
    0x7f, 0x30, 0xc, 0xc0, 0x63, 0x3, 0x8f, 0x1c,
    0x33, 0xe0, 0xce, 0x3, 0x0, 0x0, 0x1f, 0xf0,
    0x0, 0xc1, 0xff, 0x6, 0x0, 0x18, 0x0, 0x7f,
    0xe0,

    /* U+AC10 "감" */
    0x7f, 0x30, 0x1c, 0xc0, 0x63, 0x3, 0x8f, 0x1c,
    0x30, 0xe0, 0xcf, 0x3, 0x18, 0xc, 0x0, 0x0,
    0xff, 0xc3, 0x3, 0xc, 0xc, 0x30, 0x30, 0xff,
    0xc0,

    /* U+AC11 "갑" */
    0x7f, 0x30, 0xc, 0xc0, 0x73, 0x1, 0x8f, 0xe,
    0x30, 0xf0, 0xcf, 0x83, 0x18, 0xc, 0x0, 0x0,
    0x60, 0xc1, 0xff, 0x6, 0xc, 0x18, 0x30, 0x7f,
    0xc0,

    /* U+AC15 "강" */
    0x7f, 0x30, 0x1c, 0xc0, 0x63, 0x3, 0x8f, 0x1c,
    0x30, 0xf0, 0xc7, 0x83, 0x3c, 0xc, 0x40, 0x30,
    0x3f, 0x3, 0x87, 0xc, 0xc, 0x38, 0x70, 0x3f,
    0x0,

    /* U+AC16 "갖" */
    0x7f, 0x30, 0xc, 0xc0, 0x63, 0x3, 0x8f, 0x1c,
    0x30, 0xf0, 0xcf, 0x3, 0x18, 0xc, 0x0, 0x0,
    0xff, 0xc0, 0x30, 0x3, 0xf0, 0x3c, 0xf1, 0xe0,
    0xe0,

    /* U+AC1A "갚" */
    0x7f, 0x30, 0xc, 0xc0, 0x73, 0x3, 0x8f, 0x1c,
    0x31, 0xe0, 0xcf, 0x3, 0x10, 0xc, 0x0, 0x0,
    0xff, 0xe0, 0xc6, 0x3, 0x18, 0xc, 0x60, 0xff,
    0xe0,

    /* U+AC1B "갛" */
    0x7f, 0x18, 0xc, 0x60, 0x71, 0x83, 0x87, 0x3c,
    0x1b, 0xe0, 0x66, 0x39, 0x80, 0xe0, 0x3f, 0xf8,
    0xff, 0xe0, 0xfe, 0x6, 0xc, 0x18, 0x30, 0x3f,
    0x80,

    /* U+AC1C "개" */
    0x0, 0xdb, 0xf6, 0xc1, 0xb6, 0xd, 0xb0, 0xed,
    0x86, 0x6c, 0x73, 0xe3, 0x1b, 0x30, 0xdb, 0x6,
    0xd8, 0x36, 0x1, 0xb0, 0xd, 0x80, 0x6c,

    /* U+AC1D "객" */
    0x7e, 0xd8, 0x36, 0xc3, 0xb6, 0x39, 0xf1, 0xcd,
    0xbc, 0x6f, 0xc3, 0x68, 0x1b, 0x0, 0x0, 0xff,
    0xc0, 0x6, 0x0, 0x30, 0x1, 0x80, 0xc,

    /* U+AC40 "걀" */
    0x7f, 0x30, 0xc, 0xf0, 0x63, 0x3, 0x8c, 0x7c,
    0x3f, 0xe0, 0xc6, 0x3, 0x0, 0x0, 0x1f, 0xf0,
    0x0, 0xc1, 0xff, 0x6, 0x0, 0x18, 0x0, 0x7f,
    0xe0,

    /* U+AC54 "걔" */
    0x0, 0xdb, 0xf6, 0xc1, 0xb6, 0xd, 0xf0, 0xcd,
    0x86, 0x6c, 0x63, 0x67, 0x1b, 0x70, 0xff, 0x6,
    0xd0, 0x36, 0x1, 0xb0, 0xd, 0x80, 0x6c,

    /* U+AC70 "거" */
    0x0, 0x1b, 0xf8, 0xc0, 0xc6, 0x6, 0x30, 0x61,
    0x83, 0xfc, 0x30, 0x63, 0x83, 0x78, 0x1f, 0x0,
    0xd0, 0x6, 0x0, 0x30, 0x1, 0x80, 0xc,

    /* U+AC71 "걱" */
    0x7f, 0x18, 0x18, 0xc1, 0xc6, 0xd, 0xf0, 0xe1,
    0x8e, 0xd, 0xe0, 0x7e, 0x3, 0x40, 0x18, 0xff,
    0xc0, 0x6, 0x0, 0x30, 0x1, 0x80, 0xc,

    /* U+AC74 "건" */
    0x7f, 0x18, 0x18, 0xc1, 0xc6, 0xc, 0x30, 0xff,
    0x8e, 0xc, 0xe0, 0x6e, 0x3, 0x60, 0x18, 0x0,
    0xc6, 0x6, 0x30, 0x1, 0x80, 0xf, 0xfc,

    /* U+AC78 "걸" */
    0x7f, 0x18, 0x18, 0xc1, 0x86, 0x1d, 0xf1, 0xc1,
    0xfc, 0xd, 0x80, 0x60, 0x0, 0x1f, 0xf8, 0x0,
    0xc7, 0xfe, 0x30, 0x1, 0x80, 0xf, 0xfc,

    /* U+AC80 "검" */
    0x7f, 0x18, 0x18, 0xc1, 0xc6, 0x1d, 0xf0, 0xe1,
    0x9e, 0xf, 0xe0, 0x6e, 0x3, 0x40, 0x0, 0xff,
    0xc6, 0x6, 0x30, 0x31, 0x81, 0x8f, 0xfc,

    /* U+AC81 "겁" */
    0x7f, 0x18, 0x18, 0xc1, 0xc6, 0x1f, 0xf1, 0xe1,
    0x9e, 0xf, 0xe0, 0x6c, 0x3, 0x0, 0x0, 0xc0,
    0xc7, 0xfe, 0x30, 0x31, 0x81, 0x8f, 0xfc,

    /* U+AC83 "것" */
    0x7f, 0x98, 0xc, 0x60, 0x31, 0x81, 0xc6, 0xf,
    0xf8, 0x70, 0x63, 0x81, 0xbc, 0x6, 0x60, 0x18,
    0x6, 0x60, 0x18, 0x0, 0xf0, 0x6, 0xe1, 0xf1,
    0xf3, 0x1, 0x80,

    /* U+AC89 "겉" */
    0x7f, 0x18, 0x18, 0xc1, 0xc6, 0xf, 0xf0, 0xc1,
    0x9c, 0xd, 0xc0, 0x6c, 0x3, 0x1f, 0xf8, 0xc0,
    0x6, 0x0, 0x3f, 0xf1, 0x80, 0xf, 0xfc,

    /* U+AC8C "게" */
    0x0, 0xdb, 0xf6, 0xc1, 0xb6, 0x19, 0xb0, 0xcd,
    0x87, 0xec, 0x63, 0x67, 0x1b, 0x70, 0xdf, 0x6,
    0xd0, 0x36, 0x1, 0xb0, 0xd, 0x80, 0x6c,

    /* U+ACA8 "겨" */
    0x0, 0x1b, 0xfc, 0xc0, 0xe6, 0x7, 0xf0, 0x71,
    0x83, 0x8c, 0x38, 0x63, 0x83, 0x38, 0xff, 0x80,
    0xd0, 0x6, 0x0, 0x30, 0x1, 0x80, 0xc,

    /* U+ACA9 "격" */
    0x7f, 0x18, 0x18, 0xc1, 0xfe, 0x1c, 0x31, 0xe1,
    0x9e, 0x7f, 0xe0, 0x6e, 0x3, 0x40, 0x18, 0xff,
    0xc0, 0x6, 0x0, 0x30, 0x1, 0x80, 0xc,

    /* U+ACAC "견" */
    0x7f, 0x18, 0x18, 0xc1, 0xfe, 0xc, 0x30, 0xe1,
    0x8e, 0xd, 0xe7, 0xfe, 0x3, 0x60, 0x18, 0x0,
    0xc6, 0x6, 0x30, 0x1, 0x80, 0xf, 0xfc,

    /* U+ACB0 "결" */
    0x7f, 0x18, 0x18, 0xc1, 0xbe, 0x1c, 0x37, 0x8f,
    0xb8, 0xc, 0x0, 0x60, 0x0, 0x1f, 0xf8, 0x0,
    0xc7, 0xfe, 0x30, 0x1, 0x80, 0xf, 0xfc,

    /* U+ACBD "경" */
    0x7f, 0x18, 0x18, 0xc1, 0xfe, 0x1c, 0x30, 0xe1,
    0x9e, 0x7d, 0xe0, 0x6c, 0x3, 0x7, 0xe0, 0x61,
    0x86, 0x6, 0x30, 0x30, 0xc3, 0x3, 0xf0,

    /* U+ACC1 "곁" */
    0x7f, 0x98, 0x1c, 0xc1, 0xfe, 0x1e, 0x31, 0xe1,
    0x9e, 0x7f, 0xc0, 0x6c, 0x3, 0x1f, 0xf8, 0xc0,
    0x6, 0x0, 0x3f, 0xf1, 0x80, 0xf, 0xfc,

    /* U+ACC4 "계" */
    0x0, 0xdb, 0xf6, 0xc1, 0x36, 0x1f, 0xb0, 0xcd,
    0x8c, 0x6c, 0x63, 0x66, 0xfb, 0x70, 0xdf, 0x6,
    0xd0, 0x36, 0x1, 0xb0, 0xd, 0x80, 0x6c,

    /* U+ACE0 "고" */
    0x3f, 0xf0, 0x0, 0xc0, 0x3, 0x0, 0xc, 0x0,
    0x30, 0x18, 0xc0, 0x63, 0x1, 0x8c, 0x6, 0x0,
    0x18, 0xf, 0xff, 0xc0,

    /* U+ACE1 "곡" */
    0x3f, 0xf0, 0x0, 0xc0, 0x3, 0x1, 0x8c, 0x6,
    0x30, 0x18, 0xf, 0xff, 0xc0, 0x0, 0x0, 0x0,
    0xff, 0xc0, 0x3, 0x0, 0xc, 0x0, 0x30, 0x0,
    0xc0,

    /* U+ACE4 "곤" */
    0x3f, 0xf0, 0x0, 0xc0, 0x3, 0x0, 0xc, 0x6,
    0x30, 0x18, 0x0, 0x60, 0x3f, 0xff, 0x0, 0x0,
    0x0, 0x3, 0x0, 0xc, 0x0, 0x30, 0x0, 0xff,
    0xc0,

    /* U+ACE7 "곧" */
    0x3f, 0xf0, 0x0, 0xc0, 0x3, 0x1, 0x8c, 0x6,
    0x30, 0x18, 0xf, 0xff, 0xc0, 0x0, 0x0, 0x0,
    0xff, 0xc3, 0x0, 0xc, 0x0, 0x30, 0x0, 0xff,
    0xc0,

    /* U+ACE8 "골" */
    0x3f, 0xf0, 0x0, 0xc0, 0x63, 0x1, 0x8c, 0x6,
    0x3, 0xff, 0xf0, 0x0, 0xf, 0xfc, 0x3f, 0xf0,
    0x0, 0xc3, 0xff, 0xc, 0x0, 0x30, 0x0, 0xff,
    0xc0,

    /* U+ACF0 "곰" */
    0x3f, 0xf0, 0x0, 0xc0, 0x3, 0x1, 0x8c, 0x6,
    0x30, 0x18, 0xf, 0xff, 0xc0, 0x0, 0x0, 0x0,
    0xff, 0xc3, 0x3, 0xc, 0xc, 0x30, 0x30, 0xff,
    0xc0,

    /* U+ACF1 "곱" */
    0x3f, 0xf0, 0x0, 0xc0, 0x3, 0x1, 0x8c, 0x6,
    0x30, 0x18, 0xf, 0xff, 0xc0, 0x0, 0x0, 0x0,
    0xc0, 0xc3, 0xff, 0xc, 0xc, 0x30, 0x30, 0xff,
    0xc0,

    /* U+ACF3 "곳" */
    0x3f, 0xf0, 0x0, 0xc0, 0x3, 0x1, 0x8c, 0x6,
    0x30, 0x18, 0xf, 0xff, 0xc0, 0x0, 0x3, 0x0,
    0xc, 0x0, 0x78, 0x7, 0x38, 0x78, 0x78, 0x80,
    0x40,

    /* U+ACF5 "공" */
    0x3f, 0xf0, 0x0, 0xc0, 0x3, 0x1, 0x8c, 0x6,
    0x30, 0x18, 0xf, 0xff, 0xc0, 0x0, 0x0, 0x0,
    0x3f, 0x83, 0x87, 0xc, 0xc, 0x38, 0x70, 0x3f,
    0x80,

    /* U+ACFC "과" */
    0x0, 0x18, 0xff, 0x30, 0x6, 0x60, 0xc, 0xc0,
    0x19, 0x80, 0x33, 0x6, 0x67, 0x8c, 0xcc, 0x18,
    0x18, 0x30, 0x30, 0x60, 0x67, 0xfe, 0xc0, 0x1,
    0x80, 0x3, 0x0,

    /* U+AD00 "관" */
    0x7f, 0xb0, 0x6, 0xc0, 0x1b, 0x0, 0x6c, 0x19,
    0xb0, 0x66, 0xf1, 0x83, 0x3f, 0xfc, 0x0, 0x30,
    0x0, 0xc3, 0x3, 0xc, 0x0, 0x30, 0x0, 0xff,
    0xc0,

    /* U+AD11 "광" */
    0x7f, 0xb0, 0x6, 0xc0, 0x1b, 0x0, 0x6c, 0x19,
    0xbc, 0x60, 0xcf, 0xff, 0x0, 0xc, 0x0, 0x30,
    0x3f, 0x3, 0x87, 0xc, 0xc, 0x38, 0x70, 0x3f,
    0x0,

    /* U+AD1C "괜" */
    0x3f, 0x6c, 0xd, 0xb0, 0x36, 0xc0, 0xdb, 0x1b,
    0x6c, 0x6d, 0xf1, 0x87, 0xff, 0xfb, 0x0, 0x6c,
    0x1, 0xb0, 0xc0, 0xc3, 0x0, 0xc, 0x0, 0x3f,
    0xf0,

    /* U+AD34 "괴" */
    0x0, 0xc, 0xff, 0x30, 0xc, 0xc0, 0x33, 0x0,
    0xcc, 0x3, 0x30, 0xcc, 0xc3, 0x33, 0xc, 0xc,
    0x30, 0x30, 0xc0, 0xff, 0xfb, 0x0, 0xc, 0x0,
    0x30,

    /* U+AD49 "굉" */
    0x7f, 0x98, 0xc, 0xc0, 0x66, 0x13, 0x30, 0x99,
    0x84, 0xf, 0xff, 0x60, 0x3, 0x0, 0x0, 0x3f,
    0x7, 0xe, 0x30, 0x31, 0xc3, 0x83, 0xf0,

    /* U+AD50 "교" */
    0x3f, 0xf0, 0x0, 0xc0, 0x3, 0x0, 0xc, 0x0,
    0x30, 0x66, 0xc1, 0x9b, 0x6, 0x6c, 0x19, 0x80,
    0x66, 0xf, 0xff, 0xc0,

    /* U+AD6C "구" */
    0x3f, 0xf0, 0x0, 0xc0, 0x3, 0x0, 0xc, 0x0,
    0x30, 0x0, 0xcf, 0xff, 0xc0, 0xc0, 0x3, 0x0,
    0xc, 0x0, 0x30, 0x0, 0xc0, 0x3, 0x0, 0xc,
    0x0,

    /* U+AD6D "국" */
    0x3f, 0xf0, 0x0, 0xc0, 0x3, 0x0, 0xc, 0x0,
    0x33, 0xff, 0xf0, 0x30, 0x0, 0xc0, 0x3, 0x0,
    0xff, 0xc0, 0x3, 0x0, 0xc, 0x0, 0x30, 0x0,
    0xc0,

    /* U+AD70 "군" */
    0x3f, 0xf0, 0x0, 0xc0, 0x3, 0x0, 0xc, 0x0,
    0x30, 0x0, 0xcf, 0xff, 0xc0, 0xc0, 0x3, 0x0,
    0xc, 0x3, 0x30, 0xc, 0x0, 0x30, 0x0, 0xff,
    0xc0,

    /* U+AD73 "굳" */
    0x3f, 0xf0, 0x0, 0xc0, 0x3, 0x0, 0xc, 0x0,
    0x33, 0xff, 0xf0, 0x30, 0x0, 0xc0, 0x3, 0x0,
    0xff, 0xc3, 0x0, 0xc, 0x0, 0x30, 0x0, 0xff,
    0xc0,

    /* U+AD75 "굵" */
    0x3f, 0xf0, 0x0, 0xc0, 0x3, 0x0, 0xc, 0x0,
    0x33, 0xff, 0xf0, 0x30, 0x0, 0xc0, 0x3f, 0xf0,
    0x18, 0xc3, 0xe3, 0x8, 0xc, 0x20, 0x30, 0xf8,
    0xc0,

    /* U+AD76 "굶" */
    0x3f, 0xf0, 0x0, 0xc0, 0x3, 0x0, 0xc, 0x0,
    0x33, 0xff, 0xf0, 0x30, 0x0, 0xc0, 0x3f, 0xf0,
    0x1e, 0x43, 0xf9, 0x8, 0x64, 0x21, 0x90, 0xff,
    0xc0,

    /* U+AD7D "굽" */
    0x3f, 0xf0, 0x0, 0xc0, 0x3, 0x0, 0xc, 0x0,
    0x33, 0xff, 0xf0, 0x30, 0x0, 0xc0, 0x30, 0x30,
    0xc0, 0xc3, 0xff, 0xc, 0xc, 0x30, 0x30, 0xff,
    0xc0,

    /* U+AD81 "궁" */
    0x3f, 0xf0, 0x0, 0xc0, 0x3, 0x0, 0xc, 0x0,
    0x33, 0xff, 0xf0, 0x30, 0x0, 0xc0, 0x1f, 0xe0,
    0xe1, 0xc3, 0x3, 0xc, 0xc, 0x18, 0x70, 0x3f,
    0x0,

    /* U+AD8C "권" */
    0x3f, 0x98, 0x6, 0x60, 0x19, 0x80, 0x66, 0x1,
    0x99, 0xff, 0x60, 0x61, 0x81, 0x86, 0x6, 0xf8,
    0x0, 0x61, 0x81, 0x86, 0x0, 0x18, 0x0, 0x7f,
    0xf0,

    /* U+ADC0 "귀" */
    0x7f, 0x98, 0xc, 0xc0, 0x66, 0x3, 0x30, 0x19,
    0x80, 0xcf, 0xff, 0xe1, 0x83, 0xc, 0x18, 0x60,
    0xc3, 0x6, 0x18, 0x30, 0xc1, 0x86, 0xc,

    /* U+ADDC "규" */
    0x3f, 0xf0, 0x0, 0xc0, 0x3, 0x0, 0xc, 0x0,
    0x30, 0x0, 0xc0, 0x3, 0x3f, 0xff, 0x18, 0x60,
    0x61, 0x81, 0x86, 0x6, 0x18, 0x18, 0x60, 0x61,
    0x80,

    /* U+ADE0 "균" */
    0x3f, 0xf0, 0x0, 0xc0, 0x3, 0x0, 0xc, 0x0,
    0x30, 0x0, 0xcf, 0xff, 0xc1, 0xb0, 0x6, 0xc0,
    0xdb, 0x3, 0x6c, 0xc, 0x0, 0x30, 0x0, 0xff,
    0xc0,

    /* U+ADF8 "그" */
    0x3f, 0xf0, 0x0, 0xc0, 0x3, 0x0, 0xc, 0x0,
    0x30, 0x0, 0xc0, 0x3, 0x0, 0xc, 0x0, 0x30,
    0x0, 0x8f, 0xff, 0xc0,

    /* U+ADF9 "극" */
    0x3f, 0xf0, 0x0, 0xc0, 0x3, 0x0, 0xc, 0x0,
    0x33, 0xff, 0xf0, 0x0, 0x0, 0x0, 0x0, 0x0,
    0xff, 0xc0, 0x3, 0x0, 0xc, 0x0, 0x30, 0x0,
    0xc0,

    /* U+ADFC "근" */
    0x3f, 0xf0, 0x0, 0xc0, 0x3, 0x0, 0xc, 0x0,
    0x30, 0x0, 0xcf, 0xff, 0xc0, 0x0, 0x0, 0x0,
    0x0, 0x3, 0x0, 0xc, 0x0, 0x30, 0x0, 0xff,
    0xc0,

    /* U+AE00 "글" */
    0x3f, 0xf0, 0x0, 0xc0, 0x3, 0x0, 0xc, 0x0,
    0x33, 0xff, 0xf0, 0x0, 0x0, 0x0, 0x3f, 0xf0,
    0x0, 0xc3, 0xff, 0xc, 0x0, 0x30, 0x0, 0xff,
    0xc0,

    /* U+AE08 "금" */
    0x3f, 0xf0, 0x0, 0xc0, 0x3, 0x0, 0xc, 0x0,
    0x33, 0xff, 0xf0, 0x0, 0x0, 0x0, 0x0, 0x0,
    0xff, 0xc3, 0x3, 0xc, 0xc, 0x30, 0x30, 0xff,
    0xc0,

    /* U+AE09 "급" */
    0x3f, 0xf0, 0x0, 0xc0, 0x3, 0x0, 0xc, 0x0,
    0x33, 0xff, 0xf0, 0x0, 0x0, 0x0, 0x30, 0x30,
    0xc0, 0xc3, 0xff, 0xc, 0xc, 0x30, 0x30, 0xff,
    0xc0,

    /* U+AE0D "긍" */
    0x3f, 0xf0, 0x0, 0xc0, 0x3, 0x0, 0xc, 0x0,
    0x33, 0xff, 0xf0, 0x0, 0x0, 0x0, 0xf, 0xc0,
    0x61, 0xc3, 0x3, 0xc, 0xc, 0x18, 0x70, 0x3f,
    0x0,

    /* U+AE30 "기" */
    0x0, 0x37, 0xf3, 0x3, 0x30, 0x33, 0x6, 0x30,
    0x63, 0xc, 0x31, 0xc3, 0x38, 0x3e, 0x3, 0x40,
    0x30, 0x3, 0x0, 0x30, 0x3,

    /* U+AE34 "긴" */
    0xff, 0x30, 0x63, 0x6, 0x30, 0xe3, 0x1c, 0x31,
    0x83, 0x78, 0x3f, 0x3, 0xc0, 0x30, 0x3, 0x30,
    0x33, 0x0, 0x30, 0x3, 0xff,

    /* U+AE38 "길" */
    0xff, 0x30, 0x63, 0xe, 0x31, 0xc3, 0x38, 0x3f,
    0x3, 0xe0, 0x30, 0x0, 0x3f, 0xf0, 0x3, 0x3f,
    0xf3, 0x0, 0x30, 0x3, 0xff,

    /* U+AE40 "김" */
    0x7f, 0x98, 0x18, 0xc0, 0xc6, 0xc, 0x30, 0xe1,
    0x8e, 0xd, 0xe0, 0x6e, 0x3, 0x0, 0x0, 0xff,
    0xc6, 0x6, 0x30, 0x31, 0x81, 0x8f, 0xfc,

    /* U+AE4A "깊" */
    0x7f, 0x98, 0x18, 0xc0, 0xc6, 0xe, 0x30, 0xe1,
    0x8e, 0xd, 0xe0, 0x6e, 0x3, 0x0, 0x0, 0xff,
    0xc1, 0x98, 0xc, 0xc0, 0x66, 0xf, 0xfc,

    /* U+AE4C "까" */
    0x0, 0x18, 0xff, 0x30, 0x66, 0x60, 0xcc, 0xc1,
    0x99, 0x86, 0x33, 0xcc, 0xc6, 0x39, 0x8c, 0x63,
    0x18, 0x8c, 0x30, 0x38, 0x60, 0x0, 0xc0, 0x1,
    0x80, 0x3, 0x0,

    /* U+AE4E "깎" */
    0x7f, 0x98, 0x33, 0x30, 0x66, 0x61, 0x8c, 0xf3,
    0x31, 0x9c, 0x63, 0x9, 0x86, 0x1, 0xc, 0x0,
    0x0, 0x7f, 0xf0, 0x18, 0x60, 0x30, 0xc0, 0x61,
    0x80, 0xc3, 0x0,

    /* U+AE50 "깐" */
    0x7f, 0x98, 0x33, 0x30, 0x66, 0x61, 0xcc, 0xc3,
    0x31, 0xee, 0x63, 0x18, 0xc6, 0x3, 0xc, 0x2,
    0x18, 0x30, 0x30, 0x60, 0x60, 0xc0, 0x1, 0x80,
    0x3, 0xff, 0x80,

    /* U+AE54 "깔" */
    0x7f, 0xd8, 0x33, 0xb0, 0x66, 0x61, 0x8c, 0xf7,
    0x39, 0x8c, 0x63, 0x1, 0xc6, 0x0, 0x0, 0x1f,
    0xf8, 0x0, 0x30, 0x7f, 0xe0, 0xc0, 0x1, 0x80,
    0x3, 0xff, 0x0,

    /* U+AE5C "깜" */
    0x7f, 0x98, 0x33, 0x30, 0x66, 0x61, 0x8c, 0xf3,
    0x31, 0x8c, 0x63, 0x11, 0x86, 0x1, 0xc, 0x0,
    0x0, 0x3f, 0xf0, 0x60, 0x60, 0xc0, 0xc1, 0x81,
    0x83, 0xff, 0x0,

    /* U+AE5D "깝" */
    0x7f, 0x98, 0x33, 0x30, 0x66, 0x61, 0x8c, 0xf3,
    0x31, 0x8c, 0x63, 0x19, 0xc6, 0x1, 0xc, 0x0,
    0x0, 0x30, 0x30, 0x7f, 0xe0, 0xc0, 0xc1, 0x81,
    0x83, 0xff, 0x0,

    /* U+AE65 "깥" */
    0x7b, 0xd8, 0x31, 0xb0, 0x63, 0x61, 0x8e, 0xf7,
    0x19, 0x8c, 0x73, 0x1, 0xc6, 0x0, 0x0, 0x1f,
    0xf8, 0x30, 0x0, 0x7f, 0xe0, 0xc0, 0x1, 0x80,
    0x3, 0xff, 0x80,

    /* U+AE68 "깨" */
    0x0, 0x6f, 0xfd, 0xb3, 0x36, 0xcc, 0xdb, 0x33,
    0x6c, 0xcd, 0xb6, 0x67, 0xd9, 0x9b, 0xe6, 0x6f,
    0x39, 0xb0, 0xc6, 0xc0, 0x1b, 0x0, 0x6c, 0x1,
    0xb0,

    /* U+AEBC "꺼" */
    0x0, 0x1b, 0xfc, 0xc6, 0x66, 0x33, 0x31, 0x99,
    0x98, 0xfc, 0xcc, 0x66, 0x63, 0x63, 0x1b, 0x30,
    0xc1, 0x86, 0x0, 0x30, 0x1, 0x80, 0xc,

    /* U+AEBE "꺾" */
    0x7f, 0x98, 0xcc, 0xc6, 0x66, 0x63, 0xf3, 0x31,
    0xb1, 0x8d, 0x98, 0x60, 0x43, 0x0, 0x1, 0xf7,
    0xc1, 0x86, 0xc, 0x30, 0x61, 0x83, 0xc,

    /* U+AECD "껍" */
    0x7f, 0x98, 0xcc, 0xc6, 0x66, 0x63, 0xf3, 0x31,
    0xb9, 0x8d, 0x98, 0x60, 0x43, 0x0, 0x0, 0xc0,
    0xc7, 0xfe, 0x30, 0x31, 0x81, 0x8f, 0xfc,

    /* U+AED8 "께" */
    0x0, 0x6f, 0xdd, 0xb3, 0x36, 0xcc, 0xdb, 0x33,
    0x6c, 0xcf, 0xb6, 0x66, 0xd9, 0x9b, 0x66, 0x6f,
    0x39, 0xb0, 0xc6, 0xc0, 0x1b, 0x0, 0x6c, 0x1,
    0xb0,

    /* U+AF2C "꼬" */
    0x7d, 0xf0, 0x30, 0xc0, 0xc3, 0x3, 0xc, 0xc,
    0x30, 0x64, 0xc1, 0x93, 0x2, 0x40, 0x1, 0x0,
    0x4, 0xf, 0xff, 0xc0,

    /* U+AF2D "꼭" */
    0x7d, 0xf0, 0x30, 0xc0, 0xc3, 0x3, 0x6c, 0x1d,
    0xb0, 0x6, 0xf, 0xff, 0xc0, 0x0, 0x0, 0x0,
    0xff, 0xc0, 0x3, 0x0, 0xc, 0x0, 0x30, 0x0,
    0xc0,

    /* U+AF34 "꼴" */
    0x7d, 0xf8, 0x30, 0x60, 0xc3, 0x3, 0xcc, 0xf,
    0x33, 0xff, 0xff, 0xff, 0xc0, 0x0, 0x3f, 0xf0,
    0x0, 0xc0, 0x3, 0xf, 0xfc, 0x30, 0x0, 0xff,
    0xe0,

    /* U+AF42 "꽂" */
    0x7d, 0xf8, 0x30, 0x60, 0xc1, 0x83, 0x66, 0xd,
    0xb0, 0x6, 0xf, 0xff, 0xc0, 0x0, 0x0, 0x0,
    0xff, 0xc0, 0x78, 0x3, 0xf0, 0x3c, 0xf1, 0xe0,
    0xe0,

    /* U+AF43 "꽃" */
    0x7d, 0xf8, 0x30, 0x60, 0xc1, 0x3, 0xc, 0xd,
    0xb0, 0x6, 0xf, 0xff, 0xc0, 0xc0, 0x3, 0x0,
    0xff, 0xc0, 0x78, 0x3, 0xf0, 0x7c, 0x78, 0x80,
    0x60,

    /* U+AF49 "꽉" */
    0x7b, 0xd8, 0x31, 0xb0, 0x63, 0x61, 0xf6, 0xf3,
    0x6d, 0xe0, 0xc3, 0x1f, 0xfe, 0x0, 0xc, 0x0,
    0x18, 0x3f, 0xf0, 0x0, 0x60, 0x0, 0xc0, 0x1,
    0x80, 0x3, 0x0,

    /* U+AF64 "꽤" */
    0x0, 0x6d, 0xfd, 0xb3, 0x36, 0xcc, 0xdb, 0x33,
    0x6c, 0xcd, 0xb6, 0xb7, 0xca, 0x1b, 0x8, 0x6c,
    0x21, 0xbf, 0xfe, 0xc0, 0x1b, 0x0, 0x6c, 0x1,
    0xb0,

    /* U+AFB8 "꾸" */
    0x7d, 0xf0, 0x30, 0xc0, 0xc3, 0x3, 0xc, 0xc,
    0x30, 0x30, 0xcf, 0xff, 0xc0, 0xc0, 0x3, 0x0,
    0xc, 0x0, 0x30, 0x0, 0xc0, 0x3, 0x0, 0xc,
    0x0,

    /* U+AFC8 "꿈" */
    0x7f, 0xf0, 0x18, 0xc0, 0x63, 0x3, 0xc, 0xc,
    0x33, 0xff, 0xf0, 0x30, 0x0, 0xc0, 0x3, 0x0,
    0xff, 0xc3, 0x3, 0xc, 0xc, 0x30, 0x30, 0xff,
    0xc0,

    /* U+B044 "끄" */
    0x7d, 0xf0, 0x30, 0xc0, 0xc3, 0x3, 0xc, 0xc,
    0x30, 0x30, 0xc0, 0xc3, 0x3, 0xc, 0xc, 0x30,
    0x60, 0xcf, 0xff, 0xc0,

    /* U+B04A "끊" */
    0x7f, 0xf0, 0x38, 0xc0, 0xc3, 0x3, 0xc, 0xc,
    0x33, 0xff, 0xf0, 0x0, 0x0, 0x10, 0x0, 0x40,
    0xcf, 0xe3, 0xe, 0xc, 0x6c, 0x31, 0xb0, 0xfb,
    0x80,

    /* U+B04C "끌" */
    0x7f, 0xf0, 0x38, 0xc0, 0xc3, 0x3, 0xc, 0xff,
    0xff, 0xff, 0xf0, 0x0, 0xf, 0xfc, 0x0, 0x30,
    0x0, 0xc3, 0xff, 0xc, 0x0, 0x30, 0x0, 0xff,
    0xc0,

    /* U+B053 "끓" */
    0x7f, 0xf0, 0x18, 0xc0, 0xc3, 0x3, 0xc, 0xc,
    0x33, 0xff, 0xf0, 0x0, 0x0, 0x0, 0x7e, 0x61,
    0xff, 0xe0, 0x60, 0x1f, 0xbc, 0x61, 0x99, 0xfb,
    0xc0,

    /* U+B057 "끗" */
    0x7d, 0xf0, 0x10, 0xc0, 0xc3, 0x3, 0xc, 0xc,
    0x30, 0x30, 0xcf, 0xff, 0xc0, 0x0, 0x3, 0x0,
    0xc, 0x0, 0x78, 0x3, 0xf0, 0x78, 0x79, 0xc0,
    0xe0,

    /* U+B05D "끝" */
    0x7f, 0xf0, 0x38, 0xc0, 0xc3, 0x3, 0xc, 0xc,
    0x33, 0xff, 0xf0, 0x0, 0xf, 0xfc, 0x3f, 0xf0,
    0xc0, 0x3, 0xff, 0xc, 0x0, 0x30, 0x0, 0xff,
    0xc0,

    /* U+B07C "끼" */
    0x0, 0x1b, 0xde, 0xc6, 0x36, 0x31, 0xb1, 0x8d,
    0x98, 0x6c, 0xc6, 0x66, 0x33, 0x63, 0x9b, 0x18,
    0xc1, 0xc6, 0x0, 0x30, 0x1, 0x80, 0xc,

    /* U+B098 "나" */
    0x0, 0x66, 0x3, 0x30, 0x19, 0x80, 0xcc, 0x6,
    0x60, 0x3f, 0x1, 0x98, 0xc, 0xc0, 0x67, 0xfb,
    0x0, 0x18, 0x0, 0xc0, 0x6, 0x0, 0x30,

    /* U+B09A "낚" */
    0xc0, 0x66, 0x3, 0x30, 0x19, 0x80, 0xfc, 0x7,
    0xff, 0xb0, 0x1, 0x80, 0xc, 0xfb, 0xe0, 0xc3,
    0x6, 0x18, 0x30, 0xc1, 0x86, 0xc, 0x30,

    /* U+B09C "난" */
    0xc0, 0x66, 0x3, 0x30, 0x19, 0x80, 0xcc, 0x7,
    0xe0, 0x3f, 0xfd, 0x80, 0xc, 0x0, 0x61, 0x83,
    0xc, 0x18, 0x60, 0x3, 0x0, 0x1f, 0xf8,

    /* U+B0A0 "날" */
    0xc0, 0x66, 0x3, 0x30, 0x1f, 0x80, 0xff, 0xf6,
    0x0, 0x30, 0x1, 0x80, 0x0, 0x3f, 0xe0, 0x3,
    0xf, 0xf8, 0x60, 0x3, 0x0, 0x1f, 0xf8,

    /* U+B0A1 "낡" */
    0xc0, 0x66, 0x3, 0x30, 0x19, 0x80, 0xfc, 0x7,
    0xff, 0xb0, 0x1, 0x80, 0x0, 0xfd, 0xe0, 0x63,
    0x3f, 0x19, 0x80, 0xcc, 0x6, 0x7e, 0x30,

    /* U+B0A8 "남" */
    0xc0, 0x66, 0x3, 0x30, 0x19, 0x80, 0xfc, 0x7,
    0xff, 0xb0, 0x1, 0x80, 0xc, 0x0, 0x1, 0xff,
    0xc, 0x18, 0x60, 0xc3, 0x6, 0x1f, 0xf0,

    /* U+B0AB "낫" */
    0xc0, 0x66, 0x3, 0x30, 0x19, 0x80, 0xfc, 0x6,
    0x7f, 0xb0, 0x1, 0x80, 0xc, 0x6, 0x60, 0x30,
    0x3, 0xc0, 0x1f, 0x3, 0x9c, 0x78, 0x78, 0x0,
    0x0,

    /* U+B0AE "낮" */
    0xc0, 0x66, 0x3, 0x30, 0x19, 0x80, 0xfc, 0x7,
    0xff, 0xb0, 0x1, 0x80, 0xc, 0x7f, 0xe0, 0x78,
    0x7, 0xe0, 0xf3, 0xce, 0x7, 0x0,

    /* U+B0AF "낯" */
    0xc0, 0x66, 0x3, 0x30, 0x19, 0x80, 0xfc, 0x7,
    0xff, 0xb0, 0x1, 0x80, 0xcc, 0x6, 0x3, 0xff,
    0x3, 0xc0, 0x3f, 0xf, 0x9f, 0x30, 0x38,

    /* U+B0B4 "내" */
    0x1, 0xbc, 0x1b, 0xc1, 0xbc, 0x1b, 0xc1, 0xbc,
    0x1b, 0xc1, 0xfc, 0x1b, 0xc1, 0xbf, 0xdb, 0x1,
    0xb0, 0x1b, 0x1, 0xb0, 0x1b,

    /* U+B0C4 "냄" */
    0xc1, 0xbc, 0x1b, 0xc1, 0xbc, 0x1f, 0xc1, 0xff,
    0xdb, 0x1, 0xb0, 0x1b, 0x0, 0x1, 0xff, 0x18,
    0x31, 0x83, 0x18, 0x31, 0xff,

    /* U+B0C9 "냉" */
    0xc1, 0xbc, 0x1b, 0xc1, 0xbc, 0x1f, 0xc1, 0xff,
    0xdb, 0x1, 0xb0, 0x1b, 0x0, 0x30, 0xfc, 0x38,
    0x73, 0x3, 0x38, 0x70, 0xfc,

    /* U+B0D0 "냐" */
    0x0, 0x66, 0x3, 0x30, 0x19, 0x80, 0xfc, 0x6,
    0x60, 0x33, 0x1, 0x98, 0xc, 0xc0, 0x7f, 0xfb,
    0x0, 0x18, 0x0, 0xc0, 0x6, 0x0, 0x30,

    /* U+B108 "너" */
    0xc0, 0x3c, 0x3, 0xc0, 0x3c, 0x3, 0xc3, 0xfc,
    0x3, 0xc0, 0x3c, 0x3, 0xc0, 0x3f, 0xfb, 0x0,
    0x30, 0x3, 0x0, 0x30, 0x3,

    /* U+B110 "널" */
    0xc0, 0x3c, 0x3, 0xc3, 0xfc, 0x3, 0xc0, 0x3f,
    0xfb, 0x0, 0x30, 0x0, 0x3f, 0xf0, 0x3, 0x3f,
    0xf3, 0x0, 0x30, 0x3, 0xff,

    /* U+B113 "넓" */
    0xc0, 0x3c, 0x3, 0xc3, 0xfc, 0x3, 0xc0, 0x3f,
    0xfb, 0x0, 0x30, 0x0, 0x7d, 0xb0, 0xdf, 0x7d,
    0xf6, 0x1b, 0x61, 0xb7, 0xdf,

    /* U+B118 "넘" */
    0xc0, 0x3c, 0x3, 0xc3, 0xfc, 0x3, 0xc0, 0x3f,
    0xfb, 0x0, 0x30, 0x3, 0x0, 0x3, 0xff, 0x30,
    0x33, 0x3, 0x30, 0x33, 0xff,

    /* U+B123 "넣" */
    0xc0, 0x3c, 0x3, 0xc3, 0xfc, 0x3, 0xc0, 0x3f,
    0xfb, 0x3, 0x30, 0x30, 0x7f, 0xf0, 0x0, 0x1f,
    0xc3, 0x6, 0x30, 0x61, 0xfc,

    /* U+B124 "네" */
    0x1, 0xbc, 0x1b, 0xc1, 0xbc, 0x1b, 0xcf, 0xbc,
    0x1b, 0xc1, 0xbc, 0x1b, 0xc1, 0xbf, 0xdb, 0x1,
    0xb0, 0x1b, 0x1, 0xb0, 0x1b,

    /* U+B137 "넷" */
    0xc1, 0xb6, 0xd, 0xb3, 0xed, 0x83, 0x6c, 0x1b,
    0x60, 0xdb, 0xf6, 0xc0, 0x36, 0x0, 0x30, 0x19,
    0x80, 0xc0, 0xf, 0x0, 0xfc, 0x3e, 0x79, 0xc0,
    0xc0,

    /* U+B140 "녀" */
    0xc0, 0x3c, 0x3, 0xc3, 0xfc, 0x3, 0xc0, 0x3c,
    0x3, 0xc3, 0xfc, 0x3, 0xc0, 0x3f, 0xfb, 0x0,
    0x30, 0x3, 0x0, 0x30, 0x3,

    /* U+B144 "년" */
    0xc0, 0x3c, 0x3f, 0xc0, 0x3c, 0x3, 0xc3, 0xfc,
    0x3, 0xff, 0xb0, 0x3, 0x0, 0x30, 0x3, 0x30,
    0x33, 0x0, 0x30, 0x3, 0xff,

    /* U+B150 "념" */
    0xc0, 0x3c, 0x3f, 0xc0, 0x3c, 0x3f, 0xc0, 0x3c,
    0x3, 0xff, 0xb0, 0x3, 0x0, 0x3, 0xff, 0x30,
    0x33, 0x3, 0x30, 0x33, 0xff,

    /* U+B155 "녕" */
    0xc0, 0x3c, 0x3f, 0xc0, 0x3c, 0x3f, 0xc0, 0x3c,
    0x3, 0xff, 0xb0, 0x3, 0x0, 0x1, 0xfc, 0x30,
    0x73, 0x3, 0x30, 0x71, 0xfc,

    /* U+B178 "노" */
    0x30, 0x0, 0xc0, 0x3, 0x0, 0xc, 0x0, 0x30,
    0x0, 0xff, 0xc0, 0x30, 0x0, 0xc0, 0x3, 0x0,
    0xc, 0xf, 0xff, 0xc0,

    /* U+B17C "논" */
    0x30, 0x0, 0xc0, 0x3, 0x0, 0xc, 0x0, 0x3f,
    0xf0, 0xc, 0x0, 0x30, 0x3f, 0xff, 0x0, 0x0,
    0x0, 0x3, 0x0, 0xc, 0x0, 0x30, 0x0, 0xff,
    0xc0,

    /* U+B180 "놀" */
    0x30, 0x0, 0xc0, 0x3, 0x0, 0xf, 0xfc, 0x3,
    0x0, 0xc, 0xf, 0xff, 0xc0, 0x0, 0x3f, 0xf0,
    0x0, 0xc3, 0xff, 0xc, 0x0, 0x30, 0x0, 0xff,
    0xc0,

    /* U+B18D "농" */
    0x30, 0x0, 0xc0, 0x3, 0x0, 0xf, 0xfc, 0x3,
    0x0, 0xc, 0xf, 0xff, 0xc0, 0x0, 0x0, 0x0,
    0x3f, 0x3, 0x7, 0xc, 0xc, 0x38, 0x70, 0x7f,
    0x0,

    /* U+B192 "높" */
    0x30, 0x0, 0xc0, 0x3, 0x0, 0xf, 0xfc, 0x3,
    0x0, 0xc, 0xf, 0xff, 0xc0, 0x0, 0x0, 0x0,
    0xff, 0xc0, 0xcc, 0x3, 0x30, 0xc, 0xc0, 0xff,
    0xc0,

    /* U+B193 "놓" */
    0x30, 0x0, 0xc0, 0x3, 0xff, 0x0, 0xc0, 0x3,
    0x3, 0xff, 0xf0, 0x0, 0x0, 0xc0, 0x7f, 0xf9,
    0xff, 0xe0, 0xfc, 0x6, 0x18, 0x18, 0x60, 0x3f,
    0x0,

    /* U+B1CC "뇌" */
    0x0, 0xc, 0xc0, 0x33, 0x0, 0xcc, 0x3, 0x30,
    0xc, 0xc0, 0x33, 0xfc, 0xc1, 0x83, 0x6, 0xc,
    0x18, 0x30, 0x60, 0xff, 0xff, 0x0, 0xc, 0x0,
    0x30,

    /* U+B204 "누" */
    0x30, 0x0, 0xc0, 0x3, 0x0, 0xc, 0x0, 0x3f,
    0xf0, 0x0, 0x0, 0x0, 0x3f, 0xff, 0x3, 0x0,
    0xc, 0x0, 0x30, 0x0, 0xc0, 0x3, 0x0, 0xc,
    0x0,

    /* U+B208 "눈" */
    0x30, 0x0, 0xc0, 0x3, 0x0, 0xc, 0x0, 0x3f,
    0xf0, 0x0, 0x0, 0x0, 0x3f, 0xff, 0x3, 0x0,
    0xc, 0x3, 0x30, 0xc, 0x0, 0x30, 0x0, 0xff,
    0xc0,

    /* U+B290 "느" */
    0x30, 0x0, 0xc0, 0x3, 0x0, 0xc, 0x0, 0x30,
    0x0, 0xff, 0xc0, 0x0, 0x0, 0x0, 0x0, 0x0,
    0x0, 0xf, 0xff, 0xc0,

    /* U+B298 "늘" */
    0x30, 0x0, 0xc0, 0x3, 0x0, 0xf, 0xfc, 0x0,
    0x3, 0xff, 0xf0, 0x0, 0xf, 0xfc, 0x3f, 0xf0,
    0x0, 0xc3, 0xff, 0xc, 0x0, 0x30, 0x0, 0xff,
    0xc0,

    /* U+B299 "늙" */
    0x30, 0x0, 0xc0, 0x3, 0x0, 0xf, 0xfc, 0x0,
    0x3, 0xff, 0xf0, 0x0, 0xf, 0xbc, 0x3e, 0xf0,
    0x18, 0xc3, 0xe3, 0xc, 0xc, 0x30, 0x30, 0xf8,
    0xc0,

    /* U+B2A5 "능" */
    0x30, 0x0, 0xc0, 0x3, 0x0, 0xf, 0xfc, 0x0,
    0x0, 0x0, 0xf, 0xff, 0xc0, 0x0, 0x0, 0x0,
    0x3f, 0x3, 0x7, 0xc, 0xc, 0x38, 0x70, 0x7f,
    0x0,

    /* U+B2AC "늬" */
    0x0, 0xc, 0xc0, 0x33, 0x0, 0xcc, 0x3, 0x30,
    0xc, 0xff, 0x30, 0x0, 0xc0, 0x3, 0x0, 0xc,
    0x0, 0x3f, 0xfe, 0xc0, 0x3, 0x0, 0xc, 0x0,
    0x30,

    /* U+B2C8 "니" */
    0xc0, 0x78, 0xf, 0x1, 0xe0, 0x3c, 0x7, 0x80,
    0xf0, 0x1e, 0x3, 0xc0, 0x7f, 0xec, 0x1, 0x80,
    0x30, 0x6, 0x0, 0xc0,

    /* U+B2D0 "닐" */
    0xc0, 0x6c, 0x6, 0xc0, 0x6c, 0x6, 0xc0, 0x6f,
    0xf6, 0x0, 0x60, 0x0, 0x3f, 0xe0, 0x6, 0x3f,
    0xe3, 0x0, 0x30, 0x3, 0xff,

    /* U+B2D8 "님" */
    0xc0, 0x78, 0xf, 0x1, 0xe0, 0x3c, 0x7, 0xfe,
    0xc0, 0x18, 0x3, 0x0, 0x7, 0xfc, 0xc1, 0x98,
    0x33, 0x6, 0x7f, 0xc0,

    /* U+B2E4 "다" */
    0x0, 0x63, 0xf9, 0x8c, 0x6, 0x30, 0x18, 0xc0,
    0x63, 0x1, 0xfc, 0x6, 0x30, 0x18, 0xc0, 0x63,
    0xfd, 0x80, 0x6, 0x0, 0x18, 0x0, 0x60, 0x1,
    0x80,

    /* U+B2E5 "닥" */
    0xfe, 0x33, 0x0, 0xcc, 0x3, 0x30, 0xf, 0xc0,
    0x3f, 0xfc, 0xc0, 0x3, 0x0, 0xc, 0x0, 0x30,
    0xff, 0xc0, 0x3, 0x0, 0xc, 0x0, 0x30, 0x0,
    0xc0,

    /* U+B2E8 "단" */
    0xfe, 0x66, 0x3, 0x30, 0x19, 0x80, 0xcc, 0x7,
    0xe0, 0x3f, 0xfd, 0x80, 0xc, 0x0, 0x61, 0x83,
    0xc, 0x18, 0x60, 0x3, 0x0, 0x1f, 0xf8,

    /* U+B2EB "닫" */
    0xfe, 0x33, 0x0, 0xcc, 0x3, 0x30, 0xf, 0xc0,
    0x3f, 0xfc, 0xc0, 0x3, 0x0, 0xc, 0x0, 0x0,
    0xff, 0xc3, 0x0, 0xc, 0x0, 0x30, 0x0, 0xff,
    0xc0,

    /* U+B2EC "달" */
    0xfe, 0x33, 0x0, 0xcc, 0x3, 0xf0, 0xf, 0xff,
    0x30, 0x0, 0xc0, 0x3, 0xf, 0xfc, 0x0, 0x30,
    0x0, 0xc3, 0xff, 0xc, 0x0, 0x30, 0x0, 0xff,
    0xc0,

    /* U+B2ED "닭" */
    0xfe, 0x66, 0x3, 0x30, 0x19, 0x80, 0xfc, 0x7,
    0xff, 0xb0, 0x1, 0x80, 0x0, 0x7d, 0xe0, 0x63,
    0x1f, 0x18, 0x80, 0xc4, 0x6, 0x3f, 0x30,

    /* U+B2EE "닮" */
    0xfe, 0x66, 0x3, 0x30, 0x19, 0x80, 0xfc, 0x7,
    0xff, 0xb0, 0x1, 0x80, 0x0, 0xfd, 0xe0, 0x6b,
    0x3f, 0x59, 0x82, 0xcc, 0x16, 0x7e, 0xf0,

    /* U+B2F4 "담" */
    0xfe, 0x33, 0x0, 0xcc, 0x3, 0x30, 0xf, 0xc0,
    0x3f, 0xfc, 0xc0, 0x3, 0x0, 0xc, 0x0, 0x0,
    0xff, 0xc3, 0x3, 0xc, 0xc, 0x30, 0x30, 0xff,
    0xc0,

    /* U+B2F5 "답" */
    0xfe, 0x33, 0x0, 0xcc, 0x3, 0x30, 0xf, 0xc0,
    0x3f, 0xfc, 0xc0, 0x3, 0x0, 0xc, 0x30, 0x30,
    0xc0, 0xc3, 0xff, 0xc, 0xc, 0x30, 0x30, 0xff,
    0xc0,

    /* U+B2F7 "닷" */
    0xfe, 0x33, 0x0, 0xcc, 0x3, 0x30, 0xf, 0xc0,
    0x33, 0x0, 0xcf, 0xf3, 0x0, 0xc, 0x6, 0x30,
    0x18, 0x0, 0x70, 0x3, 0xe0, 0x39, 0xe1, 0xc1,
    0xe4, 0x1, 0x0,

    /* U+B2F9 "당" */
    0xfe, 0x33, 0x0, 0xcc, 0x3, 0x30, 0xf, 0xc0,
    0x3f, 0xfc, 0xc0, 0x3, 0x0, 0xc, 0x0, 0x30,
    0x7f, 0x3, 0x7, 0xc, 0xc, 0x30, 0x70, 0x7f,
    0x0,

    /* U+B2FF "닿" */
    0xff, 0x33, 0x0, 0xcc, 0x3, 0xf0, 0xf, 0xff,
    0xb0, 0x0, 0xc0, 0x33, 0x0, 0xc0, 0x7f, 0xf0,
    0x0, 0x1, 0xfc, 0xe, 0x1c, 0x38, 0x70, 0x7f,
    0x0,

    /* U+B300 "대" */
    0x1, 0x9f, 0xec, 0xf0, 0x67, 0x83, 0x3c, 0x19,
    0xe0, 0xcf, 0x7, 0xf8, 0x33, 0xc1, 0x9f, 0xec,
    0xc0, 0x66, 0x3, 0x30, 0x19, 0x80, 0xcc,

    /* U+B301 "댁" */
    0xfd, 0x9e, 0xc, 0xf0, 0x67, 0x83, 0xfc, 0x1f,
    0xff, 0xcc, 0x6, 0x60, 0x33, 0x0, 0x0, 0xff,
    0xc0, 0x6, 0x0, 0x30, 0x1, 0x80, 0xc,

    /* U+B310 "댐" */
    0xfd, 0x9e, 0xc, 0xf0, 0x67, 0x83, 0xfc, 0x1f,
    0xff, 0xcc, 0x6, 0x60, 0x33, 0x0, 0x0, 0xff,
    0xc6, 0x6, 0x30, 0x31, 0x81, 0x8f, 0xfc,

    /* U+B354 "더" */
    0x0, 0x3f, 0xf3, 0xc0, 0x3c, 0x3, 0xc0, 0x3c,
    0x3f, 0xc0, 0x3c, 0x3, 0xc0, 0x3f, 0xf3, 0x0,
    0x30, 0x3, 0x0, 0x30, 0x3,

    /* U+B355 "덕" */
    0xff, 0x3c, 0x3, 0xc0, 0x3c, 0x3f, 0xc0, 0x3c,
    0x3, 0xff, 0x30, 0x3, 0x0, 0x3, 0xff, 0x0,
    0x30, 0x3, 0x0, 0x30, 0x3,

    /* U+B35C "덜" */
    0xff, 0x3c, 0x3, 0xc0, 0x3c, 0x3f, 0xc0, 0x3f,
    0xf3, 0x0, 0x30, 0x0, 0x3f, 0xf0, 0x3, 0x3f,
    0xf3, 0x0, 0x30, 0x3, 0xff,

    /* U+B364 "덤" */
    0xff, 0x3c, 0x3, 0xc0, 0x3c, 0x3f, 0xc0, 0x3c,
    0x3, 0xff, 0x30, 0x3, 0x0, 0x3, 0xff, 0x30,
    0x33, 0x3, 0x30, 0x33, 0xff,

    /* U+B365 "덥" */
    0xff, 0x3c, 0x3, 0xc3, 0xfc, 0x3f, 0xc0, 0x3f,
    0xf3, 0x0, 0x30, 0x3, 0x30, 0x33, 0x3, 0x3f,
    0xf3, 0x3, 0x30, 0x33, 0xff,

    /* U+B367 "덧" */
    0xff, 0x36, 0x1, 0xb0, 0xd, 0x87, 0xec, 0x3,
    0x60, 0x1b, 0xfc, 0xc0, 0x6, 0x0, 0x30, 0x19,
    0x80, 0xc0, 0xf, 0x0, 0xfc, 0x1e, 0x79, 0xc0,
    0xe0,

    /* U+B369 "덩" */
    0xff, 0x3c, 0x3, 0xc0, 0x3c, 0x3f, 0xc0, 0x3f,
    0xf3, 0xff, 0x30, 0x3, 0xf, 0xc1, 0x86, 0x30,
    0x33, 0x3, 0x18, 0x60, 0xfc,

    /* U+B36E "덮" */
    0xff, 0x3c, 0x3, 0xc0, 0x3c, 0x3f, 0xc0, 0x3c,
    0x3, 0xff, 0x30, 0x3, 0x0, 0x3, 0xff, 0xc,
    0xc0, 0xcc, 0xc, 0xc3, 0xff,

    /* U+B370 "데" */
    0x1, 0xbf, 0xdb, 0xc1, 0xbc, 0x1b, 0xc1, 0xbc,
    0xfb, 0xc1, 0xbc, 0x1b, 0xc1, 0xbf, 0xdb, 0x1,
    0xb0, 0x1b, 0x1, 0xb0, 0x1b,

    /* U+B378 "델" */
    0xfc, 0xdc, 0xd, 0xc0, 0xdc, 0x7d, 0xc0, 0xdf,
    0xcd, 0x0, 0xd0, 0x0, 0x1f, 0xf0, 0x1, 0x1f,
    0xf1, 0x80, 0x18, 0x1, 0xff,

    /* U+B3C4 "도" */
    0x3f, 0xf0, 0xc0, 0x3, 0x0, 0xc, 0x0, 0x30,
    0x0, 0xff, 0xc0, 0x30, 0x0, 0xc0, 0x3, 0x0,
    0xc, 0xf, 0xff, 0xc0,

    /* U+B3C5 "독" */
    0x3f, 0xf0, 0xc0, 0x3, 0x0, 0xc, 0x0, 0x3f,
    0xf0, 0xc, 0x0, 0x30, 0x3f, 0xff, 0x0, 0x0,
    0xff, 0xc0, 0x3, 0x0, 0xc, 0x0, 0x30, 0x0,
    0xc0,

    /* U+B3C8 "돈" */
    0x3f, 0xf0, 0xc0, 0x3, 0x0, 0xc, 0x0, 0x3f,
    0xf0, 0xc, 0x0, 0x30, 0x3f, 0xff, 0x0, 0x0,
    0x0, 0x3, 0x0, 0xc, 0x0, 0x30, 0x0, 0xff,
    0xc0,

    /* U+B3CC "돌" */
    0x3f, 0xf0, 0xc0, 0x3, 0x0, 0xf, 0xfc, 0x3,
    0x3, 0xff, 0xff, 0xff, 0xc0, 0x0, 0x3f, 0xf0,
    0x0, 0xc0, 0x3, 0xf, 0xfc, 0x30, 0x0, 0xff,
    0xc0,

    /* U+B3D9 "동" */
    0x3f, 0xf0, 0xc0, 0x3, 0x0, 0xf, 0xfc, 0x3,
    0x0, 0xc, 0xf, 0xff, 0xc0, 0x0, 0x0, 0x0,
    0x3f, 0x3, 0x87, 0xc, 0xc, 0x38, 0x70, 0x3f,
    0x0,

    /* U+B418 "되" */
    0x0, 0xc, 0xff, 0x33, 0x0, 0xcc, 0x3, 0x30,
    0xc, 0xc0, 0x33, 0xfc, 0xc1, 0x83, 0x6, 0xc,
    0x18, 0x30, 0x60, 0xff, 0xfb, 0x0, 0xc, 0x0,
    0x30,

    /* U+B450 "두" */
    0x3f, 0xf0, 0xc0, 0x3, 0x0, 0xc, 0x0, 0x3f,
    0xf0, 0x0, 0x0, 0x0, 0x0, 0x0, 0xff, 0xfc,
    0xc, 0x0, 0x30, 0x0, 0xc0, 0x3, 0x0, 0xc,
    0x0,

    /* U+B460 "둠" */
    0x3f, 0xf0, 0xc0, 0x3, 0x0, 0xf, 0xfc, 0x0,
    0x0, 0x0, 0xf, 0xff, 0xc0, 0xc0, 0x3, 0x0,
    0xff, 0xc3, 0x3, 0xc, 0xc, 0x30, 0x30, 0xff,
    0xc0,

    /* U+B461 "둡" */
    0x3f, 0xf0, 0xc0, 0x3, 0x0, 0xf, 0xfc, 0x0,
    0x0, 0x0, 0xf, 0xff, 0xc0, 0xc0, 0x3, 0x0,
    0xc0, 0xc3, 0xff, 0xc, 0xc, 0x30, 0x30, 0xff,
    0xc0,

    /* U+B4DC "드" */
    0x3f, 0xf0, 0xc0, 0x3, 0x0, 0xc, 0x0, 0x30,
    0x0, 0xff, 0xc0, 0x0, 0x0, 0x0, 0x0, 0x0,
    0x0, 0xf, 0xff, 0xc0,

    /* U+B4DD "득" */
    0x3f, 0xf0, 0xc0, 0x3, 0x0, 0xc, 0x0, 0x3f,
    0xf0, 0x0, 0x0, 0x0, 0x3f, 0xff, 0x0, 0x0,
    0x0, 0x3, 0xff, 0x0, 0xc, 0x0, 0x30, 0x0,
    0xc0,

    /* U+B4E0 "든" */
    0x3f, 0xf0, 0xc0, 0x3, 0x0, 0xc, 0x0, 0x3f,
    0xf0, 0x0, 0x0, 0x0, 0x3f, 0xff, 0x0, 0x0,
    0x0, 0x3, 0x0, 0xc, 0x0, 0x30, 0x0, 0xff,
    0xc0,

    /* U+B4E3 "듣" */
    0x3f, 0xf0, 0xc0, 0x3, 0x0, 0xf, 0xfc, 0x0,
    0x0, 0x0, 0xf, 0xff, 0xc0, 0x0, 0x0, 0x0,
    0xff, 0xc3, 0x0, 0xc, 0x0, 0x30, 0x0, 0xff,
    0xc0,

    /* U+B4E4 "들" */
    0x3f, 0xf0, 0xc0, 0x3, 0x0, 0xf, 0xfc, 0x0,
    0x0, 0x0, 0xf, 0xff, 0xc0, 0x0, 0x3f, 0xf0,
    0x0, 0xc0, 0x3, 0xf, 0xfc, 0x30, 0x0, 0xff,
    0xc0,

    /* U+B4EC "듬" */
    0x3f, 0xf0, 0xc0, 0x3, 0x0, 0xf, 0xfc, 0x0,
    0x0, 0x0, 0xf, 0xff, 0xc0, 0x0, 0x0, 0x0,
    0xff, 0xc3, 0x3, 0xc, 0xc, 0x30, 0x30, 0xff,
    0xc0,

    /* U+B4ED "듭" */
    0x3f, 0xf0, 0xc0, 0x3, 0x0, 0xf, 0xfc, 0x0,
    0x0, 0x0, 0xf, 0xff, 0xc0, 0x0, 0x0, 0x0,
    0xc0, 0xc3, 0xff, 0xc, 0xc, 0x30, 0x30, 0xff,
    0xc0,

    /* U+B4F1 "등" */
    0x3f, 0xf0, 0xc0, 0x3, 0x0, 0xc, 0x0, 0x3f,
    0xf0, 0x0, 0xf, 0xff, 0xc0, 0x0, 0x0, 0x0,
    0x3f, 0x3, 0x87, 0xc, 0xc, 0x38, 0x70, 0x3f,
    0x0,

    /* U+B514 "디" */
    0x0, 0x3f, 0xf3, 0xc0, 0x3c, 0x3, 0xc0, 0x3c,
    0x3, 0xc0, 0x3c, 0x3, 0xc0, 0x3f, 0xf3, 0x0,
    0x30, 0x3, 0x0, 0x30, 0x3,

    /* U+B52A "딪" */
    0xff, 0x36, 0x1, 0xb0, 0xd, 0x80, 0x6c, 0x3,
    0x7f, 0x98, 0x0, 0xc0, 0x6, 0x0, 0x3, 0xff,
    0x81, 0xc0, 0x1f, 0x7, 0xcf, 0x38, 0x3c,

    /* U+B530 "따" */
    0x0, 0x33, 0xde, 0xcc, 0x63, 0x31, 0x8c, 0xc6,
    0x33, 0x18, 0xfc, 0x63, 0x31, 0x8c, 0xc6, 0x33,
    0xdf, 0xc0, 0x3, 0x0, 0xc, 0x0, 0x30, 0x0,
    0xc0,

    /* U+B545 "땅" */
    0xf7, 0xb3, 0x18, 0xcc, 0x63, 0x31, 0x8f, 0xc6,
    0x33, 0x38, 0xcf, 0xff, 0x0, 0xc, 0x0, 0x30,
    0x3f, 0x3, 0x87, 0xc, 0xc, 0x38, 0x70, 0x3f,
    0x0,

    /* U+B54C "때" */
    0x0, 0xdf, 0x76, 0xf3, 0x37, 0x99, 0xbc, 0xcd,
    0xe6, 0x6f, 0x33, 0xf9, 0x9b, 0xcc, 0xdf, 0xfe,
    0xc0, 0x36, 0x1, 0xb0, 0xd, 0x80, 0x6c,

    /* U+B5A1 "떡" */
    0xff, 0x3c, 0xc3, 0xcc, 0x3c, 0xcf, 0xcc, 0x3c,
    0xc3, 0xff, 0xb0, 0x3, 0x0, 0x33, 0xff, 0x0,
    0x30, 0x3, 0x0, 0x30, 0x3,

    /* U+B6B1 "뚱" */
    0x3d, 0xf8, 0x86, 0x2, 0x18, 0xf, 0xfe, 0x0,
    0x0, 0x0, 0xf, 0xff, 0xc0, 0xc0, 0x3, 0x0,
    0x7f, 0x83, 0x7, 0xc, 0xc, 0x38, 0x70, 0x3f,
    0x0,

    /* U+B728 "뜨" */
    0x7d, 0xf9, 0x86, 0x6, 0x18, 0x18, 0x60, 0x61,
    0x81, 0xff, 0xe0, 0x0, 0x0, 0x0, 0x0, 0x0,
    0x0, 0xf, 0xff, 0xc0,

    /* U+B729 "뜩" */
    0x3d, 0xf8, 0xc6, 0x3, 0x18, 0xf, 0xfe, 0x0,
    0x0, 0x0, 0xf, 0xff, 0xc0, 0x0, 0x0, 0x0,
    0x0, 0x3, 0xff, 0x0, 0xc, 0x0, 0x30, 0x0,
    0xc0,

    /* U+B77C "라" */
    0x0, 0x67, 0xf3, 0x1, 0x98, 0xc, 0xc0, 0x66,
    0x7f, 0x3f, 0x1, 0x98, 0xc, 0xc0, 0x66, 0x3,
    0x3f, 0xd8, 0x0, 0xc0, 0x6, 0x0, 0x30,

    /* U+B77D "락" */
    0xfe, 0x30, 0x18, 0xc0, 0x63, 0x3f, 0x8f, 0xc0,
    0x33, 0x2, 0xcf, 0xfb, 0x0, 0xc, 0x0, 0x30,
    0xff, 0xc0, 0x3, 0x0, 0xc, 0x0, 0x30, 0x0,
    0xc0,

    /* U+B780 "란" */
    0xfe, 0x60, 0x33, 0x1, 0x99, 0xfc, 0xcf, 0xe7,
    0xe0, 0x33, 0x1, 0x9f, 0xec, 0x0, 0x60, 0x3,
    0xc, 0x18, 0x60, 0x3, 0x0, 0x1f, 0xf8,

    /* U+B78C "람" */
    0xfe, 0x30, 0x18, 0xc0, 0x63, 0x3f, 0x8f, 0xc0,
    0x33, 0x0, 0xcf, 0xfb, 0x0, 0xc, 0x0, 0x0,
    0xff, 0xc3, 0x3, 0xc, 0xc, 0x30, 0x30, 0xff,
    0xc0,

    /* U+B78D "랍" */
    0xfe, 0x30, 0x18, 0xc0, 0x63, 0x3f, 0x8f, 0xc0,
    0x33, 0x0, 0xcf, 0xfb, 0x0, 0xc, 0x0, 0x0,
    0xc0, 0xc3, 0xff, 0xc, 0xc, 0x30, 0x30, 0xff,
    0xc0,

    /* U+B791 "랑" */
    0xfe, 0x30, 0x18, 0xc0, 0x63, 0x3f, 0x8f, 0xc0,
    0x33, 0x0, 0xcf, 0xfb, 0x0, 0xc, 0x0, 0x30,
    0x7f, 0x3, 0x7, 0xc, 0xc, 0x30, 0x70, 0x7f,
    0x0,

    /* U+B797 "랗" */
    0xfe, 0x60, 0x33, 0x3f, 0x9f, 0x80, 0xfc, 0x6,
    0x7f, 0xf0, 0x19, 0x80, 0xc0, 0x7f, 0xf3, 0xff,
    0x87, 0xf0, 0x60, 0xc3, 0x6, 0xf, 0xe0,

    /* U+B798 "래" */
    0xfd, 0x98, 0x6c, 0xc3, 0x66, 0x1b, 0x30, 0xd9,
    0xfe, 0xcf, 0x7, 0xf8, 0x33, 0xc1, 0x9f, 0xfc,
    0xc0, 0x66, 0x3, 0x30, 0x19, 0x80, 0xcc,

    /* U+B799 "랙" */
    0xfc, 0xd8, 0x66, 0xc3, 0x37, 0xf9, 0xfc, 0xd,
    0xe0, 0x6f, 0xfb, 0x60, 0x1b, 0x0, 0x0, 0xff,
    0xc0, 0x6, 0x0, 0x30, 0x1, 0x80, 0xc,

    /* U+B79C "랜" */
    0xfe, 0xd8, 0x76, 0xc3, 0xb7, 0xfd, 0xbf, 0xef,
    0xe0, 0x6f, 0x3, 0x7f, 0xdb, 0x0, 0xd8, 0x6,
    0xc6, 0x6, 0x30, 0x1, 0x80, 0xf, 0xfc,

    /* U+B7A8 "램" */
    0xfc, 0xd8, 0x66, 0xc3, 0x37, 0xf9, 0xfc, 0xd,
    0xe0, 0x6f, 0xfb, 0x60, 0x1b, 0x0, 0x0, 0xff,
    0xc6, 0x6, 0x30, 0x31, 0x81, 0x8f, 0xfc,

    /* U+B7AB "랫" */
    0xfc, 0xd8, 0x33, 0x60, 0xcd, 0xbf, 0x3e, 0xc0,
    0xdb, 0x3, 0x6c, 0xd, 0xbf, 0xb6, 0x3, 0x18,
    0xc, 0x0, 0x78, 0x3, 0xf0, 0x1c, 0xf1, 0xe0,
    0xe0,

    /* U+B7C9 "량" */
    0xfe, 0x30, 0x18, 0xf0, 0x63, 0xff, 0x8c, 0xc0,
    0x33, 0x0, 0xff, 0xfb, 0x0, 0xc, 0x0, 0x30,
    0x7f, 0x3, 0x7, 0xc, 0xc, 0x30, 0x70, 0x7f,
    0x0,

    /* U+B7EC "러" */
    0x0, 0x3f, 0xe3, 0x6, 0x30, 0x63, 0x6, 0x3f,
    0xff, 0xc0, 0x3c, 0x3, 0xc0, 0x3c, 0x3, 0xff,
    0x30, 0x3, 0x0, 0x30, 0x3,

    /* U+B7ED "럭" */
    0xfe, 0x30, 0x63, 0x6, 0x3f, 0xef, 0xc0, 0x3c,
    0x3, 0xff, 0x30, 0x3, 0x0, 0x3, 0xff, 0x0,
    0x30, 0x3, 0x0, 0x30, 0x3,

    /* U+B7F0 "런" */
    0xfe, 0x30, 0x63, 0x6, 0x3f, 0xef, 0xc0, 0x3c,
    0x3, 0xc0, 0x3f, 0xf3, 0x0, 0x30, 0x3, 0x30,
    0x33, 0x0, 0x30, 0x3, 0xff,

    /* U+B7FC "럼" */
    0xfe, 0x30, 0x63, 0x6, 0x3f, 0xef, 0xc0, 0x3c,
    0x3, 0xff, 0x30, 0x3, 0x0, 0x3, 0xff, 0x30,
    0x33, 0x3, 0x30, 0x33, 0xff,

    /* U+B7FD "럽" */
    0xfe, 0x30, 0x63, 0x6, 0x3f, 0xef, 0xc0, 0x3c,
    0x3, 0xff, 0x30, 0x3, 0x0, 0x3, 0x3, 0x3f,
    0xf3, 0x3, 0x30, 0x33, 0xff,

    /* U+B807 "렇" */
    0xfe, 0x18, 0x30, 0xc1, 0xbf, 0xfd, 0xfc, 0x1,
    0xff, 0x8c, 0x0, 0x60, 0x63, 0x3, 0x3, 0xff,
    0xc3, 0xf8, 0x60, 0x63, 0x3, 0xf, 0xf0,

    /* U+B808 "레" */
    0xfc, 0xd8, 0x66, 0xc3, 0x36, 0x19, 0xb0, 0xcd,
    0xff, 0xef, 0x3, 0x78, 0x1b, 0xc0, 0xde, 0x6,
    0xff, 0xb6, 0x1, 0xb0, 0xd, 0x80, 0x6c,

    /* U+B809 "렉" */
    0xfc, 0xd8, 0x66, 0xc3, 0xf7, 0xff, 0xbc, 0xd,
    0xe0, 0x6f, 0xfb, 0x60, 0x1b, 0x0, 0x1, 0xff,
    0xc0, 0x6, 0x0, 0x30, 0x1, 0x80, 0xc,

    /* U+B824 "려" */
    0x0, 0x3f, 0xe3, 0xfe, 0x30, 0x7f, 0x6, 0x3f,
    0xe3, 0xfe, 0x3c, 0x1f, 0xc0, 0x3c, 0x3, 0xff,
    0x30, 0x3, 0x0, 0x30, 0x3,

    /* U+B825 "력" */
    0xfe, 0x30, 0x6f, 0x6, 0xff, 0xe3, 0xc0, 0xfc,
    0xf, 0xfe, 0x30, 0x3, 0x0, 0x33, 0xff, 0x0,
    0x30, 0x3, 0x0, 0x30, 0x3,

    /* U+B828 "련" */
    0xfe, 0x30, 0x6f, 0x6, 0xff, 0xe3, 0xc0, 0xfc,
    0xf, 0xc0, 0xff, 0xe3, 0x0, 0x30, 0x3, 0x30,
    0x33, 0x0, 0x30, 0x3, 0xff,

    /* U+B82C "렬" */
    0xfe, 0x30, 0x6f, 0x6, 0xff, 0xe3, 0xc0, 0xff,
    0xe3, 0x0, 0x30, 0x0, 0x3f, 0xf0, 0x3, 0x3f,
    0xf3, 0x0, 0x30, 0x3, 0xff,

    /* U+B835 "렵" */
    0xfe, 0x30, 0x6f, 0x6, 0xff, 0xe3, 0xc0, 0xfc,
    0xf, 0xfe, 0x30, 0x3, 0x0, 0x3, 0x3, 0x3f,
    0xf3, 0x3, 0x30, 0x33, 0xff,

    /* U+B839 "령" */
    0xfe, 0x30, 0x6f, 0x6, 0xff, 0xe3, 0xc0, 0xfc,
    0xf, 0xfe, 0x30, 0x3, 0x0, 0x0, 0xfe, 0x18,
    0x33, 0x3, 0x18, 0x30, 0xfe,

    /* U+B840 "례" */
    0xf8, 0xd8, 0xc6, 0xc6, 0x36, 0x37, 0xb1, 0x8d,
    0xfc, 0x6f, 0xe3, 0x78, 0x7b, 0xc0, 0xde, 0x6,
    0xff, 0xb6, 0x1, 0xb0, 0xd, 0x80, 0x6c,

    /* U+B85C "로" */
    0x3f, 0xf0, 0x0, 0xc0, 0x3, 0xf, 0xfc, 0x30,
    0x0, 0xc0, 0x3, 0xff, 0x0, 0xc0, 0x3, 0x0,
    0xc, 0xf, 0xff, 0xc0,

    /* U+B85D "록" */
    0x3f, 0xf0, 0x0, 0xc3, 0xff, 0xc, 0x0, 0x3f,
    0xf0, 0xc, 0x0, 0x30, 0x3f, 0xff, 0x0, 0x0,
    0x0, 0x3, 0xff, 0x0, 0xc, 0x0, 0x30, 0x0,
    0xc0,

    /* U+B860 "론" */
    0x3f, 0xf0, 0x0, 0xc3, 0xff, 0xc, 0x0, 0x30,
    0x0, 0xff, 0xc0, 0x30, 0x0, 0xc0, 0xff, 0xfc,
    0x0, 0x3, 0x0, 0xc, 0x0, 0x30, 0x0, 0xff,
    0xc0,

    /* U+B864 "롤" */
    0x3f, 0xf0, 0x0, 0xc3, 0xff, 0xc, 0x0, 0x3f,
    0xf0, 0xc, 0xf, 0xff, 0xc0, 0x0, 0x0, 0x0,
    0xff, 0xc0, 0x3, 0xf, 0xfc, 0x30, 0x0, 0xff,
    0xc0,

    /* U+B86D "롭" */
    0x3f, 0xf0, 0x0, 0xc3, 0xff, 0xc, 0x0, 0x3f,
    0xf0, 0xc, 0x0, 0x30, 0x3f, 0xff, 0x0, 0x0,
    0xc0, 0xc3, 0xff, 0xc, 0xc, 0x30, 0x30, 0xff,
    0xc0,

    /* U+B86F "롯" */
    0x3f, 0xf0, 0x0, 0xc3, 0xff, 0xc, 0x0, 0x30,
    0x0, 0xff, 0xc0, 0x30, 0x3f, 0xff, 0x3, 0x0,
    0xc, 0x0, 0x78, 0x7, 0xf8, 0x78, 0x78, 0x80,
    0x0,

    /* U+B8CC "료" */
    0x3f, 0xf0, 0x0, 0xc0, 0x3, 0xf, 0xfc, 0x30,
    0x0, 0xc0, 0x3, 0xff, 0x3, 0x30, 0xc, 0xc0,
    0x33, 0xf, 0xff, 0xc0,

    /* U+B8E8 "루" */
    0x3f, 0xf0, 0x0, 0xc0, 0x3, 0xf, 0xfc, 0x30,
    0x0, 0xff, 0xc0, 0x0, 0x0, 0x0, 0xff, 0xfc,
    0xc, 0x0, 0x30, 0x0, 0xc0, 0x3, 0x0, 0xc,
    0x0,

    /* U+B8E9 "룩" */
    0x3f, 0xf0, 0x0, 0xc3, 0xff, 0xc, 0x0, 0x3f,
    0xf0, 0x0, 0x0, 0x0, 0x3f, 0xff, 0x3, 0x0,
    0xc, 0x3, 0xff, 0x0, 0xc, 0x0, 0x30, 0x0,
    0xc0,

    /* U+B904 "뤄" */
    0x3f, 0x8c, 0x2, 0x33, 0xf8, 0xcc, 0x3, 0x3f,
    0xcc, 0xff, 0x30, 0x0, 0xff, 0xfb, 0x6, 0xc,
    0x18, 0x30, 0x67, 0xc1, 0x83, 0x6, 0xc, 0x18,
    0x30,

    /* U+B958 "류" */
    0x3f, 0xf0, 0x0, 0xc0, 0x3, 0xf, 0xfc, 0x30,
    0x0, 0xff, 0xc0, 0x0, 0x0, 0x0, 0xff, 0xfc,
    0x61, 0x81, 0x86, 0x6, 0x18, 0x18, 0x60, 0x61,
    0x80,

    /* U+B959 "륙" */
    0x3f, 0xf0, 0x0, 0xc3, 0xff, 0xc, 0x0, 0x3f,
    0xf0, 0x0, 0x0, 0x0, 0x3f, 0xff, 0xc, 0xc0,
    0xff, 0xc3, 0xff, 0x0, 0xc, 0x0, 0x30, 0x0,
    0xc0,

    /* U+B960 "률" */
    0x3f, 0xf0, 0x0, 0xc3, 0xff, 0xc, 0x0, 0x3f,
    0xf0, 0x0, 0xf, 0xff, 0xc3, 0x30, 0xc, 0xc0,
    0xff, 0xc0, 0x3, 0xf, 0xfc, 0x30, 0x0, 0xff,
    0xc0,

    /* U+B974 "르" */
    0x3f, 0xf0, 0x0, 0xc0, 0x3, 0xf, 0xfc, 0x30,
    0x0, 0xc0, 0x3, 0xff, 0x0, 0x0, 0x0, 0x0,
    0x0, 0xf, 0xff, 0xc0,

    /* U+B978 "른" */
    0x3f, 0xf0, 0x0, 0xc3, 0xff, 0xc, 0x0, 0x30,
    0x0, 0xff, 0xc0, 0x0, 0x0, 0x0, 0xff, 0xfc,
    0x0, 0x3, 0x0, 0xc, 0x0, 0x30, 0x0, 0xff,
    0xc0,

    /* U+B984 "름" */
    0x3f, 0xf0, 0x0, 0xc3, 0xff, 0xc, 0x0, 0x3f,
    0xf0, 0x0, 0x0, 0x0, 0x3f, 0xff, 0x0, 0x0,
    0x0, 0x3, 0xff, 0xc, 0xc, 0x30, 0x30, 0xff,
    0xc0,

    /* U+B987 "릇" */
    0x3f, 0xf0, 0x0, 0xc3, 0xff, 0xc, 0x0, 0x30,
    0x0, 0xff, 0xc0, 0x0, 0x3f, 0xff, 0x0, 0x0,
    0xc, 0x0, 0x78, 0x3, 0xf0, 0x78, 0xf8, 0x80,
    0x40,

    /* U+B98E "릎" */
    0x3f, 0xf0, 0x0, 0xc3, 0xff, 0xc, 0x0, 0x3f,
    0xf0, 0x0, 0xf, 0xff, 0xff, 0xff, 0x0, 0x0,
    0xff, 0xc1, 0x86, 0x6, 0x18, 0x18, 0x60, 0xff,
    0xc0,

    /* U+B9AC "리" */
    0x0, 0x3f, 0xe3, 0x6, 0x30, 0x63, 0x6, 0x3f,
    0xe3, 0xc0, 0x3c, 0x3, 0xc0, 0x3c, 0x3, 0xff,
    0x30, 0x3, 0x0, 0x30, 0x3,

    /* U+B9BC "림" */
    0xfe, 0x30, 0x63, 0x6, 0x3f, 0xe3, 0xc0, 0x3c,
    0x3, 0xff, 0x30, 0x3, 0x0, 0x3, 0xff, 0x30,
    0x33, 0x3, 0x30, 0x33, 0xff,

    /* U+B9BD "립" */
    0xfe, 0x30, 0x63, 0x6, 0x3f, 0xe3, 0xc0, 0x3c,
    0x3, 0xff, 0x30, 0x3, 0x0, 0x3, 0x3, 0x3f,
    0xf3, 0x3, 0x30, 0x33, 0xff,

    /* U+B9BF "릿" */
    0xfe, 0x30, 0x31, 0x81, 0x8d, 0xfc, 0x6c, 0x3,
    0x60, 0x1b, 0x0, 0xdf, 0xe6, 0x0, 0x30, 0x31,
    0x81, 0x80, 0x1e, 0x1, 0xf8, 0x3c, 0xf9, 0x81,
    0xc0,

    /* U+B9C8 "마" */
    0x0, 0x67, 0xf3, 0x31, 0x99, 0x8c, 0xcc, 0x66,
    0x63, 0x3f, 0x19, 0x98, 0xcc, 0xc6, 0x67, 0xf3,
    0x0, 0x18, 0x0, 0xc0, 0x6, 0x0, 0x30,

    /* U+B9C9 "막" */
    0xfe, 0x33, 0x18, 0xcc, 0x63, 0x31, 0x8f, 0xc6,
    0x33, 0x18, 0xcf, 0xe3, 0x0, 0xc, 0x0, 0x30,
    0xff, 0xc0, 0x3, 0x0, 0xc, 0x0, 0x30, 0x0,
    0xc0,

    /* U+B9CC "만" */
    0xfe, 0x66, 0x33, 0x31, 0x99, 0x8c, 0xcc, 0x67,
    0xe3, 0x3f, 0xf9, 0x80, 0xc, 0x0, 0x61, 0x83,
    0xc, 0x18, 0x60, 0x3, 0x0, 0x1f, 0xf8,

    /* U+B9CE "많" */
    0xfe, 0x33, 0x18, 0xcc, 0x63, 0xf1, 0x8f, 0xc6,
    0x33, 0xf8, 0xc0, 0x3, 0x0, 0x30, 0xc7, 0xfb,
    0x1f, 0xec, 0x1e, 0x30, 0xcc, 0xc3, 0x33, 0xe7,
    0x80,

    /* U+B9D0 "말" */
    0xfe, 0x33, 0x18, 0xcc, 0x63, 0x31, 0x8f, 0xc6,
    0x33, 0xf8, 0xc0, 0x3, 0x0, 0x0, 0x3f, 0xf0,
    0x0, 0xc3, 0xff, 0xc, 0x0, 0x30, 0x0, 0xff,
    0xc0,

    /* U+B9DB "맛" */
    0xfe, 0x33, 0x18, 0xcc, 0x63, 0x31, 0x8f, 0xc6,
    0x33, 0x18, 0xcf, 0xe3, 0x0, 0xc, 0x6, 0x30,
    0x1c, 0x0, 0x70, 0x3, 0xe0, 0x3d, 0xe1, 0xc1,
    0xe4, 0x0, 0x0,

    /* U+B9DD "망" */
    0xfe, 0x33, 0x18, 0xcc, 0x63, 0x31, 0x8f, 0xc6,
    0x33, 0x18, 0xcf, 0xe3, 0x0, 0xc, 0x0, 0x30,
    0x7f, 0x3, 0x7, 0xc, 0xc, 0x30, 0x70, 0x7f,
    0x0,

    /* U+B9DE "맞" */
    0xfe, 0x33, 0x18, 0xcc, 0x63, 0x31, 0x8f, 0xc6,
    0x3f, 0xf8, 0xc0, 0x3, 0x0, 0xc, 0x0, 0x1,
    0xff, 0xc0, 0x70, 0x3, 0xe0, 0x78, 0xf1, 0xc1,
    0xe0,

    /* U+B9E1 "맡" */
    0xfe, 0x33, 0x18, 0xcc, 0x63, 0xf1, 0x8f, 0xc6,
    0x33, 0xf8, 0xc0, 0x3, 0x0, 0x0, 0x3f, 0xf0,
    0xc0, 0x3, 0xff, 0xc, 0x0, 0x30, 0x0, 0xff,
    0xc0,

    /* U+B9E3 "맣" */
    0xfe, 0x66, 0x33, 0x31, 0x9f, 0x8c, 0xff, 0xe6,
    0x0, 0x30, 0xd, 0x80, 0x60, 0x7f, 0xf0, 0x0,
    0x7, 0xf0, 0x60, 0xc3, 0x6, 0xf, 0xe0,

    /* U+B9E4 "매" */
    0x1, 0x9f, 0xec, 0xf3, 0x67, 0x9b, 0x3c, 0xd9,
    0xe6, 0xcf, 0x37, 0xf9, 0xb3, 0xcd, 0x9f, 0xec,
    0xc0, 0x66, 0x3, 0x30, 0x19, 0x80, 0xcc,

    /* U+B9E5 "맥" */
    0xfd, 0x9e, 0x6c, 0xf3, 0x67, 0x9b, 0xfc, 0xd9,
    0xe6, 0xcf, 0xf6, 0x60, 0x33, 0x0, 0x0, 0xff,
    0xc0, 0x6, 0x0, 0x30, 0x1, 0x80, 0xc,

    /* U+B9E8 "맨" */
    0xfd, 0x9e, 0x6c, 0xf3, 0x67, 0x9b, 0xfc, 0xdf,
    0xe6, 0xff, 0xf6, 0x60, 0x33, 0x1, 0x98, 0xcc,
    0xc6, 0x6, 0x30, 0x1, 0x80, 0xf, 0xfc,

    /* U+B9FA "맺" */
    0xfd, 0x9b, 0x36, 0x6c, 0xd9, 0xb3, 0x7e, 0xcd,
    0xfb, 0xf6, 0x60, 0x19, 0x80, 0x66, 0x3f, 0xf8,
    0xe, 0x0, 0x7c, 0x7, 0x3c, 0x30, 0x3c,

    /* U+BA38 "머" */
    0x0, 0x3f, 0xe3, 0xc6, 0x3c, 0x63, 0xc6, 0x3c,
    0x7f, 0xc6, 0x3c, 0x63, 0xc6, 0x3f, 0xe3, 0x0,
    0x30, 0x3, 0x0, 0x30, 0x3,

    /* U+BA39 "먹" */
    0xfe, 0x3c, 0x63, 0xc6, 0x3c, 0x7f, 0xc6, 0x3c,
    0x63, 0xfe, 0x30, 0x3, 0x0, 0x33, 0xff, 0x0,
    0x30, 0x3, 0x0, 0x30, 0x3,

    /* U+BA3C "먼" */
    0xfe, 0x3c, 0x63, 0xc6, 0x3c, 0x7f, 0xc6, 0x3c,
    0x63, 0xfe, 0x30, 0x3, 0x0, 0x33, 0x3, 0x30,
    0x33, 0x0, 0x30, 0x3, 0xff,

    /* U+BA40 "멀" */
    0xfe, 0x3c, 0x63, 0xc7, 0xfc, 0x63, 0xc6, 0x3f,
    0xe3, 0x0, 0x30, 0x0, 0x3f, 0xf0, 0x3, 0x3f,
    0xf3, 0x0, 0x30, 0x3, 0xff,

    /* U+BA48 "멈" */
    0xfe, 0x3c, 0x63, 0xc6, 0x3c, 0x7f, 0xc6, 0x3f,
    0xe3, 0x0, 0x30, 0x3, 0x0, 0x3, 0xff, 0x30,
    0x33, 0x3, 0x30, 0x33, 0xff,

    /* U+BA4B "멋" */
    0xfe, 0x36, 0x31, 0xb1, 0x8d, 0x8f, 0xec, 0x63,
    0x63, 0x1b, 0xf8, 0xc0, 0x6, 0x6, 0x30, 0x30,
    0x1, 0xc0, 0x1f, 0x3, 0xde, 0x38, 0x38, 0x0,
    0x0,

    /* U+BA4D "멍" */
    0xfe, 0x3c, 0x63, 0xc6, 0x3c, 0x7f, 0xc6, 0x3f,
    0xe3, 0xfe, 0x30, 0x3, 0xf, 0xc1, 0x86, 0x30,
    0x33, 0x3, 0x18, 0x60, 0xfc,

    /* U+BA54 "메" */
    0x0, 0xdf, 0xe6, 0xf3, 0x37, 0x99, 0xbc, 0xcd,
    0xe7, 0xef, 0x33, 0x79, 0x9b, 0xcc, 0xdf, 0xe6,
    0xc0, 0x36, 0x1, 0xb0, 0xd, 0x80, 0x6c,

    /* U+BA70 "며" */
    0x0, 0x3f, 0xe3, 0xfe, 0x3c, 0x7f, 0xc6, 0x3c,
    0x63, 0xc6, 0x3c, 0x7f, 0xc7, 0xff, 0xe3, 0x0,
    0x30, 0x3, 0x0, 0x30, 0x3,

    /* U+BA74 "면" */
    0x0, 0x3f, 0xe3, 0xc7, 0xfc, 0x63, 0xc6, 0x3c,
    0x7f, 0xfe, 0x30, 0x3, 0x0, 0x33, 0x3, 0x30,
    0x33, 0x0, 0x30, 0x3, 0xff,

    /* U+BA85 "명" */
    0xfe, 0x3c, 0x63, 0xc7, 0xfc, 0x63, 0xc6, 0x3c,
    0x7f, 0xfe, 0x30, 0x3, 0xf, 0xc1, 0x86, 0x30,
    0x33, 0x3, 0x18, 0x60, 0xfc,

    /* U+BA87 "몇" */
    0xfe, 0x36, 0x3f, 0xb1, 0x8d, 0x8c, 0x6c, 0x7f,
    0x7f, 0x18, 0x0, 0xc0, 0x66, 0x3, 0x1, 0xff,
    0x81, 0xe0, 0x1f, 0x87, 0x8f, 0x98, 0x18,

    /* U+BAA8 "모" */
    0x3f, 0xf0, 0xc0, 0xc3, 0x3, 0xc, 0xc, 0x30,
    0x30, 0xff, 0xc0, 0x30, 0x0, 0xc0, 0x3, 0x0,
    0xc, 0xf, 0xff, 0xc0,

    /* U+BAA9 "목" */
    0x3f, 0xf0, 0xc0, 0xc3, 0x3, 0xc, 0xc, 0x3f,
    0xf0, 0xc, 0x0, 0x30, 0x3f, 0xff, 0x0, 0x0,
    0xff, 0xc0, 0x3, 0x0, 0xc, 0x0, 0x30, 0x0,
    0xc0,

    /* U+BAB0 "몰" */
    0x3f, 0xf0, 0xc0, 0xc3, 0x3, 0xf, 0xfc, 0x3,
    0x3, 0xff, 0xff, 0xff, 0xc0, 0x0, 0x3f, 0xf0,
    0x0, 0xc0, 0x3, 0xf, 0xfc, 0x30, 0x0, 0xff,
    0xc0,

    /* U+BAB8 "몸" */
    0x3f, 0xf0, 0xc0, 0xc3, 0x3, 0xc, 0xc, 0x3f,
    0xf0, 0xc, 0xf, 0xff, 0xc0, 0x0, 0x0, 0x0,
    0xff, 0xc3, 0x3, 0xc, 0xc, 0x30, 0x30, 0xff,
    0xc0,

    /* U+BAB9 "몹" */
    0x3f, 0xf0, 0xc0, 0xc3, 0x3, 0xc, 0xc, 0x3f,
    0xf0, 0xc, 0xf, 0xff, 0xc0, 0x0, 0x0, 0x0,
    0xc0, 0xc3, 0xff, 0xc, 0xc, 0x30, 0x30, 0xff,
    0xc0,

    /* U+BABB "못" */
    0x3f, 0xf0, 0xc0, 0xc3, 0x3, 0xc, 0xc, 0x3f,
    0xf0, 0xc, 0x0, 0x30, 0x3f, 0xff, 0x0, 0x0,
    0xc, 0x0, 0x78, 0x3, 0xf0, 0x7c, 0xf9, 0xc0,
    0xe0,

    /* U+BB34 "무" */
    0x3f, 0xf0, 0xc0, 0xc3, 0x3, 0xc, 0xc, 0x30,
    0x30, 0xff, 0xc0, 0x0, 0x0, 0x0, 0xff, 0xfc,
    0xc, 0x0, 0x30, 0x0, 0xc0, 0x3, 0x0, 0xc,
    0x0,

    /* U+BB35 "묵" */
    0x3f, 0xf0, 0xc0, 0xc3, 0x3, 0xf, 0xfc, 0x3f,
    0xf0, 0x0, 0xf, 0xff, 0xc0, 0xc0, 0x3, 0x0,
    0xff, 0xc0, 0x3, 0x0, 0xc, 0x0, 0x30, 0x0,
    0xc0,

    /* U+BB36 "묶" */
    0x3f, 0xf0, 0xc0, 0xc3, 0x3, 0xf, 0xfc, 0x3f,
    0xf0, 0x0, 0xf, 0xff, 0xc0, 0xc0, 0x3, 0x1,
    0xff, 0xe0, 0x61, 0x81, 0x86, 0x6, 0x18, 0x18,
    0x60,

    /* U+BB38 "문" */
    0x3f, 0xf0, 0xc0, 0xc3, 0x3, 0xc, 0xc, 0x3f,
    0xf0, 0x0, 0x0, 0x0, 0x3f, 0xff, 0x3, 0x0,
    0xc, 0x3, 0x30, 0xc, 0x0, 0x30, 0x0, 0xff,
    0xc0,

    /* U+BB3B "묻" */
    0x3f, 0xf0, 0xc0, 0xc3, 0x3, 0xc, 0xc, 0x3f,
    0xf0, 0x0, 0xf, 0xff, 0xc0, 0xc0, 0x3, 0x0,
    0xff, 0xc3, 0x0, 0xc, 0x0, 0x30, 0x0, 0xff,
    0xc0,

    /* U+BB3C "물" */
    0x3f, 0xf0, 0xc0, 0xc3, 0x3, 0xf, 0xfc, 0x0,
    0x0, 0x0, 0xf, 0xff, 0xc0, 0xc0, 0x3f, 0xf0,
    0x0, 0xc0, 0x3, 0xf, 0xfc, 0x30, 0x0, 0xff,
    0xc0,

    /* U+BB47 "뭇" */
    0x3f, 0xf0, 0xc0, 0xc3, 0x3, 0xf, 0xfc, 0x3f,
    0xf0, 0x0, 0xf, 0xff, 0xc0, 0xc0, 0x0, 0x0,
    0xc, 0x0, 0x78, 0x3, 0xf0, 0x78, 0x78, 0x80,
    0x0,

    /* U+BB54 "뭔" */
    0x3f, 0x98, 0xc6, 0x63, 0x19, 0x8c, 0x66, 0x3f,
    0x98, 0x0, 0x67, 0xfd, 0x81, 0x86, 0x6, 0xf8,
    0x18, 0x61, 0xe1, 0x86, 0x0, 0x18, 0x0, 0x7f,
    0xf0,

    /* U+BBF8 "미" */
    0x0, 0x3f, 0xe3, 0xc6, 0x3c, 0x63, 0xc6, 0x3c,
    0x63, 0xc6, 0x3c, 0x63, 0xc6, 0x3f, 0xe3, 0x0,
    0x30, 0x3, 0x0, 0x30, 0x3,

    /* U+BBFC "민" */
    0xfe, 0x3c, 0x63, 0xc6, 0x3c, 0x63, 0xc6, 0x3c,
    0x63, 0xfe, 0x30, 0x3, 0x0, 0x33, 0x3, 0x30,
    0x33, 0x0, 0x30, 0x3, 0xff,

    /* U+BBFF "믿" */
    0xfe, 0x3c, 0x63, 0xc6, 0x3c, 0x63, 0xc6, 0x3f,
    0xe3, 0x0, 0x30, 0x3, 0x0, 0x3, 0xff, 0x30,
    0x3, 0x0, 0x30, 0x3, 0xff,

    /* U+BC00 "밀" */
    0xfe, 0x3c, 0x63, 0xc6, 0x3c, 0x63, 0xc6, 0x3f,
    0xe3, 0x0, 0x30, 0x0, 0x3f, 0xf0, 0x3, 0x3f,
    0xf3, 0x0, 0x30, 0x3, 0xff,

    /* U+BC14 "바" */
    0xc6, 0x66, 0x33, 0x31, 0x99, 0x8c, 0xcf, 0xe6,
    0x63, 0x3f, 0x19, 0x98, 0xcc, 0xc6, 0x67, 0xf3,
    0x0, 0x18, 0x0, 0xc0, 0x6, 0x0, 0x30,

    /* U+BC15 "박" */
    0xc6, 0x33, 0x18, 0xcf, 0xe3, 0x31, 0x8f, 0xc6,
    0x33, 0x18, 0xcf, 0xe3, 0x0, 0xc, 0x0, 0x30,
    0xff, 0xc0, 0x3, 0x0, 0xc, 0x0, 0x30, 0x0,
    0xc0,

    /* U+BC16 "밖" */
    0xc7, 0x33, 0x1c, 0xcf, 0xf3, 0x31, 0xcf, 0xc7,
    0x3f, 0xfc, 0xc0, 0x3, 0x0, 0xc, 0x0, 0x1,
    0xf7, 0xc0, 0xc3, 0x3, 0xc, 0xc, 0x30, 0x30,
    0xc0,

    /* U+BC18 "반" */
    0xc6, 0x33, 0x18, 0xcc, 0x63, 0x3f, 0x8c, 0xc6,
    0x3f, 0x18, 0xff, 0xe3, 0x0, 0xc, 0x0, 0x30,
    0xc0, 0xc3, 0x3, 0xc, 0x0, 0x30, 0x0, 0xff,
    0xc0,

    /* U+BC1B "받" */
    0xc6, 0x33, 0x18, 0xcf, 0xe3, 0x31, 0x8f, 0xc6,
    0x3f, 0xf8, 0xc0, 0x3, 0x0, 0xc, 0x0, 0x0,
    0xff, 0xc3, 0x0, 0xc, 0x0, 0x30, 0x0, 0xff,
    0x80,

    /* U+BC1C "발" */
    0xc6, 0x33, 0x18, 0xcf, 0xe3, 0x31, 0x8f, 0xc6,
    0x33, 0xf8, 0xc0, 0x3, 0x0, 0x0, 0x3f, 0xf0,
    0x0, 0xc3, 0xff, 0xc, 0x0, 0x30, 0x0, 0xff,
    0xc0,

    /* U+BC1D "밝" */
    0xc6, 0x66, 0x33, 0x3f, 0x99, 0x8c, 0xfc, 0x67,
    0xff, 0x30, 0x1, 0x80, 0x0, 0xfd, 0xe0, 0x63,
    0x3f, 0x19, 0x80, 0xcc, 0x6, 0x7e, 0x30,

    /* U+BC1F "밟" */
    0xc2, 0x66, 0x13, 0x3f, 0x99, 0x84, 0xfc, 0x27,
    0xff, 0x30, 0x1, 0x80, 0x0, 0xff, 0x60, 0x7f,
    0x3f, 0xf9, 0x86, 0xcc, 0x36, 0x7d, 0xf0,

    /* U+BC25 "밥" */
    0xc6, 0x66, 0x33, 0x3f, 0x99, 0x8c, 0xfc, 0x66,
    0x7f, 0x30, 0x1, 0x80, 0xc, 0x0, 0x1, 0x83,
    0xf, 0xf8, 0x60, 0xc3, 0x6, 0x1f, 0xf0,

    /* U+BC29 "방" */
    0xc6, 0x33, 0x18, 0xcf, 0xe3, 0x31, 0x8f, 0xc6,
    0x33, 0x18, 0xcf, 0xe3, 0x0, 0xc, 0x0, 0x30,
    0x3f, 0x3, 0x7, 0xc, 0xc, 0x30, 0x70, 0x3f,
    0x0,

    /* U+BC2D "밭" */
    0xc6, 0x33, 0x18, 0xcf, 0xe3, 0x31, 0x8f, 0xc6,
    0x3f, 0xf8, 0xc0, 0x3, 0x0, 0xc, 0x3f, 0xf0,
    0xc0, 0x3, 0xff, 0xc, 0x0, 0x30, 0x0, 0xff,
    0xc0,

    /* U+BC30 "배" */
    0x1, 0x9e, 0x6c, 0xf3, 0x67, 0x9b, 0x3c, 0xd9,
    0xfe, 0xcf, 0x37, 0xf9, 0xb3, 0xcd, 0x9f, 0xec,
    0xc0, 0x66, 0x3, 0x30, 0x19, 0x80, 0xcc,

    /* U+BC31 "백" */
    0xcd, 0x9e, 0x6c, 0xff, 0x67, 0x9b, 0xfc, 0xd9,
    0xe6, 0xcf, 0xf6, 0x60, 0x33, 0x0, 0x0, 0xff,
    0xc0, 0x6, 0x0, 0x30, 0x1, 0x80, 0xc,

    /* U+BC34 "밴" */
    0xcd, 0x9e, 0x6c, 0xf3, 0x67, 0xfb, 0x3c, 0xdf,
    0xe6, 0xcf, 0xf6, 0x60, 0x33, 0x1, 0x98, 0xcc,
    0xc6, 0x6, 0x30, 0x1, 0x80, 0xf, 0xfc,

    /* U+BC43 "뱃" */
    0xcd, 0x9b, 0x36, 0x6f, 0xd9, 0xb3, 0x7e, 0xcd,
    0x9b, 0x36, 0x6f, 0xd9, 0x80, 0x66, 0x2, 0x18,
    0x8, 0x0, 0x70, 0x3, 0x60, 0x3c, 0xf1, 0xc1,
    0xe0,

    /* U+BC84 "버" */
    0xc3, 0x3c, 0x33, 0xc3, 0x3c, 0x33, 0xff, 0x3f,
    0xff, 0xc3, 0x3c, 0x33, 0xc3, 0x3f, 0xf3, 0x0,
    0x30, 0x3, 0x0, 0x30, 0x3,

    /* U+BC88 "번" */
    0xc6, 0x3c, 0x63, 0xfe, 0x3f, 0xff, 0xc6, 0x3c,
    0x63, 0xfe, 0x30, 0x3, 0x0, 0x33, 0x3, 0x30,
    0x33, 0x0, 0x30, 0x3, 0xff,

    /* U+BC8C "벌" */
    0xc6, 0x3c, 0x63, 0xfe, 0x3f, 0xff, 0xc6, 0x3f,
    0xe3, 0x0, 0x30, 0x0, 0x3f, 0xf0, 0x3, 0x3f,
    0xf3, 0x0, 0x30, 0x3, 0xff,

    /* U+BC94 "범" */
    0xc6, 0x3c, 0x63, 0xff, 0xfc, 0x7f, 0xc6, 0x3f,
    0xe3, 0x0, 0x30, 0x3, 0x0, 0x3, 0xff, 0x30,
    0x33, 0x3, 0x30, 0x33, 0xff,

    /* U+BC95 "법" */
    0xc6, 0x3c, 0x63, 0xff, 0xfc, 0x7f, 0xc6, 0x3f,
    0xe3, 0x0, 0x30, 0x3, 0x0, 0x3, 0x3, 0x3f,
    0xf3, 0x3, 0x30, 0x33, 0xff,

    /* U+BC97 "벗" */
    0xc6, 0x36, 0x31, 0xbf, 0x8d, 0xff, 0xec, 0x63,
    0x63, 0x1b, 0xf8, 0xc0, 0x6, 0x3, 0x30, 0x18,
    0x1, 0xc0, 0xf, 0x1, 0xdc, 0x3c, 0x3c, 0x80,
    0x40,

    /* U+BCBD "벽" */
    0xc6, 0x3c, 0x7f, 0xfe, 0x3c, 0x63, 0xc7, 0xfc,
    0x7f, 0xfe, 0x30, 0x3, 0x0, 0x33, 0xff, 0x0,
    0x30, 0x3, 0x0, 0x30, 0x3,

    /* U+BCC0 "변" */
    0xc6, 0x3c, 0x63, 0xc7, 0xff, 0xe3, 0xc6, 0x3c,
    0x7f, 0xfe, 0x30, 0x3, 0x0, 0x30, 0x3, 0x30,
    0x33, 0x0, 0x30, 0x3, 0xff,

    /* U+BCC4 "별" */
    0xc6, 0x3c, 0x7f, 0xff, 0xfc, 0x63, 0xc7, 0xff,
    0xe3, 0x0, 0x30, 0x0, 0x3f, 0xf0, 0x3, 0x3f,
    0xf3, 0x0, 0x30, 0x3, 0xff,

    /* U+BCCD "볍" */
    0xc6, 0x3c, 0x7f, 0xff, 0xfc, 0x63, 0xc7, 0xfc,
    0x7f, 0xfe, 0x30, 0x3, 0x0, 0x1, 0x3, 0x1f,
    0xf1, 0x3, 0x10, 0x31, 0xff,

    /* U+BCD1 "병" */
    0xc6, 0x3c, 0x7f, 0xfe, 0x3c, 0x63, 0xc6, 0x3c,
    0x7f, 0xfe, 0x30, 0x3, 0xf, 0xc1, 0x86, 0x30,
    0x33, 0x3, 0x18, 0x60, 0xfc,

    /* U+BCF4 "보" */
    0x30, 0x30, 0xc0, 0xc3, 0xff, 0xc, 0xc, 0x30,
    0x30, 0xc0, 0xc3, 0xff, 0x0, 0xc0, 0x3, 0x0,
    0xc, 0xf, 0xff, 0xc0,

    /* U+BCF5 "복" */
    0x30, 0x30, 0xff, 0xc3, 0x3, 0xc, 0xc, 0x3f,
    0xf0, 0xc, 0xf, 0xff, 0xff, 0xff, 0x0, 0x0,
    0xff, 0xc0, 0x3, 0x0, 0xc, 0x0, 0x30, 0x0,
    0xc0,

    /* U+BCF6 "볶" */
    0x30, 0x30, 0xff, 0xc3, 0x3, 0xc, 0xc, 0x3f,
    0xf0, 0xc, 0x0, 0x30, 0x3f, 0xff, 0x0, 0x0,
    0xff, 0xc0, 0x63, 0x1, 0x8c, 0x6, 0x30, 0x18,
    0xc0,

    /* U+BCF8 "본" */
    0x30, 0x30, 0xff, 0xc3, 0x3, 0xc, 0xc, 0x3f,
    0xf0, 0xc, 0x0, 0x30, 0x3f, 0xff, 0x0, 0x0,
    0x0, 0x3, 0x0, 0xc, 0x0, 0x30, 0x0, 0xff,
    0xc0,

    /* U+BD09 "봉" */
    0x30, 0x30, 0xff, 0xc3, 0x3, 0xc, 0xc, 0x3f,
    0xf0, 0xc, 0x0, 0x30, 0x3f, 0xff, 0x0, 0x0,
    0x3f, 0x3, 0x87, 0xc, 0xc, 0x38, 0x70, 0x3f,
    0x0,

    /* U+BD80 "부" */
    0x30, 0x30, 0xc0, 0xc3, 0xff, 0xc, 0xc, 0x30,
    0x30, 0xff, 0xc0, 0x0, 0x0, 0x0, 0xff, 0xfc,
    0xc, 0x0, 0x30, 0x0, 0xc0, 0x3, 0x0, 0xc,
    0x0,

    /* U+BD81 "북" */
    0x30, 0x30, 0xff, 0xc3, 0x3, 0xc, 0xc, 0x3f,
    0xf0, 0x0, 0x0, 0x0, 0x3f, 0xff, 0x3, 0x0,
    0xc, 0x3, 0xff, 0x0, 0xc, 0x0, 0x30, 0x0,
    0xc0,

    /* U+BD84 "분" */
    0x30, 0x30, 0xff, 0xc3, 0x3, 0xc, 0xc, 0x3f,
    0xf0, 0x0, 0x0, 0x0, 0x3f, 0xff, 0x3, 0x0,
    0xc, 0x3, 0x30, 0xc, 0x0, 0x30, 0x0, 0xff,
    0xc0,

    /* U+BD88 "불" */
    0x30, 0x30, 0xff, 0xc3, 0x3, 0xf, 0xfc, 0x0,
    0x3, 0xff, 0xff, 0xff, 0xc0, 0xc0, 0x3f, 0xf0,
    0x0, 0xc0, 0x3, 0xf, 0xfc, 0x30, 0x0, 0xff,
    0xc0,

    /* U+BD89 "붉" */
    0x30, 0x30, 0xff, 0xc3, 0x3, 0xf, 0xfc, 0x0,
    0x3, 0xff, 0xff, 0xff, 0xc0, 0xc0, 0x3f, 0xf0,
    0x18, 0xc0, 0x63, 0xf, 0x8c, 0x20, 0x30, 0xf8,
    0xc0,

    /* U+BD93 "붓" */
    0x30, 0x30, 0xff, 0xc3, 0x3, 0xf, 0xfc, 0x3f,
    0xf0, 0x0, 0xf, 0xff, 0xc0, 0xc0, 0x0, 0x0,
    0xc, 0x0, 0x78, 0x3, 0xf0, 0x78, 0x78, 0x80,
    0x0,

    /* U+BD95 "붕" */
    0x30, 0x30, 0xff, 0xc3, 0x3, 0xf, 0xfc, 0x3f,
    0xf0, 0x0, 0xf, 0xff, 0xc0, 0xc0, 0xf, 0xc0,
    0x7f, 0x83, 0x3, 0xc, 0xc, 0x18, 0x60, 0x3f,
    0x0,

    /* U+BD99 "붙" */
    0x30, 0x30, 0xff, 0xc3, 0x3, 0xf, 0xfc, 0x0,
    0x3, 0xff, 0xff, 0xff, 0xc0, 0xc0, 0x3f, 0xf0,
    0xc0, 0x3, 0x0, 0xf, 0xfc, 0x30, 0x0, 0xff,
    0xc0,

    /* U+BE0C "브" */
    0x30, 0x30, 0xc0, 0xc3, 0xff, 0xc, 0xc, 0x30,
    0x30, 0xc0, 0xc3, 0xff, 0x0, 0x0, 0x0, 0x0,
    0x0, 0xf, 0xff, 0xc0,

    /* U+BE14 "블" */
    0x30, 0x30, 0xff, 0xc3, 0x3, 0xf, 0xfc, 0x0,
    0x3, 0xff, 0xff, 0xff, 0xc0, 0x0, 0x3f, 0xf0,
    0x0, 0xc0, 0x3, 0xf, 0xfc, 0x30, 0x0, 0xff,
    0xc0,

    /* U+BE44 "비" */
    0xc6, 0x3c, 0x63, 0xc6, 0x3c, 0x63, 0xfe, 0x3c,
    0x63, 0xc6, 0x3c, 0x63, 0xc6, 0x3f, 0xe3, 0x0,
    0x30, 0x3, 0x0, 0x30, 0x3,

    /* U+BE4C "빌" */
    0xc6, 0x3c, 0x63, 0xfe, 0x3c, 0x63, 0xc6, 0x3f,
    0xe3, 0x0, 0x30, 0x0, 0x3f, 0xf0, 0x3, 0x3f,
    0xf3, 0x0, 0x30, 0x3, 0xff,

    /* U+BE5B "빛" */
    0xc6, 0x36, 0x31, 0xbf, 0x8d, 0x8c, 0x6c, 0x63,
    0x7f, 0x18, 0x0, 0xc0, 0x66, 0x3, 0x1, 0xff,
    0x81, 0xc0, 0x1f, 0x87, 0x8f, 0x98, 0x1c,

    /* U+BE60 "빠" */
    0xd6, 0xd9, 0xad, 0xb3, 0x5b, 0x66, 0xb6, 0xcf,
    0x7d, 0x9a, 0xdb, 0xf5, 0xb6, 0x6b, 0x6c, 0xd6,
    0xd9, 0xef, 0xb0, 0x0, 0x60, 0x0, 0xc0, 0x1,
    0x80, 0x3, 0x0,

    /* U+BE68 "빨" */
    0xd6, 0xd9, 0xad, 0xb3, 0xdf, 0x66, 0xb6, 0xfd,
    0x6d, 0xfe, 0xfb, 0x0, 0x6, 0x0, 0x0, 0x1f,
    0xf8, 0x0, 0x30, 0x7f, 0xe0, 0x80, 0x1, 0x0,
    0x3, 0xff, 0x0,

    /* U+BE75 "빵" */
    0xda, 0xd9, 0xb5, 0xb3, 0xef, 0x66, 0xd6, 0xfd,
    0xad, 0x9b, 0x5b, 0x3e, 0xf6, 0x0, 0xc, 0x0,
    0x18, 0x1f, 0xc0, 0x70, 0xc0, 0xc0, 0xc1, 0xc3,
    0x1, 0xfc, 0x0,

    /* U+BE7C "빼" */
    0xdd, 0x6f, 0x75, 0xbd, 0xd6, 0xf7, 0x5b, 0xff,
    0x6f, 0x75, 0xfd, 0xd6, 0xf7, 0x5b, 0xdd, 0x6f,
    0xfd, 0xb0, 0x6, 0xc0, 0x1b, 0x0, 0x6c, 0x1,
    0xb0,

    /* U+BEA8 "뺨" */
    0xd6, 0xd9, 0xad, 0xb3, 0x5b, 0x7f, 0xbe, 0xcd,
    0x6d, 0x9a, 0xdb, 0xfd, 0xf6, 0x0, 0xc, 0x0,
    0x0, 0x3f, 0xf0, 0x40, 0x60, 0x80, 0xc1, 0x1,
    0x83, 0xff, 0x0,

    /* U+BED0 "뻐" */
    0xda, 0xde, 0xd6, 0xf6, 0xb7, 0xb5, 0xbf, 0xbd,
    0xfd, 0xff, 0x6b, 0x7b, 0x5b, 0xda, 0xdf, 0xde,
    0xc0, 0x6, 0x0, 0x30, 0x1, 0x80, 0xc,

    /* U+BED4 "뻔" */
    0xda, 0xdb, 0x6b, 0x6f, 0xbd, 0xbe, 0xfe, 0xda,
    0xdb, 0x6b, 0x6f, 0xbd, 0x80, 0x6, 0x0, 0x18,
    0x0, 0x61, 0x81, 0x86, 0x0, 0x18, 0x0, 0x7f,
    0xf0,

    /* U+BED7 "뻗" */
    0xda, 0xde, 0xd6, 0xfe, 0xf7, 0xf7, 0xfd, 0xad,
    0xed, 0x6f, 0xef, 0x60, 0x3, 0x0, 0x0, 0xff,
    0xc6, 0x0, 0x30, 0x1, 0x80, 0xf, 0xfc,

    /* U+BF08 "뼈" */
    0xda, 0xde, 0xd6, 0xf6, 0xbf, 0xb5, 0xff, 0xbd,
    0xed, 0x6f, 0x6b, 0xfb, 0x5f, 0xda, 0xdf, 0xde,
    0xc0, 0x6, 0x0, 0x30, 0x1, 0x80, 0xc,

    /* U+BF51 "뽑" */
    0x27, 0x90, 0xff, 0xc2, 0x79, 0x9, 0xe4, 0x3f,
    0xf0, 0xc, 0x0, 0x30, 0x3f, 0xff, 0x0, 0x0,
    0xc0, 0xc3, 0xff, 0xc, 0xc, 0x30, 0x30, 0xff,
    0xc0,

    /* U+BFCC "뿌" */
    0x67, 0x99, 0x9e, 0x67, 0xff, 0x99, 0xe6, 0x67,
    0x99, 0xff, 0xe0, 0x0, 0x0, 0x0, 0xff, 0xfc,
    0xc, 0x0, 0x30, 0x0, 0xc0, 0x3, 0x0, 0xc,
    0x0,

    /* U+C058 "쁘" */
    0x67, 0x99, 0x9e, 0x66, 0x79, 0x9f, 0xfe, 0x67,
    0x99, 0x9e, 0x67, 0xff, 0x80, 0x0, 0x0, 0x0,
    0x0, 0x0, 0x0, 0x3f, 0xff,

    /* U+C068 "쁨" */
    0x27, 0x98, 0xff, 0xe2, 0x79, 0x89, 0xe6, 0x3f,
    0xf8, 0x0, 0x0, 0x0, 0x3f, 0xff, 0x0, 0x0,
    0xff, 0xc3, 0x3, 0xc, 0xc, 0x30, 0x30, 0xff,
    0xc0,

    /* U+C0AC "사" */
    0xc, 0x18, 0x18, 0x30, 0x30, 0x60, 0x60, 0xc0,
    0xc1, 0x83, 0xc3, 0xc7, 0x86, 0x19, 0x8c, 0x71,
    0xd9, 0xc1, 0x30, 0x0, 0x60, 0x0, 0xc0, 0x1,
    0x80, 0x3, 0x0,

    /* U+C0B0 "산" */
    0xc, 0x30, 0x30, 0xc0, 0xc3, 0x3, 0xc, 0x1e,
    0x3c, 0xdc, 0xc7, 0x3b, 0x38, 0xc, 0x40, 0x30,
    0x0, 0xc1, 0x83, 0x6, 0x0, 0x18, 0x0, 0x7f,
    0xe0,

    /* U+C0B4 "살" */
    0xc, 0x30, 0x30, 0xc0, 0xc3, 0x7, 0x8f, 0x3f,
    0x31, 0xce, 0xc6, 0x3, 0x10, 0x0, 0x1f, 0xf0,
    0x0, 0xc1, 0xff, 0x6, 0x0, 0x18, 0x0, 0x7f,
    0xe0,

    /* U+C0B6 "삶" */
    0x18, 0x30, 0x60, 0xc1, 0xc3, 0xf, 0x8f, 0x77,
    0xb3, 0x8e, 0xcc, 0x3, 0x0, 0xc, 0x7d, 0xf0,
    0x36, 0xc7, 0xdb, 0x18, 0x6c, 0x61, 0xb1, 0xf7,
    0xc0,

    /* U+C0C1 "상" */
    0xc, 0x18, 0x18, 0x30, 0x30, 0x60, 0x70, 0xf1,
    0xf1, 0x86, 0x73, 0x1c, 0x76, 0x30, 0xc, 0x0,
    0x18, 0xf, 0xc0, 0x70, 0xe0, 0xc0, 0xc1, 0xc3,
    0x80, 0xfc, 0x0,

    /* U+C0C8 "새" */
    0x18, 0xd8, 0xc6, 0xc6, 0x36, 0x31, 0xb1, 0x8d,
    0x8c, 0x6c, 0xe3, 0xe7, 0x9b, 0x7e, 0xdf, 0x3e,
    0xf0, 0xb6, 0x1, 0xb0, 0xd, 0x80, 0x6c,

    /* U+C0C9 "색" */
    0x18, 0xd8, 0xc6, 0xc6, 0x36, 0x31, 0xf3, 0xcd,
    0xb3, 0x6f, 0x8b, 0x68, 0x1b, 0x0, 0x0, 0xff,
    0xc0, 0x6, 0x0, 0x30, 0x1, 0x80, 0xc,

    /* U+C0CC "샌" */
    0x18, 0xd8, 0xc6, 0xc6, 0x36, 0x31, 0xb3, 0xcf,
    0x9e, 0x6d, 0x9b, 0x7c, 0x5b, 0x40, 0xd8, 0xc6,
    0xc6, 0x6, 0x30, 0x1, 0x80, 0xf, 0xfc,

    /* U+C0DD "생" */
    0x18, 0xd8, 0xc6, 0xc6, 0x36, 0x31, 0xf3, 0xcd,
    0xb3, 0xef, 0x8b, 0x68, 0x1b, 0x0, 0x18, 0x3f,
    0x7, 0xe, 0x30, 0x31, 0xc3, 0x83, 0xf0,

    /* U+C11C "서" */
    0xc, 0x18, 0x60, 0xc3, 0x6, 0x18, 0x30, 0xcf,
    0x8f, 0xc, 0x78, 0x66, 0x63, 0x73, 0x9f, 0xc,
    0xc0, 0x6, 0x0, 0x30, 0x1, 0x80, 0xc,

    /* U+C11D "석" */
    0xc, 0x18, 0x60, 0xc3, 0x3e, 0x18, 0x31, 0xe1,
    0x99, 0x8d, 0xc6, 0x7c, 0x3, 0x40, 0x18, 0xff,
    0xc0, 0x6, 0x0, 0x30, 0x1, 0x80, 0xc,

    /* U+C11E "섞" */
    0x18, 0x31, 0x83, 0x19, 0xf1, 0x83, 0x3c, 0x36,
    0x63, 0xe3, 0x3c, 0x3, 0x0, 0x3, 0xdf, 0x4,
    0x30, 0x43, 0x4, 0x30, 0x43,

    /* U+C120 "선" */
    0x18, 0x18, 0xc0, 0xc6, 0x6, 0x39, 0xf1, 0xc1,
    0x9b, 0xd, 0xdc, 0x7c, 0x33, 0xc0, 0x18, 0xc0,
    0xc6, 0x6, 0x30, 0x1, 0x80, 0xf, 0xfc,

    /* U+C124 "설" */
    0x18, 0x18, 0xc0, 0xc7, 0x3e, 0x38, 0x33, 0x61,
    0xf1, 0xcf, 0x0, 0x60, 0x0, 0x1f, 0xf8, 0x0,
    0xc7, 0xfe, 0x30, 0x1, 0x80, 0xf, 0xfc,

    /* U+C12C "섬" */
    0x18, 0x18, 0xc0, 0xc7, 0x3e, 0x38, 0x33, 0x61,
    0xb9, 0xcf, 0x86, 0x68, 0x3, 0x0, 0x0, 0xff,
    0xc6, 0x6, 0x30, 0x31, 0x81, 0x8f, 0xfc,

    /* U+C131 "성" */
    0x18, 0x18, 0xc0, 0xc6, 0x3e, 0x38, 0x33, 0x61,
    0xb3, 0xcf, 0x86, 0x68, 0x3, 0x7, 0xe0, 0x61,
    0x86, 0x6, 0x30, 0x30, 0xc3, 0x3, 0xf0,

    /* U+C138 "세" */
    0x18, 0xd8, 0xc6, 0xc6, 0x36, 0x31, 0xb1, 0xbd,
    0x8c, 0x6c, 0xf3, 0x67, 0x9b, 0x66, 0xdf, 0x36,
    0xd0, 0x36, 0x1, 0xb0, 0xd, 0x80, 0x6c,

    /* U+C14B "셋" */
    0x18, 0xd8, 0x63, 0x61, 0x8d, 0x86, 0xf6, 0x3c,
    0xd8, 0xf3, 0x6e, 0x6d, 0xb0, 0xb6, 0x3, 0x18,
    0xc, 0x0, 0x38, 0x1, 0xf0, 0x1c, 0xf0, 0xe0,
    0xe0,

    /* U+C158 "션" */
    0x18, 0x18, 0xc7, 0xc6, 0x6, 0x38, 0x31, 0xcf,
    0x9b, 0xd, 0x8e, 0x7c, 0x23, 0xc0, 0x18, 0xc0,
    0xc6, 0x6, 0x30, 0x1, 0x80, 0xf, 0xfc,

    /* U+C18C "소" */
    0x3, 0x0, 0xc, 0x0, 0x30, 0x1, 0xe0, 0xf,
    0xc0, 0x73, 0x87, 0x3, 0x98, 0x2, 0x3, 0x0,
    0xc, 0x0, 0x30, 0x3f, 0xff,

    /* U+C18D "속" */
    0x3, 0x0, 0xc, 0x0, 0x78, 0x7, 0xb8, 0x78,
    0x79, 0xc, 0x20, 0x30, 0x3f, 0xff, 0x0, 0x0,
    0xff, 0xc0, 0x3, 0x0, 0xc, 0x0, 0x30, 0x0,
    0xc0,

    /* U+C190 "손" */
    0x3, 0x0, 0xc, 0x0, 0x78, 0x7, 0x38, 0x78,
    0x78, 0xc, 0x20, 0x30, 0x3f, 0xff, 0x0, 0x0,
    0x0, 0x3, 0x0, 0xc, 0x0, 0x30, 0x0, 0xff,
    0xc0,

    /* U+C194 "솔" */
    0x3, 0x0, 0x1e, 0x0, 0xfc, 0x1e, 0x1e, 0x3,
    0x8, 0xc, 0xf, 0xff, 0xc0, 0x0, 0x3f, 0xf0,
    0x0, 0xc0, 0x3, 0xf, 0xfc, 0x30, 0x0, 0xff,
    0xc0,

    /* U+C19C "솜" */
    0x3, 0x0, 0xc, 0x0, 0xfc, 0x1e, 0x1e, 0x63,
    0x8, 0xc, 0xf, 0xff, 0xc0, 0x0, 0x0, 0x0,
    0xff, 0xc3, 0x3, 0xc, 0xc, 0x30, 0x30, 0xff,
    0xc0,

    /* U+C19F "솟" */
    0x3, 0x0, 0xc, 0x0, 0x78, 0x7, 0x38, 0x78,
    0x78, 0xc, 0x20, 0x30, 0x3f, 0xff, 0x0, 0x0,
    0xc, 0x0, 0x38, 0x3, 0xf0, 0x3c, 0xf9, 0xc0,
    0xe0,

    /* U+C1A1 "송" */
    0x3, 0x0, 0xc, 0x0, 0xfc, 0x1e, 0x1e, 0x43,
    0x18, 0xc, 0xf, 0xff, 0xc0, 0x0, 0x0, 0x0,
    0x3f, 0x3, 0x7, 0xc, 0xc, 0x38, 0x70, 0x3f,
    0x0,

    /* U+C1C4 "쇄" */
    0x0, 0xd8, 0xc6, 0xc6, 0x36, 0x31, 0xb3, 0xcd,
    0xb3, 0xef, 0xb, 0xe3, 0x1b, 0x18, 0xd8, 0xc6,
    0xff, 0xf6, 0x1, 0xb0, 0xd, 0x80, 0x6c,

    /* U+C1E0 "쇠" */
    0x0, 0xc, 0x18, 0x30, 0x60, 0xc1, 0x83, 0xf,
    0xc, 0x66, 0x37, 0xe, 0xc8, 0x3, 0x6, 0xc,
    0x18, 0x30, 0x60, 0xdf, 0xfb, 0x0, 0xc, 0x0,
    0x30,

    /* U+C218 "수" */
    0x3, 0x0, 0xc, 0x0, 0x78, 0x3, 0x30, 0x78,
    0x78, 0x80, 0x60, 0x0, 0x3f, 0xff, 0x3, 0x0,
    0xc, 0x0, 0x30, 0x0, 0xc0, 0x3, 0x0, 0xc,
    0x0,

    /* U+C219 "숙" */
    0x3, 0x0, 0xc, 0x0, 0x78, 0xf, 0x3c, 0x70,
    0x38, 0x0, 0xf, 0xff, 0xc0, 0xc0, 0x3, 0x0,
    0xff, 0xc0, 0x3, 0x0, 0xc, 0x0, 0x30, 0x0,
    0xc0,

    /* U+C21C "순" */
    0x3, 0x0, 0xc, 0x0, 0x78, 0x3, 0xb0, 0x78,
    0x79, 0x80, 0x60, 0x0, 0x3f, 0xff, 0x3, 0x0,
    0xc, 0x3, 0x30, 0xc, 0x0, 0x30, 0x0, 0xff,
    0xc0,

    /* U+C220 "술" */
    0x3, 0x0, 0xc, 0x0, 0x78, 0x1f, 0x3e, 0x70,
    0x38, 0x0, 0xf, 0xff, 0xc0, 0xc0, 0x3f, 0xf0,
    0x0, 0xc0, 0x3, 0xf, 0xfc, 0x30, 0x0, 0xff,
    0xc0,

    /* U+C228 "숨" */
    0x3, 0x0, 0xc, 0x0, 0xfc, 0x1f, 0x1e, 0x60,
    0x18, 0x0, 0xf, 0xff, 0xc0, 0xc0, 0x3, 0x0,
    0xff, 0xc3, 0x3, 0xc, 0xc, 0x30, 0x30, 0xff,
    0xc0,

    /* U+C22B "숫" */
    0x3, 0x0, 0xc, 0x0, 0x7c, 0x1f, 0x3e, 0x70,
    0x38, 0x0, 0xf, 0xff, 0xc0, 0xc0, 0x0, 0x0,
    0xc, 0x0, 0x78, 0x3, 0xf0, 0x78, 0x78, 0x80,
    0x0,

    /* U+C26C "쉬" */
    0xc, 0x18, 0x60, 0xc7, 0x86, 0x7e, 0x3f, 0x3d,
    0xa0, 0x4c, 0x0, 0x7f, 0xfb, 0xc, 0x18, 0x60,
    0xc3, 0x6, 0x18, 0x30, 0xc1, 0x86, 0xc,

    /* U+C27D "쉽" */
    0xc, 0x18, 0x70, 0xc7, 0x86, 0xf7, 0xb7, 0x1d,
    0x80, 0xf, 0xff, 0x61, 0x83, 0xc, 0x0, 0xc0,
    0xc7, 0xfe, 0x30, 0x31, 0x81, 0x8f, 0xfc,

    /* U+C2A4 "스" */
    0x3, 0x0, 0xc, 0x0, 0x30, 0x1, 0xe0, 0xf,
    0xc0, 0xf3, 0xc7, 0x3, 0x90, 0x2, 0x0, 0x0,
    0x0, 0x0, 0x0, 0x3f, 0xff,

    /* U+C2AC "슬" */
    0x3, 0x0, 0xc, 0x0, 0x78, 0xf, 0x3c, 0x70,
    0x38, 0x0, 0xf, 0xff, 0xc0, 0x0, 0x3f, 0xf0,
    0x0, 0xc3, 0xff, 0xc, 0x0, 0x30, 0x0, 0xff,
    0xc0,

    /* U+C2B5 "습" */
    0x3, 0x0, 0xc, 0x0, 0xfc, 0x1f, 0x3e, 0x70,
    0x38, 0x0, 0xf, 0xff, 0xc0, 0x0, 0x0, 0x0,
    0xc0, 0xc3, 0xff, 0xc, 0xc, 0x30, 0x30, 0xff,
    0xc0,

    /* U+C2B9 "승" */
    0x3, 0x0, 0xc, 0x0, 0xf8, 0x1f, 0x3e, 0x70,
    0x38, 0x0, 0xf, 0xff, 0xc0, 0x0, 0x0, 0x0,
    0x3f, 0x3, 0x7, 0xc, 0xc, 0x38, 0x70, 0x3f,
    0x0,

    /* U+C2DC "시" */
    0xc, 0x18, 0x60, 0xc3, 0x6, 0x18, 0x30, 0xc1,
    0x8f, 0xc, 0x78, 0x66, 0x63, 0x73, 0x9f, 0xc,
    0xd0, 0x6, 0x0, 0x30, 0x1, 0x80, 0xc,

    /* U+C2DD "식" */
    0xc, 0x18, 0x60, 0xc3, 0x6, 0x18, 0x31, 0xe1,
    0x8f, 0x8c, 0xce, 0x7e, 0x33, 0x40, 0x18, 0xff,
    0xc0, 0x6, 0x0, 0x30, 0x1, 0x80, 0xc,

    /* U+C2E0 "신" */
    0xc, 0x18, 0x60, 0xc3, 0x6, 0x18, 0x31, 0xc1,
    0x8f, 0xc, 0xcc, 0x6e, 0x33, 0x60, 0x98, 0xc0,
    0xc6, 0x6, 0x30, 0x1, 0x80, 0xf, 0xfc,

    /* U+C2E3 "싣" */
    0xc, 0x18, 0x60, 0xc3, 0x6, 0x38, 0x31, 0xe1,
    0x9b, 0x8d, 0xce, 0x7c, 0x13, 0x0, 0x0, 0xff,
    0xc6, 0x0, 0x30, 0x1, 0x80, 0xf, 0xfc,

    /* U+C2E4 "실" */
    0xc, 0x18, 0x60, 0xc3, 0x6, 0x3c, 0x33, 0xf1,
    0xb9, 0xcd, 0x82, 0x60, 0x0, 0x1f, 0xf8, 0x0,
    0xc7, 0xfe, 0x30, 0x1, 0x80, 0xf, 0xfc,

    /* U+C2EB "싫" */
    0x18, 0x30, 0xc1, 0x86, 0xc, 0x38, 0x63, 0xe3,
    0x33, 0xdb, 0x4, 0xc0, 0x8, 0x7f, 0xf8, 0x7f,
    0xdf, 0x38, 0xc3, 0x66, 0x1b, 0x3e, 0x70,

    /* U+C2EC "심" */
    0xc, 0x18, 0x60, 0xc3, 0x6, 0x38, 0x31, 0xe1,
    0x9b, 0x8f, 0x8e, 0x68, 0x3, 0x0, 0x0, 0xff,
    0xc6, 0x6, 0x30, 0x31, 0x81, 0x8f, 0xfc,

    /* U+C2ED "십" */
    0xc, 0x18, 0x60, 0xc3, 0x6, 0x38, 0x31, 0xe1,
    0x9f, 0x8d, 0xcf, 0x7c, 0x33, 0x0, 0x0, 0xc0,
    0xc7, 0xfe, 0x30, 0x31, 0x81, 0x8f, 0xfc,

    /* U+C2F8 "싸" */
    0x33, 0x30, 0xcc, 0xc3, 0x33, 0xc, 0xcc, 0x33,
    0x30, 0xec, 0xf7, 0xfb, 0x1b, 0xec, 0xc4, 0xf0,
    0x31, 0xc0, 0x83, 0x0, 0xc, 0x0, 0x30, 0x0,
    0xc0,

    /* U+C30D "쌍" */
    0x33, 0x18, 0x66, 0x30, 0xcc, 0x61, 0xd8, 0xf7,
    0xf9, 0x99, 0xdf, 0x33, 0x3e, 0x6, 0x2c, 0x0,
    0x18, 0x1f, 0xc0, 0x60, 0xe0, 0xc0, 0xc1, 0x83,
    0x81, 0xfc, 0x0,

    /* U+C313 "쌓" */
    0x33, 0x30, 0xcc, 0xc3, 0x33, 0x1f, 0xef, 0xce,
    0xf1, 0x31, 0xc0, 0xbb, 0x0, 0xe0, 0x3f, 0xf8,
    0x0, 0x0, 0xfe, 0x6, 0xc, 0x18, 0x30, 0x3f,
    0x80,

    /* U+C369 "썩" */
    0x33, 0x19, 0x98, 0xcc, 0xc6, 0x66, 0xf7, 0xf9,
    0xbf, 0xcf, 0x3b, 0x63, 0x9b, 0x8, 0x18, 0xff,
    0xc0, 0x6, 0x0, 0x30, 0x1, 0x80, 0xc,

    /* U+C379 "썹" */
    0x33, 0x19, 0x98, 0xcc, 0xde, 0xfe, 0x36, 0xf9,
    0xe7, 0x6f, 0x33, 0x61, 0x3, 0x0, 0x0, 0xc0,
    0xc7, 0xfe, 0x30, 0x31, 0x81, 0x8f, 0xfc,

    /* U+C384 "쎄" */
    0x0, 0x6c, 0xd9, 0xb3, 0x66, 0xcd, 0x9b, 0x37,
    0xec, 0xd9, 0xb7, 0xe6, 0xdb, 0xdb, 0x6f, 0x6d,
    0x67, 0xb1, 0x86, 0xc0, 0x1b, 0x0, 0x6c, 0x1,
    0xb0,

    /* U+C3D8 "쏘" */
    0x18, 0x60, 0x61, 0x81, 0x86, 0xf, 0x3c, 0x36,
    0xfb, 0x8e, 0x74, 0x10, 0x80, 0xc0, 0x3, 0x0,
    0xc, 0xf, 0xff, 0xc0,

    /* U+C3DF "쏟" */
    0x18, 0x60, 0x61, 0x83, 0xef, 0x39, 0x66, 0x43,
    0x8, 0xc, 0xf, 0xff, 0xc0, 0x0, 0x0, 0x0,
    0xff, 0xc3, 0x0, 0xc, 0x0, 0x30, 0x0, 0xff,
    0xc0,

    /* U+C4F0 "쓰" */
    0x18, 0x60, 0x61, 0x81, 0x86, 0x7, 0x38, 0x3e,
    0xf1, 0x96, 0x74, 0x10, 0x80, 0x0, 0x0, 0x0,
    0x0, 0xf, 0xff, 0xc0,

    /* U+C500 "씀" */
    0x18, 0x60, 0x61, 0x83, 0xc6, 0x1f, 0xbe, 0x61,
    0x98, 0x0, 0xf, 0xff, 0xc0, 0x0, 0x0, 0x0,
    0xff, 0xc3, 0x3, 0xc, 0xc, 0x30, 0x30, 0xff,
    0xc0,

    /* U+C528 "씨" */
    0x33, 0x19, 0x98, 0xcc, 0xc6, 0x66, 0x33, 0x31,
    0x99, 0x8d, 0xfe, 0x6d, 0xf3, 0xce, 0xde, 0x62,
    0xc3, 0x6, 0x0, 0x30, 0x1, 0x80, 0xc,

    /* U+C529 "씩" */
    0x33, 0x19, 0x98, 0xcc, 0xc6, 0x66, 0x37, 0xb9,
    0xbf, 0xcf, 0x3b, 0x79, 0x9b, 0x8, 0x18, 0xff,
    0xc0, 0x6, 0x0, 0x30, 0x1, 0x80, 0xc,

    /* U+C539 "씹" */
    0x33, 0x19, 0x98, 0xcc, 0xc6, 0x66, 0x37, 0xf9,
    0xf7, 0xef, 0x33, 0xe1, 0x8b, 0x0, 0x0, 0xc0,
    0xc7, 0xfe, 0x30, 0x31, 0x81, 0x8f, 0xfc,

    /* U+C544 "아" */
    0x3c, 0x31, 0x98, 0xcc, 0x33, 0x30, 0xcc, 0xc3,
    0x33, 0xc, 0xfc, 0x33, 0x30, 0xcc, 0x66, 0x30,
    0xf0, 0xc0, 0x3, 0x0, 0xc, 0x0, 0x30, 0x0,
    0xc0,

    /* U+C545 "악" */
    0x3c, 0x31, 0x98, 0xcc, 0x33, 0x30, 0xcf, 0xc3,
    0x31, 0x98, 0xc3, 0xc3, 0x0, 0xc, 0x0, 0x30,
    0xff, 0xc0, 0x3, 0x0, 0xc, 0x0, 0x30, 0x0,
    0xc0,

    /* U+C548 "안" */
    0x3c, 0x31, 0x98, 0xcc, 0x33, 0x30, 0xcf, 0xc3,
    0x3d, 0x98, 0xc3, 0xc3, 0x0, 0xc, 0x0, 0x30,
    0xc0, 0xc3, 0x3, 0xc, 0x0, 0x30, 0x0, 0xff,
    0xe0,

    /* U+C549 "앉" */
    0x3e, 0x18, 0xc6, 0x33, 0xc, 0x66, 0x18, 0xfc,
    0x31, 0x8c, 0x63, 0xf, 0x86, 0x0, 0xc, 0x63,
    0xf8, 0xc7, 0xf1, 0x93, 0x83, 0xef, 0x87, 0x7b,
    0xc0, 0x41, 0x0,

    /* U+C54A "않" */
    0x3c, 0x31, 0x98, 0xcc, 0x33, 0x30, 0xcf, 0xc3,
    0x31, 0x98, 0xc3, 0xc3, 0x0, 0x30, 0x67, 0xf9,
    0x9f, 0xe6, 0x1e, 0x18, 0xcc, 0x63, 0x31, 0xe7,
    0x80,

    /* U+C54C "알" */
    0x3c, 0x33, 0x9c, 0xcc, 0x33, 0x30, 0xcf, 0xe7,
    0x30, 0xf0, 0xc0, 0x3, 0x0, 0x0, 0x3f, 0xf0,
    0x0, 0xc3, 0xff, 0xc, 0x0, 0x30, 0x0, 0xff,
    0xe0,

    /* U+C553 "앓" */
    0x3c, 0x33, 0x98, 0xcc, 0x33, 0x30, 0xcf, 0xe6,
    0x3c, 0xf0, 0xc0, 0x3, 0x0, 0x18, 0x7d, 0xf8,
    0x37, 0xe7, 0xcf, 0x18, 0x64, 0x61, 0x91, 0xf3,
    0xc0,

    /* U+C555 "압" */
    0x3c, 0x31, 0x98, 0xcc, 0x33, 0x30, 0xcf, 0xc3,
    0x31, 0x98, 0xc3, 0xc3, 0x0, 0xc, 0x0, 0x0,
    0xc0, 0xc3, 0xff, 0xc, 0xc, 0x30, 0x30, 0xff,
    0xc0,

    /* U+C55E "앞" */
    0x3c, 0x31, 0x88, 0xcc, 0x23, 0x30, 0xcf, 0xc3,
    0x33, 0xf8, 0xc7, 0xe3, 0x4, 0xc, 0x3f, 0xf0,
    0x33, 0x0, 0xcc, 0x3, 0x30, 0xc, 0xc0, 0xff,
    0xc0,

    /* U+C560 "애" */
    0x38, 0xdb, 0x66, 0xf1, 0xb7, 0x8d, 0xbc, 0x6d,
    0xe3, 0x6f, 0x1b, 0xf8, 0xdb, 0x6c, 0xd9, 0xc6,
    0xc0, 0x36, 0x1, 0xb0, 0xd, 0x80, 0x6c,

    /* U+C561 "액" */
    0x38, 0xdb, 0x66, 0xf1, 0xb7, 0x8d, 0xfc, 0x6d,
    0xb6, 0x6c, 0xe3, 0x60, 0x1b, 0x0, 0x0, 0xff,
    0xc0, 0x6, 0x0, 0x30, 0x1, 0x80, 0xc,

    /* U+C57C "야" */
    0x3c, 0x31, 0x98, 0xcc, 0x33, 0x30, 0xcf, 0xc3,
    0x33, 0xc, 0xcc, 0x33, 0x30, 0xcf, 0x66, 0x3c,
    0xf0, 0xc0, 0x3, 0x0, 0xc, 0x0, 0x30, 0x0,
    0xc0,

    /* U+C57D "약" */
    0x3c, 0x31, 0x98, 0xcc, 0x33, 0xf0, 0xcc, 0xc3,
    0x31, 0x98, 0xf3, 0xc3, 0x0, 0xc, 0x0, 0x0,
    0xff, 0xc0, 0x3, 0x0, 0xc, 0x0, 0x30, 0x0,
    0xc0,

    /* U+C587 "얇" */
    0x3c, 0x31, 0x9c, 0xfc, 0x33, 0x30, 0xcc, 0xc3,
    0x3d, 0x9c, 0xf3, 0xc3, 0x0, 0x0, 0x7d, 0xb0,
    0x37, 0xc7, 0xdf, 0x18, 0x6c, 0x61, 0xb1, 0xf7,
    0xc0,

    /* U+C591 "양" */
    0x3c, 0x31, 0x98, 0xfc, 0x33, 0x30, 0xcc, 0xc3,
    0x31, 0x98, 0xf3, 0xc3, 0x0, 0xc, 0x0, 0x30,
    0x3f, 0x3, 0x87, 0xc, 0xc, 0x38, 0x70, 0x3f,
    0x0,

    /* U+C597 "얗" */
    0x3c, 0x31, 0x98, 0xfc, 0x33, 0x30, 0xcc, 0xe7,
    0x3c, 0xf0, 0xf0, 0x33, 0x0, 0xc0, 0x3f, 0xf8,
    0xff, 0xe0, 0xfe, 0x6, 0xc, 0x18, 0x30, 0x3f,
    0x80,

    /* U+C598 "얘" */
    0x38, 0xdb, 0x66, 0xf1, 0xb7, 0x8d, 0xfc, 0x6d,
    0xe3, 0x6f, 0x1b, 0x78, 0xdf, 0x6c, 0xf9, 0xc6,
    0xc0, 0x36, 0x1, 0xb0, 0xd, 0x80, 0x6c,

    /* U+C5B4 "어" */
    0x3c, 0x1b, 0x30, 0xf0, 0xc7, 0x86, 0x3c, 0x31,
    0xe1, 0xff, 0xc, 0x78, 0x63, 0x66, 0x19, 0xe0,
    0xc0, 0x6, 0x0, 0x30, 0x1, 0x80, 0xc,

    /* U+C5B5 "억" */
    0x3c, 0x36, 0x63, 0xc2, 0x3c, 0x3f, 0xc2, 0x36,
    0x63, 0x3c, 0x30, 0x3, 0x0, 0x33, 0xff, 0x0,
    0x30, 0x3, 0x0, 0x30, 0x3,

    /* U+C5B8 "언" */
    0x3c, 0x33, 0x31, 0xb1, 0x8d, 0x87, 0xec, 0x23,
    0x63, 0x19, 0x98, 0xc7, 0x86, 0x0, 0x30, 0x1,
    0x86, 0x0, 0x30, 0x1, 0x80, 0xf, 0xfc,

    /* U+C5B9 "얹" */
    0x3c, 0x19, 0x98, 0x6c, 0x31, 0xb0, 0xfe, 0xc3,
    0x1b, 0xf8, 0x67, 0xe1, 0x80, 0x6, 0x63, 0xf9,
    0x8f, 0xe6, 0x4e, 0x1f, 0x7c, 0x73, 0xbc, 0x4,
    0x20,

    /* U+C5BC "얼" */
    0x3c, 0x1f, 0x18, 0xf0, 0xc7, 0x87, 0xfe, 0x31,
    0x9f, 0xc, 0x0, 0x60, 0x0, 0x1f, 0xf8, 0x0,
    0xc7, 0xfe, 0x30, 0x1, 0x80, 0xf, 0xfc,

    /* U+C5C4 "엄" */
    0x3c, 0x36, 0x63, 0xc2, 0x3c, 0x3f, 0xc2, 0x36,
    0x63, 0x3c, 0x30, 0x3, 0x0, 0x1, 0xff, 0x18,
    0x31, 0x83, 0x18, 0x31, 0xff,

    /* U+C5C5 "업" */
    0x3c, 0x36, 0x63, 0xc6, 0x3c, 0x7f, 0xc6, 0x36,
    0x63, 0x3c, 0x30, 0x3, 0x0, 0x1, 0x83, 0x1f,
    0xf1, 0x83, 0x18, 0x31, 0xff,

    /* U+C5C6 "없" */
    0x3c, 0x31, 0x88, 0xcc, 0x33, 0x30, 0xfc, 0xc3,
    0x31, 0x88, 0xc3, 0xc3, 0x0, 0xc, 0x66, 0x61,
    0x99, 0x87, 0xe6, 0x19, 0x9c, 0x66, 0xf1, 0xfe,
    0x60, 0x0, 0x0,

    /* U+C5C9 "엉" */
    0x3c, 0x36, 0x63, 0xc2, 0x3c, 0x3f, 0xc6, 0x3f,
    0xe3, 0x7c, 0x30, 0x3, 0x7, 0xc1, 0xc6, 0x18,
    0x31, 0x83, 0x1c, 0x70, 0x7c,

    /* U+C5CC "엌" */
    0x3c, 0x36, 0x63, 0xc2, 0x3c, 0x3f, 0xc2, 0x36,
    0x63, 0x3c, 0x30, 0x3, 0x0, 0x3, 0xff, 0x0,
    0x33, 0xff, 0x0, 0x30, 0x3,

    /* U+C5D0 "에" */
    0x38, 0xdb, 0x66, 0xf1, 0xb7, 0x8d, 0xbc, 0x6d,
    0xe3, 0xef, 0x1b, 0x78, 0xdb, 0x6c, 0xd9, 0xc6,
    0xc0, 0x36, 0x1, 0xb0, 0xd, 0x80, 0x6c,

    /* U+C5EC "여" */
    0x3c, 0x36, 0x63, 0xc2, 0x3c, 0x3f, 0xc3, 0x3c,
    0x33, 0xc3, 0x3c, 0x3f, 0x67, 0xf3, 0xc3, 0x0,
    0x30, 0x3, 0x0, 0x30, 0x3,

    /* U+C5ED "역" */
    0x3c, 0x36, 0x7f, 0xc3, 0x3c, 0x33, 0xc3, 0xf6,
    0x7f, 0x3c, 0x30, 0x3, 0x0, 0x3, 0xff, 0x0,
    0x30, 0x3, 0x0, 0x30, 0x3,

    /* U+C5F0 "연" */
    0x3c, 0x1b, 0x30, 0xf0, 0xff, 0x86, 0x3c, 0x31,
    0xe1, 0xfd, 0x9f, 0xe7, 0x83, 0x0, 0x18, 0x0,
    0xc6, 0x6, 0x30, 0x1, 0x80, 0xf, 0xfc,

    /* U+C5F4 "열" */
    0x3c, 0x33, 0x3f, 0xb0, 0xcd, 0x86, 0x6c, 0x3f,
    0x33, 0xf8, 0xf8, 0xc0, 0x0, 0x1f, 0xf0, 0x1,
    0x87, 0xfc, 0x30, 0x1, 0x80, 0xf, 0xfc,

    /* U+C5FC "염" */
    0x3c, 0x1b, 0x30, 0xf0, 0xff, 0x86, 0x3c, 0x31,
    0xb3, 0xfc, 0xf8, 0x60, 0x3, 0x0, 0x18, 0xff,
    0xc6, 0x6, 0x30, 0x31, 0x81, 0x8f, 0xfc,

    /* U+C5FD "엽" */
    0x3c, 0x36, 0x7f, 0xc3, 0x3c, 0x33, 0xc3, 0xf6,
    0x7f, 0x3e, 0x30, 0x3, 0x0, 0x1, 0x83, 0x1f,
    0xf1, 0x83, 0x18, 0x31, 0xff,

    /* U+C601 "영" */
    0x3c, 0x36, 0x7f, 0xc3, 0x3c, 0x33, 0xc3, 0x3e,
    0x7f, 0x7c, 0x30, 0x3, 0x7, 0xc0, 0xc7, 0x18,
    0x31, 0x83, 0x1c, 0x70, 0x7c,

    /* U+C608 "예" */
    0x38, 0xdb, 0x66, 0xf1, 0x37, 0x8f, 0xbc, 0x6d,
    0xe3, 0x6f, 0x1b, 0x78, 0xfb, 0xc4, 0xdb, 0x66,
    0xce, 0x36, 0x1, 0xb0, 0xd, 0x80, 0x6c,

    /* U+C61B "옛" */
    0x38, 0xd9, 0xbf, 0x6c, 0x6d, 0xb1, 0xb6, 0xc7,
    0xd9, 0xbf, 0x63, 0xcd, 0x80, 0x36, 0x0, 0x18,
    0xc, 0x60, 0x30, 0x1, 0xe0, 0xf, 0xc0, 0xf1,
    0xc3, 0x3, 0x80,

    /* U+C624 "오" */
    0xf, 0xc0, 0x61, 0x83, 0x3, 0xc, 0xc, 0x30,
    0x30, 0xc0, 0xc3, 0x87, 0x3, 0xf0, 0x3, 0x0,
    0xc, 0x0, 0x30, 0x3f, 0xff,

    /* U+C625 "옥" */
    0xf, 0xc0, 0xe1, 0xc3, 0x3, 0xc, 0xc, 0x3f,
    0xf0, 0x3f, 0x0, 0x30, 0x3f, 0xff, 0x0, 0x0,
    0x0, 0x3, 0xff, 0x0, 0xc, 0x0, 0x30, 0x0,
    0xc0,

    /* U+C628 "온" */
    0xf, 0xc0, 0xe1, 0xc3, 0x3, 0xc, 0xc, 0x1f,
    0xe0, 0x3f, 0x0, 0x30, 0x3f, 0xff, 0x0, 0x0,
    0x0, 0x3, 0x0, 0xc, 0x0, 0x30, 0x0, 0xff,
    0xc0,

    /* U+C62C "올" */
    0xf, 0xc0, 0xe1, 0xc3, 0x3, 0xf, 0x3c, 0x1f,
    0xe0, 0xc, 0xf, 0xff, 0xc0, 0x0, 0x3f, 0xf0,
    0x0, 0xc3, 0xff, 0xc, 0x0, 0x30, 0x0, 0xff,
    0xc0,

    /* U+C633 "옳" */
    0xf, 0xc0, 0xe0, 0xc3, 0x3, 0xf, 0x3c, 0x1f,
    0xe0, 0xc, 0xf, 0xff, 0xc0, 0x0, 0x0, 0x61,
    0xf7, 0xe0, 0x40, 0x1f, 0x3c, 0x61, 0x99, 0xfb,
    0xc0,

    /* U+C640 "와" */
    0x1e, 0x18, 0x66, 0x31, 0x86, 0x63, 0xc, 0xc6,
    0x19, 0x8c, 0x33, 0xc, 0xc7, 0x8f, 0xc, 0xc,
    0x18, 0x18, 0x30, 0x30, 0x67, 0xfe, 0xc0, 0x1,
    0x80, 0x3, 0x0,

    /* U+C644 "완" */
    0x1e, 0x31, 0xce, 0xc6, 0x1b, 0x18, 0x6c, 0x21,
    0x3c, 0x30, 0xc0, 0xc3, 0x3, 0xc, 0xff, 0xf0,
    0x0, 0xc1, 0x83, 0x6, 0x0, 0x18, 0x0, 0x7f,
    0xc0,

    /* U+C655 "왕" */
    0x3f, 0x18, 0xc3, 0x31, 0x86, 0x63, 0xc, 0xc3,
    0xf1, 0xe1, 0x83, 0x3, 0x6, 0x7f, 0xec, 0x0,
    0x18, 0x1f, 0xc0, 0xe0, 0xe1, 0x80, 0xc3, 0x83,
    0x81, 0xfc, 0x0,

    /* U+C65C "왜" */
    0x1c, 0x6c, 0xd9, 0xb6, 0x36, 0xd8, 0xdb, 0x63,
    0x6d, 0xdd, 0xb3, 0xe7, 0xc2, 0x1b, 0x8, 0x6c,
    0x21, 0xb7, 0xfe, 0xc0, 0x1b, 0x0, 0x6c, 0x1,
    0xb0,

    /* U+C660 "왠" */
    0x3e, 0x6d, 0x8d, 0xb6, 0x36, 0xd8, 0xdb, 0x3e,
    0x7c, 0x21, 0xb0, 0x86, 0xff, 0xfb, 0x0, 0x6c,
    0x1, 0xb0, 0x80, 0xc2, 0x0, 0x8, 0x0, 0x3f,
    0xf0,

    /* U+C678 "외" */
    0x1e, 0x19, 0x98, 0xd8, 0x66, 0xc3, 0x36, 0x19,
    0xb0, 0xcc, 0xcc, 0x67, 0xe3, 0xc, 0x18, 0x60,
    0xc3, 0x7, 0xff, 0xb0, 0x1, 0x80, 0xc,

    /* U+C67C "왼" */
    0x1e, 0x1b, 0x9c, 0xd8, 0x66, 0xc3, 0x33, 0xf1,
    0x8f, 0xc, 0x30, 0x7f, 0xfb, 0x0, 0x18, 0x0,
    0xc6, 0x6, 0x30, 0x1, 0x80, 0xf, 0xfc,

    /* U+C694 "요" */
    0xf, 0xc0, 0x61, 0x83, 0x3, 0xc, 0xc, 0x30,
    0x30, 0xc0, 0xc3, 0x86, 0x3, 0xf0, 0x8, 0x40,
    0x21, 0x0, 0x84, 0x3f, 0xff,

    /* U+C695 "욕" */
    0xf, 0xc0, 0xe1, 0xc3, 0x3, 0xe, 0x1c, 0x1f,
    0xe0, 0x21, 0x0, 0x84, 0x3f, 0xff, 0x0, 0x0,
    0x0, 0x3, 0xff, 0x0, 0xc, 0x0, 0x30, 0x0,
    0xc0,

    /* U+C6A9 "용" */
    0xf, 0xc0, 0xe1, 0xc3, 0x3, 0xe, 0x1c, 0x1f,
    0xe0, 0x21, 0xf, 0xff, 0xff, 0xff, 0x0, 0x0,
    0x3f, 0x3, 0x87, 0xc, 0xc, 0x38, 0x70, 0x3f,
    0x0,

    /* U+C6B0 "우" */
    0xf, 0xc0, 0xe1, 0x83, 0x3, 0xc, 0xc, 0x38,
    0x60, 0x3f, 0x0, 0x0, 0x0, 0x0, 0xff, 0xfc,
    0xc, 0x0, 0x30, 0x0, 0xc0, 0x3, 0x0, 0xc,
    0x0,

    /* U+C6B1 "욱" */
    0xf, 0xc0, 0xe1, 0xc3, 0x3, 0xe, 0x1c, 0xf,
    0xc0, 0x0, 0x0, 0x0, 0x3f, 0xff, 0x3, 0x0,
    0xc, 0x3, 0xff, 0x0, 0xc, 0x0, 0x30, 0x0,
    0xc0,

    /* U+C6B4 "운" */
    0xf, 0xc0, 0xe1, 0xc3, 0x3, 0xc, 0xc, 0x38,
    0x70, 0x3f, 0x0, 0x0, 0x3f, 0xff, 0x3, 0x0,
    0xc, 0x3, 0x0, 0xc, 0x0, 0x30, 0x0, 0xff,
    0xc0,

    /* U+C6B8 "울" */
    0x1f, 0xe0, 0xc0, 0xc3, 0x3, 0x7, 0xf8, 0x0,
    0x0, 0x0, 0xf, 0xff, 0xc0, 0xc0, 0x3f, 0xf0,
    0x0, 0xc0, 0x3, 0xf, 0xfc, 0x30, 0x0, 0xff,
    0xc0,

    /* U+C6C0 "움" */
    0xf, 0xc0, 0xe1, 0xc3, 0x3, 0xf, 0x3c, 0x1f,
    0xe0, 0x0, 0xf, 0xff, 0xc0, 0xc0, 0x3, 0x0,
    0xff, 0xc3, 0x3, 0xc, 0xc, 0x30, 0x30, 0xff,
    0xc0,

    /* U+C6C3 "웃" */
    0xf, 0xc0, 0xe1, 0xc3, 0x3, 0xe, 0x1c, 0x1f,
    0xe0, 0x0, 0xf, 0xff, 0xc0, 0xc0, 0x0, 0x0,
    0xc, 0x0, 0x78, 0x3, 0xf0, 0x78, 0x78, 0x80,
    0x0,

    /* U+C6CC "워" */
    0x1e, 0x1b, 0x98, 0xd8, 0x66, 0xc3, 0x37, 0xf9,
    0x9f, 0x8c, 0x0, 0x7f, 0xfb, 0xff, 0xd8, 0x60,
    0xc3, 0x3e, 0x18, 0x30, 0xc1, 0x86, 0xc,

    /* U+C6D0 "원" */
    0x1f, 0x1b, 0x1c, 0xd8, 0x66, 0xc7, 0x31, 0xf1,
    0x80, 0xf, 0xff, 0x61, 0x83, 0xc, 0xf8, 0x60,
    0xcf, 0x6, 0x60, 0x3, 0x0, 0x1f, 0xfc,

    /* U+C6D4 "월" */
    0x3f, 0x1b, 0xc, 0xd8, 0x66, 0x7e, 0x30, 0x1,
    0xff, 0xec, 0x30, 0x61, 0x9f, 0xc, 0x18, 0xff,
    0xc7, 0xfe, 0x3f, 0xf1, 0x80, 0xf, 0xfc,

    /* U+C6E8 "웨" */
    0x3e, 0x6d, 0xdd, 0xb6, 0x36, 0xd8, 0xdb, 0x77,
    0x6c, 0xf1, 0xb0, 0x6, 0xff, 0xfb, 0xc, 0x6c,
    0x31, 0xb0, 0xde, 0xc3, 0x1b, 0xc, 0x6c, 0x1,
    0xb0,

    /* U+C6EC "웬" */
    0x3e, 0x6d, 0x8d, 0xb6, 0x36, 0xd8, 0xdb, 0x3e,
    0x6c, 0x1, 0xbf, 0xf6, 0xc3, 0x1b, 0xd, 0xec,
    0x1, 0xb0, 0xc6, 0xc3, 0x0, 0xc, 0x0, 0x3f,
    0xf0,

    /* U+C704 "위" */
    0x1e, 0x1b, 0x9c, 0xd8, 0x66, 0xc3, 0x37, 0xf1,
    0x8f, 0xc, 0x0, 0x7f, 0xfb, 0xff, 0xd8, 0x60,
    0xc3, 0x6, 0x18, 0x30, 0xc1, 0x86, 0xc,

    /* U+C720 "유" */
    0xf, 0xc0, 0xe1, 0x83, 0x3, 0xc, 0xc, 0x18,
    0x60, 0x3f, 0x0, 0x0, 0x0, 0x0, 0xff, 0xfc,
    0x21, 0x0, 0x84, 0x2, 0x10, 0x8, 0x40, 0x21,
    0x0,

    /* U+C721 "육" */
    0xf, 0xc0, 0xe1, 0xc3, 0x3, 0xe, 0x1c, 0xf,
    0xc0, 0x0, 0x0, 0x0, 0x3f, 0xff, 0xc, 0xc0,
    0xff, 0xc3, 0xff, 0x0, 0xc, 0x0, 0x30, 0x0,
    0xc0,

    /* U+C728 "율" */
    0x1f, 0xe0, 0xc0, 0xc3, 0x3, 0x7, 0xf8, 0x0,
    0x3, 0xff, 0xf0, 0xcc, 0xf, 0xfc, 0x3f, 0xf0,
    0x0, 0xc3, 0xff, 0xc, 0x0, 0x30, 0x0, 0xff,
    0xc0,

    /* U+C73C "으" */
    0xf, 0xc0, 0x61, 0x83, 0x3, 0xc, 0xc, 0x30,
    0x30, 0xc0, 0xc1, 0x86, 0x3, 0xf0, 0x0, 0x0,
    0x0, 0x0, 0x0, 0x3f, 0xff,

    /* U+C73D "윽" */
    0xf, 0xc0, 0xe1, 0xc3, 0x3, 0xe, 0x1c, 0xf,
    0xc0, 0x0, 0x0, 0x0, 0x3f, 0xff, 0x0, 0x0,
    0x0, 0x3, 0xff, 0x0, 0xc, 0x0, 0x30, 0x0,
    0xc0,

    /* U+C740 "은" */
    0xf, 0xc0, 0xe1, 0xc3, 0x3, 0xc, 0xc, 0x38,
    0x70, 0x3f, 0x0, 0x0, 0x3f, 0xff, 0x0, 0x0,
    0x0, 0x3, 0x0, 0xc, 0x0, 0x30, 0x0, 0xff,
    0xc0,

    /* U+C744 "을" */
    0x1f, 0xe0, 0xc0, 0xc3, 0x3, 0x7, 0xf8, 0x0,
    0x3, 0xff, 0xff, 0xff, 0xc0, 0x0, 0x3f, 0xf0,
    0x0, 0xc0, 0x3, 0xf, 0xfc, 0x30, 0x0, 0xff,
    0xc0,

    /* U+C74C "음" */
    0xf, 0xc0, 0xe1, 0xc3, 0x3, 0xe, 0x1c, 0xf,
    0xc0, 0x0, 0x0, 0x0, 0x3f, 0xff, 0x0, 0x0,
    0xff, 0xc3, 0x3, 0xc, 0xc, 0x30, 0x30, 0xff,
    0xc0,

    /* U+C751 "응" */
    0xf, 0xc0, 0xc0, 0xc3, 0x3, 0xf, 0x3c, 0x1f,
    0xe0, 0x0, 0xf, 0xff, 0xc0, 0x0, 0x0, 0x0,
    0x3f, 0x3, 0x87, 0xc, 0xc, 0x38, 0x70, 0x3f,
    0x0,

    /* U+C758 "의" */
    0x1e, 0x19, 0x98, 0xd8, 0x66, 0xc3, 0x36, 0x19,
    0xb0, 0xcc, 0xcc, 0x63, 0xc3, 0x0, 0x18, 0x0,
    0xff, 0xf6, 0x0, 0x30, 0x1, 0x80, 0xc,

    /* U+C774 "이" */
    0x3c, 0x36, 0x63, 0xc3, 0x3c, 0x33, 0xc3, 0x3c,
    0x33, 0xc3, 0x3c, 0x33, 0x66, 0x33, 0xc3, 0x0,
    0x30, 0x3, 0x0, 0x30, 0x3,

    /* U+C775 "익" */
    0x3c, 0x36, 0x63, 0xc3, 0x3c, 0x33, 0xc3, 0x36,
    0x63, 0x3c, 0x30, 0x3, 0x0, 0x33, 0xff, 0x0,
    0x30, 0x3, 0x0, 0x30, 0x3,

    /* U+C778 "인" */
    0x3c, 0x33, 0x31, 0xb0, 0xcd, 0x86, 0x6c, 0x33,
    0x61, 0x99, 0x98, 0xc7, 0x86, 0x0, 0x30, 0x1,
    0x8c, 0x0, 0x60, 0x3, 0x0, 0x1f, 0xfc,

    /* U+C77C "일" */
    0x3c, 0x37, 0x39, 0xb0, 0xcd, 0x86, 0x6e, 0x73,
    0x1e, 0x18, 0x0, 0xc0, 0x0, 0x1f, 0xf0, 0x1,
    0x87, 0xfc, 0x20, 0x1, 0x0, 0xf, 0xfc,

    /* U+C783 "잃" */
    0x3c, 0x37, 0x31, 0xb0, 0xcd, 0x86, 0x6e, 0x63,
    0x1e, 0x18, 0x0, 0xc0, 0xc, 0x7f, 0xf8, 0x7f,
    0xdf, 0x38, 0xc3, 0x26, 0x19, 0x3e, 0x70,

    /* U+C784 "임" */
    0x3c, 0x36, 0x63, 0xc3, 0x3c, 0x33, 0xc3, 0x36,
    0x63, 0x3c, 0x30, 0x3, 0x0, 0x3, 0xff, 0x30,
    0x33, 0x3, 0x30, 0x33, 0xff,

    /* U+C785 "입" */
    0x3c, 0x36, 0x63, 0xc3, 0x3c, 0x33, 0xc3, 0x36,
    0x63, 0x3c, 0x30, 0x3, 0x0, 0x3, 0x3, 0x3f,
    0xf3, 0x3, 0x30, 0x33, 0xff,

    /* U+C787 "잇" */
    0x3c, 0x33, 0x19, 0xb0, 0xcd, 0x86, 0x6c, 0x33,
    0x31, 0x98, 0xf0, 0xc0, 0x6, 0x3, 0x30, 0x18,
    0x1, 0xe0, 0x1f, 0x81, 0xce, 0x3c, 0x3c, 0x0,
    0x40,

    /* U+C78A "잊" */
    0x3c, 0x33, 0x31, 0xb0, 0xcd, 0x86, 0x6c, 0x33,
    0x33, 0x18, 0xf0, 0xc0, 0x6, 0x0, 0x1, 0xff,
    0x80, 0xe0, 0xf, 0x81, 0xcf, 0x1c, 0x1c,

    /* U+C78E "잎" */
    0x3c, 0x1b, 0x38, 0xf0, 0xc7, 0x86, 0x3c, 0x31,
    0xb3, 0x8c, 0xf0, 0x60, 0x3, 0x0, 0x1, 0xff,
    0xc3, 0x18, 0x18, 0xc0, 0xc6, 0x1f, 0xfc,

    /* U+C790 "자" */
    0x0, 0x18, 0xff, 0x30, 0x30, 0x60, 0x60, 0xc0,
    0xc1, 0x81, 0x83, 0xc7, 0x86, 0x19, 0x8c, 0x71,
    0xd8, 0xc1, 0x30, 0x0, 0x60, 0x0, 0xc0, 0x1,
    0x80, 0x3, 0x0,

    /* U+C791 "작" */
    0x7f, 0x98, 0x18, 0x30, 0x30, 0x60, 0x70, 0xf1,
    0xe1, 0x87, 0x73, 0x1c, 0x66, 0x30, 0x4c, 0x40,
    0x18, 0x3f, 0xf0, 0x0, 0x60, 0x0, 0xc0, 0x1,
    0x80, 0x3, 0x0,

    /* U+C794 "잔" */
    0x7f, 0x98, 0x18, 0x30, 0x30, 0x60, 0x60, 0xc1,
    0xe1, 0xe3, 0xe3, 0xc, 0xe6, 0x78, 0xcc, 0x60,
    0x18, 0x0, 0x30, 0x60, 0x60, 0xc0, 0x1, 0x80,
    0x3, 0xff, 0x0,

    /* U+C798 "잘" */
    0x7f, 0x98, 0x18, 0x30, 0x30, 0x60, 0xf0, 0xf1,
    0xf1, 0x86, 0x7b, 0x18, 0x26, 0xf, 0xfc, 0x0,
    0x18, 0x0, 0x30, 0x7f, 0xe0, 0xc0, 0x1, 0x80,
    0x3, 0xff, 0x80,

    /* U+C7A0 "잠" */
    0x7f, 0x98, 0x18, 0x30, 0x30, 0x60, 0x70, 0xf1,
    0xf1, 0x86, 0x73, 0x3c, 0x66, 0x30, 0xc, 0x0,
    0x0, 0x3f, 0xf0, 0x60, 0x60, 0xc0, 0xc1, 0x81,
    0x83, 0xff, 0x0,

    /* U+C7A1 "잡" */
    0x7f, 0x98, 0x18, 0x30, 0x30, 0x60, 0x70, 0xf1,
    0xf1, 0x86, 0x73, 0x1c, 0x66, 0x30, 0xc, 0x0,
    0x0, 0x30, 0x30, 0x7f, 0xe0, 0xc0, 0xc1, 0x81,
    0x83, 0xff, 0x0,

    /* U+C7A5 "장" */
    0x7f, 0x98, 0x18, 0x30, 0x30, 0x60, 0x60, 0xf1,
    0xe1, 0x83, 0x63, 0x1c, 0x76, 0x30, 0x4c, 0x40,
    0x18, 0xf, 0xc0, 0x70, 0xe0, 0xc0, 0xc1, 0xc3,
    0x80, 0xfc, 0x0,

    /* U+C7AC "재" */
    0x0, 0x6d, 0xfd, 0xb0, 0xc6, 0xc3, 0x1b, 0xc,
    0x6c, 0x71, 0xb1, 0xc7, 0xc7, 0x9b, 0x37, 0x6d,
    0x8d, 0xb4, 0x6, 0xc0, 0x1b, 0x0, 0x6c, 0x1,
    0xb0,

    /* U+C7C1 "쟁" */
    0x7f, 0x6c, 0x31, 0xb1, 0xc6, 0xc7, 0x1f, 0x1e,
    0x6c, 0xdd, 0xb7, 0x36, 0xd8, 0x1b, 0x0, 0xc,
    0x1f, 0xc0, 0xc1, 0xc3, 0x3, 0xc, 0x1c, 0x1f,
    0xc0,

    /* U+C800 "저" */
    0x0, 0x1b, 0xfc, 0xc3, 0x6, 0x18, 0x30, 0xc1,
    0x86, 0x7c, 0x78, 0x63, 0xc3, 0x33, 0x9f, 0xc,
    0xc0, 0x6, 0x0, 0x30, 0x1, 0x80, 0xc,

    /* U+C801 "적" */
    0x7f, 0x98, 0x60, 0xc3, 0x6, 0x39, 0xf1, 0xe1,
    0x9f, 0x8c, 0xce, 0x7c, 0x33, 0x40, 0x18, 0xff,
    0xc0, 0x6, 0x0, 0x30, 0x1, 0x80, 0xc,

    /* U+C804 "전" */
    0x7f, 0x98, 0x60, 0xc3, 0x6, 0x19, 0xf1, 0xe1,
    0x8f, 0xc, 0xce, 0x7c, 0x33, 0x60, 0x18, 0x0,
    0xc6, 0x6, 0x30, 0x1, 0x80, 0xf, 0xfc,

    /* U+C808 "절" */
    0x7f, 0x98, 0x60, 0xc3, 0x6, 0x3d, 0xf1, 0xf1,
    0xb9, 0xcd, 0x82, 0x60, 0x0, 0x1f, 0xf8, 0x0,
    0xc7, 0xfe, 0x30, 0x1, 0x80, 0xf, 0xfc,

    /* U+C80A "젊" */
    0x7f, 0x98, 0x60, 0xc3, 0x3e, 0x3c, 0x31, 0x31,
    0x98, 0xcd, 0x80, 0x68, 0x3, 0x3e, 0xf8, 0x36,
    0xcf, 0xb6, 0x61, 0xb3, 0xd, 0x9f, 0x7c,

    /* U+C810 "점" */
    0x7f, 0x98, 0x60, 0xc3, 0x6, 0x39, 0xf1, 0xe1,
    0x99, 0xcd, 0xc6, 0x6c, 0x3, 0x0, 0x0, 0xff,
    0xc6, 0x6, 0x30, 0x31, 0x81, 0x8f, 0xfc,

    /* U+C811 "접" */
    0x7f, 0x98, 0x60, 0xc3, 0x6, 0x39, 0xf1, 0xe1,
    0x99, 0x8d, 0xc6, 0x6c, 0x3, 0x0, 0x0, 0x40,
    0xc3, 0xfe, 0x10, 0x30, 0x81, 0x87, 0xfc,

    /* U+C813 "젓" */
    0x7f, 0x98, 0x30, 0x60, 0xc1, 0x87, 0x3e, 0x1e,
    0x18, 0xdc, 0x67, 0x39, 0x98, 0x6, 0x1, 0x98,
    0x6, 0x0, 0x38, 0x1, 0xf0, 0xe, 0x70, 0xe0,
    0xe0, 0x0, 0x0,

    /* U+C815 "정" */
    0x7f, 0x98, 0x60, 0xc3, 0x6, 0x39, 0xf1, 0xe1,
    0x9b, 0x8d, 0xce, 0x6c, 0x3, 0x7, 0xe0, 0x61,
    0x83, 0x6, 0x10, 0x30, 0xc3, 0x3, 0xf0,

    /* U+C816 "젖" */
    0x7f, 0x98, 0x30, 0x60, 0xc1, 0x87, 0x3e, 0x1e,
    0x18, 0xce, 0x67, 0x19, 0x98, 0x6, 0x0, 0x0,
    0x7f, 0xe0, 0x3c, 0x1, 0xf8, 0xe, 0x78, 0x70,
    0x70,

    /* U+C81C "제" */
    0x0, 0x6d, 0xfd, 0xb0, 0xc6, 0xc3, 0x1b, 0xc,
    0x6c, 0x77, 0xb1, 0xc6, 0xc7, 0x9b, 0x37, 0x6d,
    0x8d, 0xb6, 0x6, 0xc0, 0x1b, 0x0, 0x6c, 0x1,
    0xb0,

    /* U+C820 "젠" */
    0x7f, 0x6c, 0x21, 0xb1, 0x86, 0xc7, 0x1b, 0x1d,
    0xec, 0x71, 0xb3, 0x66, 0xdc, 0xfb, 0x61, 0x6c,
    0x31, 0xb0, 0xc0, 0xc3, 0x0, 0xc, 0x0, 0x3f,
    0xf0,

    /* U+C838 "져" */
    0x0, 0x1b, 0xfc, 0xc3, 0x6, 0x19, 0xf0, 0xc1,
    0x86, 0xc, 0x7b, 0xe6, 0xe3, 0x73, 0x9b, 0xc,
    0xc0, 0x6, 0x0, 0x30, 0x1, 0x80, 0xc,

    /* U+C870 "조" */
    0x3f, 0xf0, 0xc, 0x0, 0x78, 0x1, 0xe0, 0x1c,
    0xe1, 0xe1, 0xe7, 0x1, 0x80, 0xc0, 0x3, 0x0,
    0xc, 0xf, 0xff, 0xc0,

    /* U+C871 "족" */
    0x3f, 0xf0, 0x1e, 0x0, 0xfc, 0x1f, 0x3e, 0x73,
    0x18, 0xc, 0xf, 0xff, 0xc0, 0x0, 0x0, 0x0,
    0xff, 0xc0, 0x3, 0x0, 0xc, 0x0, 0x30, 0x0,
    0xc0,

    /* U+C874 "존" */
    0x3f, 0xf0, 0xc, 0x0, 0x78, 0x3, 0xf8, 0x78,
    0x79, 0x8c, 0x60, 0x30, 0x3f, 0xff, 0x0, 0x0,
    0x0, 0x3, 0x0, 0xc, 0x0, 0x30, 0x0, 0xff,
    0xc0,

    /* U+C878 "졸" */
    0x3f, 0xf0, 0x1e, 0x0, 0xfc, 0x1e, 0x1e, 0x3,
    0x8, 0xc, 0xf, 0xff, 0xc0, 0x0, 0x3f, 0xf0,
    0x0, 0xc0, 0x3, 0xf, 0xfc, 0x30, 0x0, 0xff,
    0xc0,

    /* U+C881 "좁" */
    0x3f, 0xf0, 0x1e, 0x0, 0xfc, 0x1f, 0x3e, 0x73,
    0x18, 0xc, 0xf, 0xff, 0xc0, 0x0, 0x0, 0x0,
    0xc0, 0xc3, 0xff, 0xc, 0xc, 0x30, 0x30, 0xff,
    0xc0,

    /* U+C885 "종" */
    0x3f, 0xf0, 0x1e, 0x0, 0xfc, 0x1f, 0x3e, 0x73,
    0x18, 0xc, 0xf, 0xff, 0xc0, 0x0, 0x0, 0x0,
    0x3f, 0x3, 0x7, 0xc, 0xc, 0x38, 0x70, 0x7f,
    0x0,

    /* U+C88B "좋" */
    0x3f, 0xf0, 0x1e, 0x0, 0xfc, 0xf, 0x3c, 0x73,
    0x38, 0xc, 0xf, 0xff, 0xc0, 0xc0, 0x3, 0x0,
    0xff, 0xc3, 0xff, 0x7, 0xf8, 0x30, 0x30, 0x7f,
    0x80,

    /* U+C88C "좌" */
    0x0, 0x18, 0xff, 0x30, 0x30, 0x60, 0x60, 0xc1,
    0xe1, 0x87, 0xe3, 0x3c, 0xf7, 0xb0, 0x4c, 0xc,
    0x18, 0x18, 0x30, 0x30, 0x67, 0xfe, 0xc0, 0x1,
    0x80, 0x3, 0x0,

    /* U+C8C4 "죄" */
    0x7f, 0x98, 0x60, 0xc3, 0x6, 0x3c, 0x31, 0xe1,
    0x99, 0xcf, 0xc7, 0x68, 0x3, 0xc, 0x18, 0x60,
    0xc3, 0x7, 0xff, 0xb0, 0x1, 0x80, 0xc,

    /* U+C8FC "주" */
    0x3f, 0xf0, 0xc, 0x0, 0x78, 0x3, 0x70, 0xf8,
    0x7d, 0x80, 0x60, 0x0, 0x3f, 0xff, 0x3, 0x0,
    0xc, 0x0, 0x30, 0x0, 0xc0, 0x3, 0x0, 0xc,
    0x0,

    /* U+C8FD "죽" */
    0x3f, 0xf0, 0xe, 0x0, 0xfc, 0xf, 0x3c, 0x70,
    0x38, 0x0, 0xf, 0xff, 0xc0, 0xc0, 0x3, 0x0,
    0xff, 0xc0, 0x3, 0x0, 0xc, 0x0, 0x30, 0x0,
    0xc0,

    /* U+C900 "준" */
    0x3f, 0xf0, 0xc, 0x0, 0x78, 0x3, 0xf0, 0x7c,
    0xf9, 0x80, 0x60, 0x0, 0x3f, 0xff, 0x3, 0x0,
    0xc, 0x3, 0x30, 0xc, 0x0, 0x30, 0x0, 0xff,
    0xc0,

    /* U+C904 "줄" */
    0x3f, 0xf0, 0x1e, 0x0, 0xfc, 0x7, 0x3c, 0x70,
    0x38, 0x0, 0xf, 0xff, 0xc0, 0xc0, 0x3f, 0xf0,
    0x0, 0xc0, 0x3, 0xf, 0xfc, 0x30, 0x0, 0xff,
    0xc0,

    /* U+C90C "줌" */
    0x3f, 0xf0, 0xe, 0x0, 0xfc, 0xf, 0x3c, 0x70,
    0x38, 0x0, 0xf, 0xff, 0xc0, 0xc0, 0x3, 0x0,
    0xff, 0xc3, 0x3, 0xc, 0xc, 0x30, 0x30, 0xff,
    0xc0,

    /* U+C90D "줍" */
    0x3f, 0xf0, 0xe, 0x0, 0x7c, 0xf, 0x3c, 0x70,
    0x38, 0x0, 0xf, 0xff, 0xc0, 0xc0, 0x3, 0x0,
    0xc0, 0xc3, 0xff, 0xc, 0xc, 0x30, 0x30, 0xff,
    0xc0,

    /* U+C911 "중" */
    0x3f, 0xf0, 0xe, 0x0, 0xfc, 0xf, 0x3c, 0x70,
    0x38, 0x0, 0xf, 0xff, 0xc0, 0xc0, 0xf, 0xc0,
    0xff, 0xc3, 0x3, 0xc, 0xc, 0x38, 0x70, 0x3f,
    0x0,

    /* U+C950 "쥐" */
    0x7f, 0x98, 0x60, 0xc7, 0x86, 0x7e, 0x37, 0x3d,
    0xb0, 0x4c, 0x0, 0x7f, 0xfb, 0xc, 0x18, 0x60,
    0xc3, 0x6, 0x18, 0x30, 0xc1, 0x86, 0xc,

    /* U+C988 "즈" */
    0x3f, 0xf0, 0xc, 0x0, 0x70, 0x1, 0xe0, 0x1c,
    0xe1, 0xe1, 0xe6, 0x1, 0x80, 0x0, 0x0, 0x0,
    0x0, 0xf, 0xff, 0xc0,

    /* U+C989 "즉" */
    0x3f, 0xf0, 0xe, 0x0, 0xfc, 0x1f, 0x3e, 0x70,
    0x38, 0x0, 0xf, 0xff, 0xc0, 0x0, 0x0, 0x0,
    0xff, 0xc0, 0x3, 0x0, 0xc, 0x0, 0x30, 0x0,
    0xc0,

    /* U+C990 "즐" */
    0x3f, 0xf0, 0x1e, 0x0, 0xfc, 0x7, 0x38, 0x70,
    0x78, 0x0, 0xf, 0xff, 0xc0, 0x0, 0x3f, 0xf0,
    0x0, 0xc3, 0xff, 0xc, 0x0, 0x30, 0x0, 0xff,
    0xc0,

    /* U+C99D "증" */
    0x3f, 0xf0, 0xe, 0x0, 0xfc, 0x1f, 0x3e, 0x70,
    0x38, 0x0, 0xf, 0xff, 0xc0, 0x0, 0x0, 0x0,
    0x3f, 0x3, 0x7, 0xc, 0xc, 0x38, 0x70, 0x7f,
    0x0,

    /* U+C9C0 "지" */
    0x0, 0x1b, 0xfc, 0xc3, 0x6, 0x18, 0x30, 0xc1,
    0x86, 0xc, 0x78, 0x63, 0x63, 0x33, 0x9b, 0xc,
    0xc0, 0x6, 0x0, 0x30, 0x1, 0x80, 0xc,

    /* U+C9C1 "직" */
    0x7f, 0x98, 0x60, 0xc3, 0x6, 0x18, 0x31, 0xe1,
    0x8f, 0x8c, 0xce, 0x6c, 0x33, 0x40, 0x18, 0xff,
    0xc0, 0x6, 0x0, 0x30, 0x1, 0x80, 0xc,

    /* U+C9C4 "진" */
    0x7f, 0x98, 0x60, 0xc3, 0x6, 0x18, 0x31, 0xe1,
    0x8f, 0xc, 0xee, 0x6e, 0x33, 0x60, 0x18, 0x0,
    0xc6, 0x6, 0x30, 0x1, 0x80, 0xf, 0xfc,

    /* U+C9C8 "질" */
    0x7f, 0x98, 0x60, 0xc3, 0x6, 0x3c, 0x31, 0xf1,
    0xb9, 0xcd, 0x82, 0x60, 0x0, 0x1f, 0xf8, 0x0,
    0xc7, 0xfe, 0x30, 0x1, 0x80, 0xf, 0xfc,

    /* U+C9D0 "짐" */
    0x7f, 0x98, 0x60, 0xc3, 0x6, 0x1c, 0x31, 0xe1,
    0x9d, 0xcd, 0xc6, 0x6c, 0x3, 0x0, 0x0, 0xff,
    0xc6, 0x6, 0x30, 0x31, 0x81, 0x8f, 0xfc,

    /* U+C9D1 "집" */
    0x7f, 0x98, 0x60, 0xc3, 0x6, 0x1c, 0x31, 0xe1,
    0x9d, 0x8d, 0xc6, 0x6c, 0x3, 0x0, 0x0, 0xc0,
    0xc7, 0xfe, 0x30, 0x31, 0x81, 0x8f, 0xfc,

    /* U+C9D3 "짓" */
    0x7f, 0x98, 0x30, 0x60, 0xc1, 0x83, 0x6, 0x1e,
    0x18, 0xec, 0x67, 0x19, 0x98, 0x6, 0x1, 0x98,
    0x6, 0x0, 0x38, 0x1, 0xf0, 0x1e, 0x70, 0xe0,
    0xe0, 0x0, 0x0,

    /* U+C9D5 "징" */
    0x7f, 0x98, 0x60, 0xc3, 0x6, 0x18, 0x31, 0xe1,
    0x9d, 0x8d, 0xc6, 0x6c, 0x3, 0x7, 0xe0, 0x61,
    0x86, 0x6, 0x30, 0x30, 0xc3, 0x3, 0xf0,

    /* U+C9D9 "짙" */
    0x7f, 0x98, 0x60, 0xc3, 0x6, 0x1c, 0x31, 0xe1,
    0x9d, 0x8d, 0xc6, 0x6c, 0x3, 0x1f, 0xf8, 0xc0,
    0x6, 0x0, 0x3f, 0xf1, 0x80, 0xf, 0xfc,

    /* U+C9DA "짚" */
    0x7f, 0x98, 0x60, 0xc3, 0x6, 0x1c, 0x31, 0xe1,
    0x9d, 0xcd, 0xc6, 0x6c, 0x3, 0x0, 0x0, 0xff,
    0xc1, 0x98, 0xc, 0xc0, 0x66, 0xf, 0xfc,

    /* U+C9DC "짜" */
    0x0, 0x18, 0xff, 0xb0, 0x6c, 0x60, 0xd8, 0xc1,
    0xb1, 0x87, 0x73, 0xe, 0xe7, 0x9f, 0xcc, 0x66,
    0xd8, 0xcc, 0xf0, 0x31, 0x60, 0x0, 0xc0, 0x1,
    0x80, 0x3, 0x0,

    /* U+C9DD "짝" */
    0x7f, 0xd8, 0x36, 0x30, 0x6c, 0x61, 0xdc, 0xf3,
    0xf9, 0x8c, 0xdb, 0x19, 0x96, 0x6, 0x2c, 0x4,
    0x18, 0x3f, 0xf0, 0x0, 0x60, 0x0, 0xc0, 0x1,
    0x80, 0x3, 0x0,

    /* U+C9F8 "째" */
    0x0, 0x5f, 0xfa, 0xd9, 0x96, 0xcc, 0xb6, 0x65,
    0xbb, 0x2d, 0xf9, 0xeb, 0xcb, 0xdb, 0x5e, 0xda,
    0xc6, 0x56, 0x0, 0xb0, 0x5, 0x80, 0x2c,

    /* U+CA0C "쨌" */
    0xff, 0xd9, 0x9b, 0x66, 0x6d, 0x9f, 0xbe, 0x5e,
    0xdb, 0x6f, 0x69, 0x9d, 0x84, 0x36, 0x0, 0x0,
    0x31, 0x81, 0xc6, 0x7, 0xbc, 0x36, 0xf9, 0xce,
    0x70, 0x0, 0x80,

    /* U+CA4C "쩌" */
    0x0, 0xd, 0xff, 0x31, 0x90, 0xc6, 0x43, 0x19,
    0x8c, 0x6e, 0xf3, 0xb8, 0xcf, 0xf3, 0x66, 0xcd,
    0x99, 0xb0, 0xc0, 0xc0, 0x3, 0x0, 0xc, 0x0,
    0x30,

    /* U+CABD "쪽" */
    0x7f, 0xf8, 0x61, 0x81, 0xce, 0xf, 0xbc, 0xf5,
    0xb9, 0xc, 0x60, 0x30, 0x3f, 0xff, 0x0, 0x0,
    0xff, 0xc0, 0x3, 0x0, 0xc, 0x0, 0x30, 0x0,
    0xc0,

    /* U+CAD3 "쫓" */
    0x7f, 0xf8, 0x61, 0x81, 0xce, 0x1d, 0x6e, 0x60,
    0x18, 0xc, 0xf, 0xff, 0xc0, 0x0, 0x3, 0x0,
    0xc, 0x3, 0xff, 0x1, 0xe0, 0x1f, 0xe1, 0xe1,
    0xe0,

    /* U+CC0C "찌" */
    0x0, 0x1b, 0xfe, 0xc6, 0xc6, 0x36, 0x31, 0xb1,
    0x9d, 0xcc, 0xee, 0x67, 0xd3, 0x66, 0xda, 0x32,
    0xc3, 0x6, 0x0, 0x30, 0x1, 0x80, 0xc,

    /* U+CC0D "찍" */
    0x7f, 0xd9, 0x98, 0xcc, 0xc6, 0x66, 0x33, 0xb9,
    0xb7, 0xcd, 0xbb, 0xe9, 0x8b, 0x0, 0x18, 0xff,
    0xc0, 0x6, 0x0, 0x30, 0x1, 0x80, 0xc,

    /* U+CC28 "차" */
    0x18, 0x30, 0x60, 0xcf, 0xfb, 0x6, 0xc, 0x1c,
    0x30, 0x70, 0xc1, 0xc3, 0xcd, 0x8c, 0x77, 0x33,
    0x8e, 0xcc, 0x3, 0x0, 0xc, 0x0, 0x30, 0x0,
    0xc0,

    /* U+CC29 "착" */
    0x1c, 0x30, 0x70, 0xcf, 0xfb, 0x7, 0xc, 0x1c,
    0x3c, 0xd8, 0xc7, 0x3b, 0x38, 0x6c, 0x40, 0x30,
    0x0, 0x3, 0xff, 0x0, 0xc, 0x0, 0x30, 0x0,
    0xc0, 0x3, 0x0,

    /* U+CC2C "찬" */
    0x1c, 0x33, 0xfe, 0xc1, 0xc3, 0x7, 0xc, 0x1c,
    0x3c, 0xd8, 0xc7, 0x7b, 0x38, 0x6c, 0xc0, 0x30,
    0x0, 0xc1, 0x83, 0x6, 0x0, 0x18, 0x0, 0x7f,
    0xe0,

    /* U+CC30 "찰" */
    0x1c, 0x33, 0xfe, 0xcf, 0xfb, 0x7, 0xf, 0x1c,
    0x3d, 0xdc, 0xce, 0x3b, 0x30, 0x0, 0x0, 0x0,
    0x7f, 0xc0, 0x3, 0x7, 0xfc, 0x18, 0x0, 0x60,
    0x1, 0xff, 0x80,

    /* U+CC38 "참" */
    0x1c, 0x30, 0x70, 0xcf, 0xfb, 0x7, 0xc, 0x1c,
    0x3c, 0xd8, 0xce, 0x3b, 0x30, 0x4c, 0x0, 0x0,
    0x7f, 0xc1, 0x83, 0x6, 0xc, 0x18, 0x30, 0x7f,
    0xc0,

    /* U+CC3D "창" */
    0x1c, 0x33, 0xfe, 0xcf, 0xfb, 0x7, 0xf, 0x1c,
    0x30, 0xdc, 0xce, 0x3b, 0x30, 0xc, 0x0, 0x30,
    0x3f, 0x3, 0x87, 0xc, 0xc, 0x38, 0x70, 0x3f,
    0x0,

    /* U+CC3E "찾" */
    0x1c, 0x30, 0x70, 0xcf, 0xfb, 0x7, 0xc, 0x1c,
    0x3c, 0xd8, 0xc7, 0x3b, 0x38, 0x6c, 0x0, 0x0,
    0x0, 0x3, 0xff, 0x0, 0xe0, 0xf, 0xc0, 0xf3,
    0xc7, 0x3, 0x80,

    /* U+CC44 "채" */
    0x8, 0x6c, 0x21, 0xb7, 0xf6, 0xc2, 0x1b, 0x8,
    0x6c, 0x71, 0xb1, 0xc7, 0xc7, 0x1b, 0x36, 0x6d,
    0xcd, 0xb6, 0x6, 0xc0, 0x1b, 0x0, 0x6c, 0x1,
    0xb0,

    /* U+CC45 "책" */
    0x18, 0x6d, 0xfd, 0xb1, 0x86, 0xc7, 0x1b, 0x1c,
    0x7c, 0xf9, 0xb7, 0x76, 0xd8, 0xdb, 0x0, 0x0,
    0x3f, 0xf0, 0x0, 0xc0, 0x3, 0x0, 0xc, 0x0,
    0x30,

    /* U+CC59 "챙" */
    0x8, 0x6d, 0xfd, 0xb0, 0x86, 0xc7, 0x1b, 0x1c,
    0x7c, 0xd9, 0xb7, 0x76, 0xd8, 0x5b, 0x0, 0xc,
    0xf, 0xc0, 0xe1, 0xc3, 0x3, 0xc, 0x1c, 0xf,
    0xc0,

    /* U+CC98 "처" */
    0xc, 0x18, 0x60, 0xff, 0xe6, 0x18, 0x30, 0xc1,
    0x8e, 0x7c, 0x78, 0x66, 0xc3, 0x73, 0x9f, 0xc,
    0xc0, 0x6, 0x0, 0x30, 0x1, 0x80, 0xc,

    /* U+CC99 "척" */
    0xc, 0x18, 0x60, 0xff, 0xe6, 0x18, 0x30, 0xc1,
    0x8e, 0x7c, 0xf8, 0x6e, 0x73, 0xe1, 0x98, 0x0,
    0x7, 0xfe, 0x0, 0x30, 0x1, 0x80, 0xc, 0x0,
    0x60,

    /* U+CC9C "천" */
    0xc, 0x1f, 0xfc, 0xc3, 0x6, 0x18, 0x31, 0xcf,
    0x8f, 0xc, 0xdc, 0x6e, 0x73, 0xe0, 0x98, 0x0,
    0xc6, 0x6, 0x30, 0x1, 0x80, 0xf, 0xfc,

    /* U+CCA0 "철" */
    0x18, 0x1f, 0xfc, 0xff, 0xe6, 0x30, 0x31, 0xcf,
    0x9f, 0xd, 0xde, 0x7c, 0x33, 0x0, 0x0, 0xff,
    0xc0, 0x6, 0x3f, 0xf1, 0x80, 0xc, 0x0, 0x7f,
    0xe0,

    /* U+CCAB "첫" */
    0xc, 0x18, 0x30, 0x6f, 0xf9, 0x83, 0x6, 0x1c,
    0xf8, 0x73, 0xe3, 0xe1, 0x9c, 0xe6, 0xe1, 0x98,
    0xc, 0x60, 0x30, 0x0, 0xe0, 0x6, 0xc0, 0x73,
    0xc7, 0x83, 0x80, 0x0,

    /* U+CCAD "청" */
    0xc, 0x18, 0x60, 0xff, 0xe6, 0x18, 0x31, 0xc1,
    0x8e, 0x7c, 0xf8, 0x6e, 0x73, 0xe1, 0x9e, 0x0,
    0xc1, 0xf8, 0x38, 0x71, 0x81, 0x8e, 0x1c, 0x1f,
    0x80,

    /* U+CCB4 "체" */
    0x8, 0x6c, 0x21, 0xb7, 0xf6, 0xc2, 0x1b, 0x8,
    0x6c, 0x77, 0xb1, 0xc6, 0xc7, 0x9b, 0x37, 0x6d,
    0x8d, 0xb4, 0x6, 0xc0, 0x1b, 0x0, 0x6c, 0x1,
    0xb0,

    /* U+CCD0 "쳐" */
    0xc, 0x18, 0x60, 0xff, 0xe6, 0x18, 0x30, 0xcf,
    0x8e, 0xc, 0x70, 0x67, 0xdf, 0x77, 0x1f, 0x1c,
    0xf0, 0x26, 0x0, 0x30, 0x1, 0x80, 0xc,

    /* U+CD08 "초" */
    0x3, 0x1, 0xff, 0xe0, 0x30, 0x1, 0xc0, 0x7,
    0x80, 0x33, 0x3, 0x87, 0x1c, 0xe, 0x3, 0x0,
    0xc, 0x0, 0x30, 0x3f, 0xff,

    /* U+CD09 "촉" */
    0x3, 0x0, 0xff, 0xc0, 0x78, 0x7, 0xf8, 0x78,
    0x38, 0xc, 0x0, 0x30, 0x3f, 0xff, 0x0, 0x0,
    0x0, 0x3, 0xff, 0x0, 0xc, 0x0, 0x30, 0x0,
    0xc0,

    /* U+CD0C "촌" */
    0x3, 0x0, 0xc, 0x3, 0xff, 0x1, 0xe0, 0x7,
    0x80, 0x73, 0x87, 0x33, 0x80, 0xc0, 0xff, 0xfc,
    0x0, 0x0, 0x0, 0xc, 0x0, 0x30, 0x0, 0xc0,
    0x3, 0xff, 0x0,

    /* U+CD1D "총" */
    0x3, 0x0, 0xc, 0x3, 0xff, 0x1, 0xe0, 0x1f,
    0xe1, 0xe0, 0xe0, 0x30, 0x3f, 0xff, 0xff, 0xfc,
    0x0, 0x0, 0xfc, 0xc, 0x1c, 0x30, 0x30, 0xe1,
    0xc0, 0xfc, 0x0,

    /* U+CD2C "촬" */
    0xc, 0x31, 0xfe, 0xc0, 0xc3, 0x1f, 0xcc, 0x7f,
    0xfc, 0x30, 0xcf, 0xff, 0x0, 0x0, 0x1f, 0xf0,
    0x0, 0xc0, 0x3, 0x7, 0xfc, 0x18, 0x0, 0x7f,
    0xe0,

    /* U+CD5C "최" */
    0x6, 0xc, 0x18, 0x37, 0xfc, 0xc3, 0x83, 0xe,
    0xc, 0x7c, 0x33, 0x9c, 0xfc, 0x3b, 0x46, 0xc,
    0x18, 0x30, 0x60, 0xff, 0xfb, 0x0, 0xc, 0x0,
    0x30,

    /* U+CD94 "추" */
    0x3, 0x1, 0xff, 0xe0, 0x30, 0x1, 0xe0, 0x1c,
    0xe3, 0xe1, 0xe6, 0x0, 0x80, 0x0, 0xff, 0xfc,
    0xc, 0x0, 0x30, 0x0, 0xc0, 0x3, 0x0, 0xc,
    0x0,

    /* U+CD95 "축" */
    0x3, 0x0, 0xff, 0xc0, 0x78, 0x3, 0xf0, 0x3c,
    0xf1, 0xe1, 0xe0, 0x0, 0x3f, 0xff, 0x3, 0x0,
    0xc, 0x3, 0xff, 0x0, 0xc, 0x0, 0x30, 0x0,
    0xc0,

    /* U+CD98 "춘" */
    0x3, 0x0, 0xc, 0x3, 0xff, 0x1, 0xe0, 0xf,
    0xc1, 0xf3, 0xe7, 0x3, 0x80, 0x0, 0xff, 0xfc,
    0xc, 0x0, 0x30, 0xc, 0xc0, 0x30, 0x0, 0xc0,
    0x3, 0xff, 0x0,

    /* U+CD9C "출" */
    0x3, 0x0, 0xff, 0xc0, 0x78, 0x3, 0xf0, 0xfc,
    0xfd, 0xc0, 0xef, 0xff, 0xff, 0xff, 0x3, 0x0,
    0xff, 0xc0, 0x3, 0x0, 0xc, 0x3f, 0xf0, 0xc0,
    0x3, 0xff, 0x0,

    /* U+CDA4 "춤" */
    0x3, 0x0, 0xc, 0x3, 0xff, 0x1, 0xe0, 0x1f,
    0xe1, 0xe1, 0xe0, 0x0, 0x3f, 0xff, 0x3, 0x0,
    0xc, 0x3, 0xff, 0xc, 0xc, 0x30, 0x30, 0xc0,
    0xc3, 0xff, 0x0,

    /* U+CDA5 "춥" */
    0x3, 0x0, 0xc, 0x3, 0xff, 0x1, 0xe0, 0x1f,
    0xe1, 0xe1, 0xe0, 0x0, 0x3f, 0xff, 0x3, 0x0,
    0xc, 0x3, 0x3, 0xf, 0xfc, 0x30, 0x30, 0xc0,
    0xc3, 0xff, 0x0,

    /* U+CDA7 "춧" */
    0x3, 0x0, 0xc, 0x3, 0xff, 0x1, 0xe0, 0x1f,
    0xe1, 0xe1, 0xe0, 0x0, 0x3f, 0xff, 0x3, 0x0,
    0x0, 0x0, 0x30, 0x1, 0xe0, 0xf, 0xc1, 0xe1,
    0xe2, 0x0, 0x0,

    /* U+CDA9 "충" */
    0x3, 0x0, 0xc, 0x3, 0xff, 0x1, 0xe0, 0x1f,
    0xe1, 0xe1, 0xe0, 0x0, 0x3f, 0xff, 0x3, 0x0,
    0xc, 0x1, 0xfe, 0xc, 0x1c, 0x30, 0x30, 0xe1,
    0xc0, 0xfe, 0x0,

    /* U+CDE8 "취" */
    0x6, 0x1b, 0xfe, 0xc3, 0x86, 0x3e, 0x37, 0xbf,
    0xb0, 0x6c, 0x0, 0x7f, 0xff, 0x6, 0x18, 0x30,
    0xc1, 0x86, 0xc, 0x30, 0x61, 0x83, 0xc,

    /* U+CE20 "츠" */
    0x3, 0x1, 0xff, 0xe0, 0x30, 0x1, 0xc0, 0x7,
    0x80, 0x73, 0x87, 0x87, 0x9c, 0x6, 0x0, 0x0,
    0x0, 0x0, 0x0, 0x3f, 0xff,

    /* U+CE30 "츰" */
    0x3, 0x0, 0xff, 0xc0, 0x78, 0x7, 0xf8, 0x78,
    0x78, 0x0, 0x0, 0x0, 0x3f, 0xff, 0x0, 0x0,
    0xff, 0xc3, 0x3, 0xc, 0xc, 0x30, 0x30, 0xff,
    0xc0,

    /* U+CE35 "층" */
    0x3, 0x0, 0xff, 0xc0, 0x78, 0x7, 0xf8, 0x78,
    0x38, 0x0, 0x0, 0x0, 0x3f, 0xff, 0x0, 0x0,
    0x3f, 0x3, 0x7, 0xc, 0xc, 0x38, 0x70, 0x3f,
    0x0,

    /* U+CE58 "치" */
    0x18, 0x31, 0x83, 0xff, 0xb1, 0x83, 0x1c, 0x31,
    0xc3, 0x1c, 0x33, 0x63, 0x63, 0x3e, 0x1b, 0x0,
    0x30, 0x3, 0x0, 0x30, 0x3,

    /* U+CE59 "칙" */
    0x18, 0x31, 0x83, 0xff, 0xb1, 0x83, 0x1c, 0x33,
    0xc3, 0x37, 0x3e, 0x3b, 0xc0, 0x30, 0x0, 0x3f,
    0xf0, 0x3, 0x0, 0x30, 0x3, 0x0, 0x30,

    /* U+CE5C "친" */
    0x1c, 0x37, 0xfd, 0x87, 0xc, 0x38, 0x61, 0xc3,
    0x1f, 0x18, 0xdc, 0xdc, 0x76, 0xc0, 0x30, 0x1,
    0x8e, 0xc, 0x70, 0x3, 0x80, 0x1f, 0xfc,

    /* U+CE60 "칠" */
    0x1c, 0x1f, 0xfc, 0xff, 0xe6, 0x38, 0x31, 0xc1,
    0x9f, 0xd, 0xde, 0x7c, 0x33, 0x0, 0x0, 0xff,
    0xc0, 0x6, 0x3f, 0xf1, 0x80, 0xc, 0x0, 0x7f,
    0xe0,

    /* U+CE68 "침" */
    0x1c, 0x31, 0xc3, 0xff, 0xb1, 0xc3, 0x1c, 0x31,
    0xc3, 0x36, 0x37, 0x3b, 0xe1, 0xb0, 0x0, 0x3f,
    0xf3, 0x3, 0x30, 0x33, 0x3, 0x3f, 0xf0,

    /* U+CE6D "칭" */
    0x1c, 0x31, 0xc3, 0xff, 0xb1, 0xc3, 0x1c, 0x31,
    0xc3, 0x36, 0x37, 0x3b, 0xe1, 0xbc, 0x3, 0xf,
    0xc1, 0x87, 0x38, 0x31, 0x87, 0xf, 0xc0,

    /* U+CE74 "카" */
    0x0, 0x31, 0xfc, 0xc0, 0x33, 0x0, 0xcc, 0x6,
    0x33, 0xf8, 0xc0, 0xc3, 0xc7, 0xc, 0x38, 0x33,
    0x80, 0xc4, 0x3, 0x0, 0xc, 0x0, 0x30, 0x0,
    0xc0,

    /* U+CE7C "칼" */
    0x7f, 0x30, 0xc, 0xc0, 0x23, 0x3f, 0x8f, 0x1c,
    0x31, 0xe0, 0xce, 0x3, 0x0, 0x0, 0x1f, 0xf0,
    0x0, 0xc1, 0xff, 0x6, 0x0, 0x18, 0x0, 0x7f,
    0xe0,

    /* U+CEE4 "커" */
    0x0, 0x1b, 0xf8, 0xc0, 0xc6, 0x6, 0x3f, 0xe1,
    0xbb, 0xfc, 0x30, 0x63, 0x83, 0x78, 0x1f, 0x0,
    0xd0, 0x6, 0x0, 0x30, 0x1, 0x80, 0xc,

    /* U+CEE8 "컨" */
    0x7f, 0x18, 0x18, 0xc0, 0xc6, 0xc, 0x3f, 0xff,
    0x8e, 0xc, 0xe0, 0x6e, 0x3, 0x60, 0x18, 0x0,
    0xc6, 0x6, 0x30, 0x1, 0x80, 0xf, 0xfc,

    /* U+CEF5 "컵" */
    0x7f, 0x18, 0x18, 0xc1, 0xc7, 0xff, 0xf1, 0xe1,
    0x9e, 0xf, 0xe0, 0x6c, 0x3, 0x0, 0x0, 0xc0,
    0xc7, 0xfe, 0x30, 0x31, 0x81, 0x8f, 0xfc,

    /* U+CF1C "켜" */
    0x0, 0x1b, 0xfc, 0xc0, 0xe6, 0x7, 0xff, 0xf1,
    0xff, 0x8c, 0x38, 0x63, 0x83, 0x38, 0xff, 0x80,
    0xd0, 0x6, 0x0, 0x30, 0x1, 0x80, 0xc,

    /* U+CF54 "코" */
    0x3f, 0xf0, 0x0, 0xc0, 0x3, 0x0, 0xc, 0x7f,
    0xf0, 0x0, 0xc0, 0x3, 0x1, 0x8c, 0x6, 0x30,
    0x18, 0xf, 0xff, 0xc0,

    /* U+CF64 "콤" */
    0x3f, 0xf0, 0x0, 0xc0, 0x3, 0x1f, 0xfc, 0x6,
    0x30, 0x18, 0xf, 0xff, 0xc0, 0x0, 0x0, 0x0,
    0xff, 0xc3, 0x3, 0xc, 0xc, 0x30, 0x30, 0xff,
    0xc0,

    /* U+CF69 "콩" */
    0x3f, 0xf0, 0x0, 0xc0, 0x3, 0xf, 0xfc, 0x6,
    0x30, 0x18, 0xf, 0xff, 0xc0, 0x0, 0x0, 0x0,
    0x3f, 0x3, 0x7, 0xc, 0xc, 0x38, 0x70, 0x3f,
    0x0,

    /* U+D06C "크" */
    0x3f, 0xf0, 0x0, 0xc0, 0x3, 0x0, 0xc, 0x0,
    0x31, 0xff, 0xc0, 0x3, 0x0, 0xc, 0x0, 0x30,
    0x0, 0xcf, 0xff, 0xc0,

    /* U+D070 "큰" */
    0x3f, 0xf0, 0x0, 0xc0, 0x3, 0xf, 0xfc, 0x0,
    0x30, 0x0, 0xc0, 0x3, 0x3f, 0xff, 0x0, 0x0,
    0x0, 0x3, 0x0, 0xc, 0x0, 0x30, 0x0, 0xff,
    0xc0,

    /* U+D074 "클" */
    0x3f, 0xf0, 0x0, 0xc0, 0x3, 0xf, 0xfc, 0x0,
    0x33, 0xff, 0xf0, 0x0, 0xf, 0xfc, 0x3f, 0xf0,
    0x0, 0xc3, 0xff, 0xc, 0x0, 0x30, 0x0, 0xff,
    0xc0,

    /* U+D07C "큼" */
    0x3f, 0xf0, 0x0, 0xc0, 0x3, 0xf, 0xfc, 0x0,
    0x30, 0x0, 0xcf, 0xff, 0xc0, 0x0, 0x0, 0x0,
    0xff, 0xc3, 0x3, 0xc, 0xc, 0x30, 0x30, 0xff,
    0xc0,

    /* U+D0A4 "키" */
    0x0, 0x37, 0xf3, 0x3, 0x30, 0x33, 0xfe, 0x37,
    0xe3, 0xc, 0x31, 0xc3, 0x38, 0x3e, 0x3, 0x40,
    0x30, 0x3, 0x0, 0x30, 0x3,

    /* U+D0AC "킬" */
    0xff, 0x30, 0x63, 0xfe, 0x3f, 0xc3, 0x18, 0x37,
    0x3, 0xe0, 0x30, 0x0, 0x3f, 0xf0, 0x3, 0x3f,
    0xf3, 0x0, 0x30, 0x3, 0xff,

    /* U+D0C0 "타" */
    0x0, 0x63, 0xf9, 0x8c, 0x6, 0x30, 0x18, 0xfe,
    0x63, 0xf9, 0xfc, 0x6, 0x30, 0x18, 0xc0, 0x63,
    0xfd, 0x80, 0x6, 0x0, 0x18, 0x0, 0x60, 0x1,
    0x80,

    /* U+D0C1 "탁" */
    0xff, 0x33, 0x0, 0xcc, 0x3, 0x3f, 0x8f, 0xc0,
    0x33, 0x0, 0xcf, 0xf3, 0x0, 0xc, 0x0, 0x30,
    0xff, 0xc0, 0x3, 0x0, 0xc, 0x0, 0x30, 0x0,
    0xc0,

    /* U+D0D1 "탑" */
    0xff, 0x33, 0x0, 0xcc, 0x3, 0x3f, 0x8f, 0xc0,
    0x33, 0x0, 0xcf, 0xf3, 0x0, 0xc, 0x0, 0x0,
    0xc0, 0xc3, 0xff, 0xc, 0xc, 0x30, 0x30, 0xff,
    0xc0,

    /* U+D0D3 "탓" */
    0xff, 0x33, 0x0, 0xcc, 0x3, 0x3f, 0x8f, 0xc0,
    0x33, 0x0, 0xcf, 0xfb, 0x0, 0xc, 0x3, 0x30,
    0xc, 0x0, 0x78, 0x3, 0xe0, 0x1c, 0xe1, 0xc1,
    0xe4, 0x0, 0x0,

    /* U+D0D5 "탕" */
    0xfe, 0x33, 0x0, 0xcc, 0x3, 0x3f, 0x8f, 0xc0,
    0x33, 0x0, 0xcf, 0xf3, 0x0, 0xc, 0x0, 0x30,
    0x7f, 0x3, 0x7, 0xc, 0xc, 0x30, 0x70, 0x7f,
    0x0,

    /* U+D0DC "태" */
    0x1, 0x9f, 0xec, 0xf0, 0x67, 0x83, 0x3c, 0x19,
    0xfe, 0xcf, 0xf7, 0xf8, 0x33, 0xc1, 0x9f, 0xec,
    0xc0, 0x66, 0x3, 0x30, 0x19, 0x80, 0xcc,

    /* U+D0DD "택" */
    0xfd, 0x9e, 0xc, 0xf0, 0x67, 0xfb, 0xfc, 0x19,
    0xe0, 0xcf, 0xfe, 0x60, 0x33, 0x0, 0x0, 0xff,
    0xc0, 0x6, 0x0, 0x30, 0x1, 0x80, 0xc,

    /* U+D0E4 "탤" */
    0xfd, 0x9e, 0xc, 0xf0, 0x67, 0xfb, 0xfc, 0x19,
    0xe0, 0xcf, 0xfe, 0x60, 0x3, 0x1f, 0xf8, 0x0,
    0xc7, 0xfe, 0x30, 0x1, 0x80, 0xf, 0xf8,

    /* U+D130 "터" */
    0x0, 0x3f, 0xf3, 0xc0, 0x3c, 0x3, 0xfc, 0x3f,
    0xdf, 0xc0, 0x3c, 0x3, 0xc0, 0x3f, 0xf3, 0x0,
    0x30, 0x3, 0x0, 0x30, 0x3,

    /* U+D131 "턱" */
    0xff, 0x3c, 0x3, 0xc0, 0x3f, 0xdf, 0xc0, 0x3c,
    0x3, 0xff, 0x30, 0x3, 0x0, 0x3, 0xff, 0x0,
    0x30, 0x3, 0x0, 0x30, 0x3,

    /* U+D134 "턴" */
    0xff, 0x3c, 0x3, 0xc0, 0x3c, 0x3, 0xfc, 0xfc,
    0x3, 0xc0, 0x3f, 0xf3, 0x0, 0x30, 0x3, 0x30,
    0x33, 0x0, 0x30, 0x3, 0xff,

    /* U+D138 "털" */
    0xff, 0x3c, 0x3, 0xc0, 0x3f, 0xdf, 0xc0, 0x3f,
    0xf3, 0x0, 0x30, 0x0, 0x3f, 0xf0, 0x3, 0x3f,
    0xf3, 0x0, 0x30, 0x3, 0xff,

    /* U+D14C "테" */
    0x0, 0xdf, 0xe6, 0xf0, 0x37, 0x81, 0xbf, 0x8d,
    0xe1, 0xef, 0x3, 0x78, 0x1b, 0xc0, 0xdf, 0xf6,
    0xc0, 0x36, 0x1, 0xb0, 0xd, 0x80, 0x6c,

    /* U+D14D "텍" */
    0xfc, 0xde, 0x6, 0xf0, 0x37, 0xf7, 0xbc, 0xd,
    0xe0, 0x6f, 0xf3, 0x60, 0x1b, 0x0, 0x1, 0xff,
    0xc0, 0x6, 0x0, 0x30, 0x1, 0x80, 0xc,

    /* U+D154 "텔" */
    0xfc, 0xdc, 0xd, 0xfb, 0xdf, 0xbd, 0xc0, 0xdf,
    0xcd, 0x0, 0xd0, 0x0, 0x1f, 0xf0, 0x1, 0x1f,
    0xf1, 0x80, 0x18, 0x1, 0xff,

    /* U+D15C "템" */
    0xfc, 0xde, 0x6, 0xf0, 0x37, 0xf7, 0xbc, 0xd,
    0xe0, 0x6f, 0xf3, 0x60, 0x1b, 0x0, 0x0, 0xff,
    0xc6, 0x6, 0x30, 0x31, 0x81, 0x8f, 0xfc,

    /* U+D1A0 "토" */
    0x3f, 0xf0, 0xc0, 0x3, 0x0, 0xf, 0xfc, 0x30,
    0x0, 0xc0, 0x3, 0xff, 0x0, 0xc0, 0x3, 0x0,
    0xc, 0xf, 0xff, 0xc0,

    /* U+D1A4 "톤" */
    0x3f, 0xf0, 0xc0, 0x3, 0x0, 0xf, 0xfc, 0x30,
    0x0, 0xff, 0xc0, 0x30, 0x0, 0xc0, 0xff, 0xfc,
    0x0, 0x0, 0x0, 0xc, 0x0, 0x30, 0x0, 0xff,
    0xc0,

    /* U+D1B5 "통" */
    0x3f, 0xf0, 0xc0, 0x3, 0xff, 0xc, 0x0, 0x3f,
    0xf0, 0xc, 0xf, 0xff, 0xff, 0xff, 0x0, 0x0,
    0x3f, 0x3, 0x83, 0xc, 0xc, 0x38, 0x70, 0x3f,
    0x0,

    /* U+D22C "투" */
    0x3f, 0xf0, 0xc0, 0x3, 0x0, 0xf, 0xfc, 0x30,
    0x0, 0xff, 0xc0, 0x0, 0x0, 0x0, 0xff, 0xfc,
    0xc, 0x0, 0x30, 0x0, 0xc0, 0x3, 0x0, 0xc,
    0x0,

    /* U+D2B8 "트" */
    0x3f, 0xf0, 0xc0, 0x3, 0x0, 0xf, 0xfc, 0x30,
    0x0, 0xc0, 0x3, 0xff, 0x0, 0x0, 0x0, 0x0,
    0x0, 0xf, 0xff, 0xc0,

    /* U+D2B9 "특" */
    0x3f, 0xf0, 0xc0, 0x3, 0xff, 0xc, 0x0, 0x30,
    0x0, 0xff, 0xc0, 0x0, 0x3f, 0xff, 0x0, 0x0,
    0x0, 0x3, 0xff, 0x0, 0xc, 0x0, 0x30, 0x0,
    0xc0,

    /* U+D2BC "튼" */
    0x3f, 0xf0, 0xc0, 0x3, 0x0, 0xf, 0xfc, 0x30,
    0x0, 0xff, 0xc0, 0x0, 0x0, 0x0, 0xff, 0xfc,
    0x0, 0x0, 0x0, 0xc, 0x0, 0x30, 0x0, 0xff,
    0xc0,

    /* U+D2BF "튿" */
    0x3f, 0xf0, 0xc0, 0x3, 0xff, 0xc, 0x0, 0x3f,
    0xf0, 0x0, 0x0, 0x0, 0x3f, 0xff, 0x0, 0x0,
    0x0, 0x3, 0xff, 0xc, 0x0, 0x30, 0x0, 0xff,
    0xc0,

    /* U+D2C0 "틀" */
    0x3f, 0xf0, 0xc0, 0x3, 0xfe, 0xc, 0x0, 0x3f,
    0xf0, 0x0, 0xf, 0xff, 0xc0, 0x0, 0x0, 0x0,
    0xff, 0xc0, 0x3, 0xf, 0xfc, 0x30, 0x0, 0xff,
    0xc0,

    /* U+D2C8 "틈" */
    0x3f, 0xf0, 0xc0, 0x3, 0xff, 0xc, 0x0, 0x3f,
    0xf0, 0x0, 0x0, 0x0, 0x3f, 0xff, 0x0, 0x0,
    0x0, 0x3, 0xff, 0xc, 0xc, 0x30, 0x30, 0xff,
    0xc0,

    /* U+D2F0 "티" */
    0x0, 0x3f, 0xf3, 0xc0, 0x3c, 0x3, 0xc0, 0x3f,
    0xe3, 0xc0, 0x3c, 0x3, 0xc0, 0x3f, 0xf3, 0x0,
    0x30, 0x3, 0x0, 0x30, 0x3,

    /* U+D2F1 "틱" */
    0xff, 0x3c, 0x3, 0xc0, 0x3f, 0xe3, 0xc0, 0x3c,
    0x3, 0xff, 0x30, 0x3, 0x0, 0x3, 0xff, 0x0,
    0x30, 0x3, 0x0, 0x30, 0x3,

    /* U+D30C "파" */
    0x0, 0x33, 0xfe, 0xc0, 0x3, 0x8, 0x8c, 0x22,
    0x30, 0x88, 0xc2, 0x23, 0xc8, 0x8c, 0x22, 0x33,
    0xff, 0xc0, 0x3, 0x0, 0xc, 0x0, 0x30, 0x0,
    0xc0,

    /* U+D310 "판" */
    0xff, 0xb0, 0x0, 0xc0, 0x3, 0x18, 0xcc, 0x63,
    0x3d, 0x8c, 0xc6, 0x37, 0x3f, 0xfc, 0x0, 0x30,
    0x0, 0xc3, 0x3, 0xc, 0x0, 0x30, 0x0, 0xff,
    0xe0,

    /* U+D314 "팔" */
    0xff, 0xb0, 0x0, 0xc0, 0x3, 0x18, 0xcf, 0x63,
    0x33, 0xff, 0xc0, 0x3, 0x0, 0x0, 0x3f, 0xf0,
    0x0, 0xc3, 0xff, 0xe, 0x0, 0x38, 0x0, 0xff,
    0xe0,

    /* U+D328 "패" */
    0x0, 0xdf, 0xf6, 0xc0, 0x36, 0xd9, 0xb6, 0xcd,
    0xb6, 0x6d, 0xb3, 0xed, 0x9b, 0x6c, 0xdf, 0xfe,
    0xc0, 0x36, 0x1, 0xb0, 0xd, 0x80, 0x6c,

    /* U+D32C "팬" */
    0xfe, 0xd8, 0x6, 0xc0, 0x36, 0xd9, 0xb6, 0xcf,
    0xb6, 0x6d, 0xb3, 0x7f, 0xdb, 0x0, 0xd8, 0xc6,
    0xc6, 0x6, 0x30, 0x1, 0x80, 0xf, 0xfc,

    /* U+D37C "퍼" */
    0x0, 0x1f, 0xfc, 0xc0, 0x6, 0x66, 0x33, 0x31,
    0x99, 0xbc, 0xcc, 0x66, 0x63, 0x33, 0x1f, 0xfe,
    0xc0, 0x6, 0x0, 0x30, 0x1, 0x80, 0xc,

    /* U+D398 "페" */
    0x0, 0x6d, 0xfd, 0xb0, 0x6, 0xcd, 0x9b, 0x36,
    0x6c, 0xdf, 0xb3, 0x66, 0xcd, 0x9b, 0x36, 0x6f,
    0xfd, 0xb0, 0x6, 0xc0, 0x1b, 0x0, 0x6c, 0x1,
    0xb0,

    /* U+D3B4 "펴" */
    0x0, 0x1f, 0xfc, 0xc0, 0x6, 0x0, 0x32, 0x67,
    0x93, 0xc, 0x98, 0x64, 0xcf, 0x26, 0x1f, 0xfe,
    0xc0, 0x6, 0x0, 0x30, 0x1, 0x80, 0xc,

    /* U+D3B8 "편" */
    0x7f, 0x98, 0x0, 0xc0, 0x1e, 0x66, 0x33, 0x31,
    0x99, 0xbc, 0xcc, 0x7f, 0xfb, 0x0, 0x18, 0x0,
    0xc6, 0x6, 0x30, 0x1, 0x80, 0xf, 0xfc,

    /* U+D3BC "펼" */
    0x7f, 0x98, 0x3, 0xcc, 0x9e, 0x64, 0x33, 0x27,
    0x99, 0xf, 0xfe, 0x7f, 0xfb, 0x1f, 0xf8, 0x0,
    0xc0, 0x6, 0x3f, 0xf1, 0x80, 0xf, 0xfc,

    /* U+D3C9 "평" */
    0x7f, 0x98, 0x0, 0xcc, 0xde, 0x66, 0x33, 0x37,
    0x99, 0x8f, 0xff, 0x60, 0x3, 0x0, 0x18, 0x3f,
    0x83, 0x6, 0x30, 0x30, 0xc1, 0x83, 0xf8,

    /* U+D3EC "포" */
    0x7f, 0xf8, 0x0, 0x1, 0x86, 0x6, 0x18, 0x18,
    0x60, 0x61, 0x87, 0xff, 0x80, 0xc0, 0x3, 0x0,
    0xc, 0xf, 0xff, 0xc0,

    /* U+D3ED "폭" */
    0x3f, 0xf0, 0x0, 0x1, 0x86, 0x6, 0x18, 0x3f,
    0xf0, 0xc, 0x0, 0x30, 0x3f, 0xff, 0x0, 0x0,
    0x0, 0x3, 0xff, 0x0, 0xc, 0x0, 0x30, 0x0,
    0xc0,

    /* U+D45C "표" */
    0x7f, 0xf8, 0x0, 0x0, 0x86, 0x2, 0x18, 0x8,
    0x60, 0x21, 0x87, 0xff, 0x82, 0x18, 0x8, 0x60,
    0x21, 0x8f, 0xff, 0xc0,

    /* U+D478 "푸" */
    0x3f, 0xf0, 0x0, 0x1, 0x86, 0x6, 0x18, 0x18,
    0x60, 0xff, 0xc0, 0x0, 0x0, 0x0, 0xff, 0xfc,
    0xc, 0x0, 0x30, 0x0, 0xc0, 0x3, 0x0, 0xc,
    0x0,

    /* U+D480 "풀" */
    0x3f, 0xf0, 0x0, 0x1, 0x86, 0x6, 0x18, 0x3f,
    0xf0, 0x0, 0xf, 0xff, 0xc0, 0xc0, 0x3f, 0xf0,
    0x0, 0xc0, 0x3, 0xf, 0xfc, 0x30, 0x0, 0xff,
    0xc0,

    /* U+D488 "품" */
    0x3f, 0xf0, 0x0, 0x1, 0x86, 0x6, 0x18, 0x3f,
    0xf0, 0x0, 0x0, 0x0, 0x3f, 0xff, 0x3, 0x0,
    0xff, 0xc3, 0x3, 0xc, 0xc, 0x30, 0x30, 0xff,
    0xc0,

    /* U+D48D "풍" */
    0x3f, 0xf0, 0x0, 0x1, 0x86, 0x6, 0x18, 0x3f,
    0xf0, 0x0, 0x0, 0x0, 0x3f, 0xff, 0x3, 0x0,
    0x7f, 0x83, 0xff, 0xc, 0xc, 0x30, 0x30, 0x3f,
    0x0,

    /* U+D504 "프" */
    0x7f, 0xf8, 0x0, 0x1, 0x86, 0x6, 0x18, 0x18,
    0x60, 0x61, 0x87, 0xff, 0x80, 0x0, 0x0, 0x0,
    0x0, 0xf, 0xff, 0xc0,

    /* U+D50C "플" */
    0x3f, 0xf0, 0x0, 0x1, 0x86, 0x6, 0x18, 0x3f,
    0xf0, 0x0, 0xf, 0xff, 0xc0, 0x0, 0x3f, 0xf0,
    0x0, 0xc0, 0x3, 0xf, 0xfc, 0x30, 0x0, 0xff,
    0xc0,

    /* U+D514 "픔" */
    0x3f, 0xf0, 0x0, 0x1, 0x86, 0x6, 0x18, 0x3f,
    0xf0, 0x0, 0x0, 0x0, 0x3f, 0xff, 0x0, 0x0,
    0xff, 0xc3, 0x3, 0xc, 0xc, 0x30, 0x30, 0xff,
    0xc0,

    /* U+D53C "피" */
    0x0, 0x1b, 0xfe, 0xc0, 0x6, 0x63, 0x33, 0x19,
    0x98, 0xcc, 0xc6, 0x66, 0x33, 0x31, 0x9f, 0xff,
    0xc0, 0x6, 0x0, 0x30, 0x1, 0x80, 0xc,

    /* U+D53D "픽" */
    0xff, 0xb0, 0x3, 0x67, 0x36, 0x73, 0x67, 0x36,
    0x73, 0xff, 0xf0, 0x3, 0x0, 0x33, 0xff, 0x0,
    0x30, 0x3, 0x0, 0x30, 0x3,

    /* U+D544 "필" */
    0xff, 0xb0, 0x1, 0x98, 0xcc, 0xc6, 0x66, 0x33,
    0x7f, 0xf8, 0x0, 0xc0, 0x0, 0x3f, 0xf0, 0x1,
    0x8f, 0xfc, 0x60, 0x3, 0x0, 0x1f, 0xfc,

    /* U+D54F "핏" */
    0x7f, 0xd8, 0x0, 0x60, 0x1, 0x8c, 0x66, 0x31,
    0x98, 0xc6, 0x63, 0x19, 0xbf, 0xf6, 0x0, 0x18,
    0x6, 0x60, 0x18, 0x0, 0xf0, 0x7, 0xe0, 0xf9,
    0xe3, 0x81, 0x80,

    /* U+D558 "하" */
    0x8, 0x30, 0x20, 0xcf, 0xfb, 0x0, 0xc, 0x3e,
    0x31, 0xfc, 0xc6, 0x33, 0xd8, 0xcc, 0x63, 0x31,
    0x8c, 0xc3, 0xe3, 0x0, 0xc, 0x0, 0x30, 0x0,
    0xc0,

    /* U+D559 "학" */
    0x8, 0x30, 0x20, 0xcf, 0xfb, 0x0, 0xc, 0x3e,
    0x31, 0xdc, 0xf6, 0x33, 0x1f, 0xcc, 0x3e, 0x30,
    0x0, 0x3, 0xff, 0x0, 0xc, 0x0, 0x30, 0x0,
    0xc0, 0x3, 0x0,

    /* U+D55C "한" */
    0x8, 0x30, 0x20, 0xcf, 0xfb, 0x3f, 0xec, 0x1c,
    0x31, 0xfc, 0xc6, 0x33, 0xd8, 0xcc, 0x77, 0x30,
    0xf8, 0xc0, 0x3, 0xc, 0x0, 0x30, 0x0, 0xc0,
    0x3, 0xff, 0x80,

    /* U+D568 "함" */
    0x8, 0x30, 0x20, 0xcf, 0xfb, 0x0, 0xc, 0x3e,
    0x31, 0xfc, 0xf6, 0x33, 0x1d, 0xcc, 0x3e, 0x30,
    0x0, 0x3, 0xff, 0xc, 0xc, 0x30, 0x30, 0xc0,
    0xc3, 0xff, 0x0,

    /* U+D569 "합" */
    0x8, 0x30, 0x20, 0xcf, 0xfb, 0x0, 0xc, 0x3e,
    0x31, 0xfc, 0xf6, 0x33, 0x18, 0xcc, 0x3e, 0x30,
    0x0, 0x3, 0x3, 0xf, 0xfc, 0x30, 0x30, 0xc0,
    0xc3, 0xff, 0x0,

    /* U+D56D "항" */
    0x8, 0x30, 0x20, 0xcf, 0xfb, 0x0, 0xc, 0x3e,
    0x31, 0xdc, 0xf6, 0x33, 0x1d, 0xcc, 0x3f, 0x30,
    0x0, 0xc0, 0xfc, 0xe, 0x1c, 0x30, 0x30, 0xe1,
    0xc0, 0xfc, 0x0,

    /* U+D574 "해" */
    0x18, 0x58, 0xc2, 0xff, 0xd6, 0x0, 0xb3, 0xc5,
    0xbf, 0x2d, 0x9d, 0xf8, 0x6b, 0x63, 0x5b, 0x32,
    0xcf, 0x16, 0x0, 0xb0, 0x5, 0x80, 0x2c,

    /* U+D575 "핵" */
    0x18, 0x5f, 0xfa, 0xc0, 0x16, 0x78, 0xb7, 0xe7,
    0xe1, 0xaf, 0x9d, 0x6f, 0xcb, 0x3c, 0x58, 0xff,
    0xc0, 0x6, 0x0, 0x30, 0x1, 0x80, 0xc,

    /* U+D587 "햇" */
    0x18, 0x5b, 0xfd, 0x60, 0x5, 0x8f, 0x16, 0x7e,
    0x7b, 0xd, 0x66, 0x65, 0x8f, 0x16, 0x1, 0x98,
    0xe, 0x60, 0x38, 0x1, 0xf0, 0xe, 0xe0, 0xf0,
    0xe3, 0x0, 0x80,

    /* U+D589 "행" */
    0x18, 0x5f, 0xfa, 0xc0, 0x16, 0xfc, 0xb7, 0xe7,
    0xe1, 0xad, 0xfd, 0x6f, 0xcb, 0x18, 0x18, 0x3f,
    0x7, 0xe, 0x30, 0x31, 0xc3, 0x83, 0xf0,

    /* U+D5A5 "향" */
    0x8, 0x30, 0x20, 0xcf, 0xfb, 0x0, 0xf, 0x3e,
    0x31, 0x8c, 0xc6, 0x33, 0x18, 0xcf, 0x7f, 0x30,
    0x20, 0xc0, 0xfc, 0xe, 0x1c, 0x30, 0x30, 0xe1,
    0xc0, 0xfc, 0x0,

    /* U+D5C8 "허" */
    0xc, 0x18, 0x60, 0xff, 0xe6, 0x0, 0x33, 0xe1,
    0xbf, 0x8d, 0x8d, 0xec, 0x63, 0x63, 0x1b, 0x18,
    0xcf, 0x86, 0x0, 0x30, 0x1, 0x80, 0xc,

    /* U+D5D8 "험" */
    0xc, 0x18, 0x60, 0xff, 0xe6, 0x0, 0x33, 0xf1,
    0xb9, 0xbd, 0x84, 0x6f, 0xe3, 0x3e, 0x18, 0x0,
    0x7, 0xfe, 0x30, 0x31, 0x81, 0x8c, 0xc, 0x7f,
    0xe0,

    /* U+D5E4 "헤" */
    0x18, 0x58, 0xc2, 0xff, 0xd6, 0x0, 0xb3, 0xc5,
    0xbf, 0x2d, 0x9f, 0x78, 0x6b, 0x62, 0x5b, 0x32,
    0xcf, 0x16, 0x0, 0xb0, 0x5, 0x80, 0x2c,

    /* U+D600 "혀" */
    0xc, 0x18, 0x60, 0xff, 0xe6, 0x0, 0x33, 0xe7,
    0xb1, 0x8d, 0x8c, 0x6c, 0x63, 0x63, 0x7b, 0x1b,
    0xcf, 0x86, 0x0, 0x30, 0x1, 0x80, 0xc,

    /* U+D604 "현" */
    0xc, 0x18, 0x60, 0xff, 0xe7, 0xff, 0x30, 0x7,
    0x9f, 0xbd, 0xcc, 0x6c, 0x33, 0x77, 0x79, 0xf8,
    0xc0, 0x6, 0x30, 0x1, 0x80, 0xc, 0x0, 0x7f,
    0xe0,

    /* U+D611 "협" */
    0xc, 0x18, 0x60, 0xff, 0xe6, 0x0, 0x33, 0xf7,
    0xb1, 0x8d, 0x84, 0x6c, 0x6f, 0x3e, 0x18, 0x0,
    0x6, 0x6, 0x3f, 0xf1, 0x81, 0x8c, 0xc, 0x7f,
    0xe0,

    /* U+D615 "형" */
    0xc, 0x18, 0x60, 0xff, 0xe6, 0x0, 0x33, 0xe7,
    0xb1, 0x8d, 0x84, 0x6e, 0xef, 0x7f, 0x18, 0x40,
    0xc1, 0xf8, 0x38, 0x71, 0x81, 0x8c, 0x1c, 0x1f,
    0x80,

    /* U+D61C "혜" */
    0x18, 0x6c, 0x61, 0xbf, 0xe6, 0xc0, 0x1b, 0x38,
    0x6d, 0xff, 0xb6, 0x66, 0xf1, 0x9b, 0xc7, 0xed,
    0x9f, 0xb3, 0xc6, 0xc0, 0x1b, 0x0, 0x6c, 0x1,
    0xb0,

    /* U+D638 "호" */
    0x3, 0x1, 0xff, 0xe0, 0x0, 0x0, 0x0, 0xf,
    0xc0, 0xe1, 0xc3, 0x3, 0xe, 0x1c, 0x1f, 0xe0,
    0xc, 0x0, 0x30, 0x3f, 0xff,

    /* U+D639 "혹" */
    0x3, 0x1, 0xff, 0xe0, 0x0, 0x7, 0xf8, 0x30,
    0x30, 0xc0, 0xc1, 0xfe, 0x0, 0xc0, 0x3, 0x3,
    0xff, 0xf0, 0x0, 0xf, 0xfc, 0x0, 0x30, 0x0,
    0xc0, 0x3, 0x0,

    /* U+D63C "혼" */
    0x3, 0x1, 0xff, 0xe0, 0x0, 0x0, 0x0, 0x1f,
    0xe0, 0xc0, 0xc3, 0x3, 0x7, 0xf8, 0x3, 0x3,
    0xff, 0xf0, 0x0, 0x0, 0x0, 0x30, 0x0, 0xc0,
    0x3, 0xff, 0x0,

    /* U+D640 "홀" */
    0x3, 0x1, 0xff, 0xe0, 0x0, 0x7, 0xf8, 0x30,
    0x30, 0xc0, 0xc1, 0xfe, 0x0, 0xc0, 0xff, 0xfc,
    0x0, 0x3, 0xff, 0x0, 0xc, 0x3f, 0xf0, 0xc0,
    0x3, 0xff, 0x0,

    /* U+D64D "홍" */
    0x3, 0x1, 0xff, 0xe0, 0x0, 0x7, 0xf8, 0x30,
    0x30, 0xc0, 0xc1, 0xfe, 0x0, 0xc0, 0x3, 0x3,
    0xff, 0xf0, 0x0, 0x7, 0xf8, 0x30, 0x30, 0xc0,
    0xc1, 0xfe, 0x0,

    /* U+D654 "화" */
    0x4, 0x18, 0x8, 0x31, 0xff, 0x60, 0x0, 0xc1,
    0xf1, 0x86, 0x33, 0xc, 0x66, 0x18, 0xcf, 0x31,
    0x98, 0x3e, 0x30, 0x10, 0x60, 0x20, 0xcf, 0xfd,
    0x80, 0x3, 0x0, 0x6, 0x0,

    /* U+D655 "확" */
    0xc, 0x27, 0xfd, 0x0, 0x8, 0x7c, 0x46, 0x32,
    0x3f, 0x9c, 0xf8, 0x81, 0x84, 0xff, 0xa0, 0x0,
    0xf, 0xf8, 0x0, 0x40, 0x2, 0x0, 0x10,

    /* U+D658 "환" */
    0xc, 0x33, 0xfe, 0xcf, 0xfb, 0x7, 0xc, 0x7f,
    0x31, 0x8c, 0xf6, 0x33, 0xcf, 0xcc, 0xc, 0x33,
    0xfe, 0xcf, 0xfb, 0x0, 0x0, 0x30, 0x0, 0xc0,
    0x3, 0xff, 0x0,

    /* U+D65C "활" */
    0xc, 0x0, 0xff, 0xb0, 0x0, 0x61, 0xfc, 0xc3,
    0xf9, 0x84, 0x33, 0xc7, 0xc6, 0x6, 0xc, 0xff,
    0xd8, 0x0, 0x0, 0x7f, 0xe0, 0x0, 0xc1, 0xff,
    0x83, 0x0, 0x7, 0xff, 0x0,

    /* U+D669 "황" */
    0x6, 0x0, 0xc, 0x31, 0xff, 0x60, 0xf8, 0xc3,
    0x19, 0x86, 0x33, 0xc, 0x67, 0x8f, 0x8c, 0x6,
    0x19, 0xff, 0xf0, 0x0, 0x60, 0x7f, 0x81, 0x81,
    0x83, 0x3, 0x3, 0xfc, 0x0,

    /* U+D68C "회" */
    0x4, 0x18, 0x20, 0xdf, 0xf6, 0x0, 0x31, 0xf1,
    0x98, 0xcc, 0xc6, 0x66, 0x33, 0x31, 0x98, 0xf8,
    0xc1, 0x6, 0x8, 0x3f, 0xff, 0x80, 0xc, 0x0,
    0x60,

    /* U+D68D "획" */
    0x6, 0x1b, 0xfe, 0xc0, 0x6, 0x3e, 0x33, 0x19,
    0x9f, 0xcc, 0x7c, 0x60, 0xc3, 0xff, 0xd8, 0x0,
    0x7, 0xfe, 0x0, 0x30, 0x1, 0x80, 0xc,

    /* U+D6A8 "효" */
    0x3, 0x1, 0xff, 0xe0, 0x0, 0x0, 0x0, 0xf,
    0xc0, 0xe1, 0xc3, 0x3, 0xe, 0x1c, 0x1f, 0xe0,
    0x33, 0x0, 0xcc, 0x3f, 0xff,

    /* U+D6C4 "후" */
    0x3, 0x0, 0xc, 0x7, 0xff, 0x80, 0x0, 0xf,
    0xc0, 0xe1, 0xc3, 0x3, 0xf, 0xfc, 0x1f, 0xe0,
    0x0, 0xf, 0xff, 0xc0, 0xc0, 0x3, 0x0, 0xc,
    0x0, 0x30, 0x0,

    /* U+D6C8 "훈" */
    0x3, 0x1, 0xff, 0xe0, 0x0, 0x0, 0x0, 0x1f,
    0xe0, 0xc0, 0xc3, 0x3, 0x7, 0xf8, 0x0, 0x3,
    0xff, 0xf0, 0x30, 0x0, 0xc0, 0x30, 0x0, 0xc0,
    0x3, 0xff, 0x0,

    /* U+D6D4 "훔" */
    0x3, 0x1, 0xff, 0xe0, 0x0, 0x7, 0xf8, 0x30,
    0x30, 0xe1, 0xc1, 0xfe, 0x0, 0x0, 0xff, 0xfc,
    0xc, 0x0, 0x30, 0xf, 0xfc, 0x30, 0x30, 0xc0,
    0xc3, 0xff, 0x0,

    /* U+D718 "휘" */
    0x4, 0x1b, 0xfe, 0xdf, 0xf6, 0x3e, 0x33, 0x19,
    0x98, 0xcc, 0xc6, 0x63, 0xe3, 0x0, 0x1f, 0xff,
    0xc1, 0x6, 0x8, 0x30, 0x41, 0x82, 0xc,

    /* U+D720 "휠" */
    0x4, 0x3, 0xfe, 0xc0, 0x6, 0x3f, 0x33, 0x19,
    0x9f, 0xcc, 0x50, 0x7f, 0xff, 0x4, 0x18, 0x20,
    0x7, 0xfe, 0x0, 0x31, 0xff, 0x8c, 0x0, 0x7f,
    0xe0,

    /* U+D734 "휴" */
    0x3, 0x0, 0xc, 0x7, 0xff, 0x80, 0x0, 0xf,
    0xc0, 0xe1, 0xc3, 0x3, 0xf, 0xfc, 0x1f, 0xe0,
    0x0, 0xf, 0xff, 0xc6, 0x18, 0x18, 0x60, 0x61,
    0x81, 0x86, 0x0,

    /* U+D749 "흉" */
    0x3, 0x1, 0xff, 0xe0, 0x0, 0x7, 0xf8, 0x30,
    0x30, 0xc1, 0xc1, 0xfe, 0x0, 0x0, 0xff, 0xfc,
    0x61, 0x1, 0x84, 0x7, 0xf8, 0x30, 0x30, 0xc0,
    0xc1, 0xfe, 0x0,

    /* U+D750 "흐" */
    0x3, 0x1, 0xff, 0xe0, 0x0, 0x0, 0x0, 0xf,
    0xc0, 0xe1, 0xc3, 0x3, 0xe, 0x1c, 0xf, 0xc0,
    0x0, 0x0, 0x0, 0x3f, 0xff,

    /* U+D754 "흔" */
    0x3, 0x1, 0xff, 0xe0, 0x0, 0x7, 0xf8, 0x30,
    0x30, 0xc0, 0xc1, 0xfe, 0x0, 0x0, 0xff, 0xfc,
    0x0, 0x0, 0x0, 0xc, 0x0, 0x30, 0x0, 0xff,
    0xc0,

    /* U+D758 "흘" */
    0x3, 0x1, 0xff, 0xe0, 0x0, 0x7, 0xf8, 0x30,
    0x30, 0xc0, 0xc1, 0xfe, 0x0, 0x0, 0xff, 0xfc,
    0x0, 0x3, 0xff, 0x0, 0xc, 0x3f, 0xf0, 0xc0,
    0x3, 0xff, 0x0,

    /* U+D759 "흙" */
    0x3, 0x1, 0xff, 0xe0, 0x0, 0x7, 0xf8, 0x30,
    0x30, 0xc0, 0xc1, 0xfe, 0x0, 0x0, 0xff, 0xfc,
    0x0, 0x7, 0xef, 0x1, 0x84, 0x7e, 0x11, 0x80,
    0x47, 0xe1, 0x0,

    /* U+D761 "흡" */
    0x3, 0x1, 0xff, 0xe0, 0x0, 0x7, 0xf8, 0x30,
    0x30, 0xe1, 0xc1, 0xfe, 0x0, 0x0, 0xff, 0xfc,
    0x0, 0x0, 0x0, 0xc, 0xc, 0x3f, 0xf0, 0xc0,
    0xc3, 0xff, 0x0,

    /* U+D765 "흥" */
    0x3, 0x1, 0xff, 0xe0, 0x0, 0x7, 0xf8, 0x30,
    0x30, 0xe1, 0xc1, 0xfe, 0x0, 0x0, 0xff, 0xfc,
    0x0, 0x0, 0x0, 0x7, 0xf8, 0x30, 0x30, 0xc0,
    0xc1, 0xfe, 0x0,

    /* U+D769 "흩" */
    0x3, 0x1, 0xff, 0xe0, 0x0, 0x7, 0xf8, 0x30,
    0x30, 0xc0, 0xc1, 0xfe, 0x0, 0x0, 0xff, 0xfc,
    0x0, 0x3, 0xff, 0xc, 0x0, 0x3f, 0xf0, 0xc0,
    0x3, 0xff, 0x0,

    /* U+D76C "희" */
    0x4, 0x18, 0x20, 0xdf, 0xf6, 0x0, 0x30, 0x1,
    0x8f, 0x8c, 0xc6, 0x66, 0x33, 0x31, 0x98, 0xf8,
    0xc0, 0x6, 0x0, 0x3f, 0xff, 0x80, 0xc, 0x0,
    0x60,

    /* U+D770 "흰" */
    0x6, 0x1b, 0xfe, 0xdf, 0xf6, 0x0, 0x33, 0xf9,
    0x98, 0xcc, 0xc6, 0x67, 0xf3, 0x4, 0x1f, 0xfe,
    0xff, 0xf6, 0x0, 0x1, 0x80, 0xc, 0x0, 0x7f,
    0xe0,

    /* U+D788 "히" */
    0x8, 0x30, 0x83, 0xff, 0xb0, 0x3, 0x3e, 0x36,
    0x33, 0x63, 0x36, 0x33, 0x63, 0x36, 0x33, 0x3e,
    0x30, 0x3, 0x0, 0x30, 0x3,

    /* U+D798 "힘" */
    0x8, 0x30, 0x83, 0xff, 0xb0, 0x3, 0x3e, 0x36,
    0x33, 0x63, 0x37, 0xf3, 0x3e, 0x30, 0x0, 0x3f,
    0xf3, 0x3, 0x30, 0x33, 0x3, 0x3f, 0xf0
};


/*---------------------
 *  GLYPH DESCRIPTION
 *--------------------*/

static const lv_font_fmt_txt_glyph_dsc_t glyph_dsc[] = {
    {.bitmap_index = 0, .adv_w = 0, .box_w = 0, .box_h = 0, .ofs_x = 0, .ofs_y = 0} /* id = 0 reserved */,
    {.bitmap_index = 0, .adv_w = 90, .box_w = 1, .box_h = 1, .ofs_x = 0, .ofs_y = 0},
    {.bitmap_index = 1, .adv_w = 83, .box_w = 2, .box_h = 12, .ofs_x = 1, .ofs_y = 0},
    {.bitmap_index = 4, .adv_w = 122, .box_w = 5, .box_h = 4, .ofs_x = 1, .ofs_y = 8},
    {.bitmap_index = 7, .adv_w = 156, .box_w = 9, .box_h = 12, .ofs_x = 0, .ofs_y = 0},
    {.bitmap_index = 21, .adv_w = 148, .box_w = 7, .box_h = 15, .ofs_x = 1, .ofs_y = -1},
    {.bitmap_index = 35, .adv_w = 224, .box_w = 13, .box_h = 12, .ofs_x = 1, .ofs_y = 0},
    {.bitmap_index = 55, .adv_w = 219, .box_w = 13, .box_h = 12, .ofs_x = 1, .ofs_y = 0},
    {.bitmap_index = 75, .adv_w = 72, .box_w = 2, .box_h = 4, .ofs_x = 1, .ofs_y = 8},
    {.bitmap_index = 76, .adv_w = 92, .box_w = 4, .box_h = 15, .ofs_x = 1, .ofs_y = -3},
    {.bitmap_index = 84, .adv_w = 92, .box_w = 4, .box_h = 15, .ofs_x = 1, .ofs_y = -3},
    {.bitmap_index = 92, .adv_w = 117, .box_w = 6, .box_h = 6, .ofs_x = 1, .ofs_y = 6},
    {.bitmap_index = 97, .adv_w = 184, .box_w = 8, .box_h = 8, .ofs_x = 2, .ofs_y = 1},
    {.bitmap_index = 105, .adv_w = 67, .box_w = 3, .box_h = 4, .ofs_x = 0, .ofs_y = -2},
    {.bitmap_index = 107, .adv_w = 106, .box_w = 4, .box_h = 2, .ofs_x = 1, .ofs_y = 4},
    {.bitmap_index = 108, .adv_w = 67, .box_w = 2, .box_h = 2, .ofs_x = 1, .ofs_y = 0},
    {.bitmap_index = 109, .adv_w = 112, .box_w = 7, .box_h = 15, .ofs_x = 0, .ofs_y = -3},
    {.bitmap_index = 123, .adv_w = 148, .box_w = 8, .box_h = 12, .ofs_x = 1, .ofs_y = 0},
    {.bitmap_index = 135, .adv_w = 148, .box_w = 5, .box_h = 12, .ofs_x = 1, .ofs_y = 0},
    {.bitmap_index = 143, .adv_w = 148, .box_w = 7, .box_h = 12, .ofs_x = 1, .ofs_y = 0},
    {.bitmap_index = 154, .adv_w = 148, .box_w = 7, .box_h = 12, .ofs_x = 1, .ofs_y = 0},
    {.bitmap_index = 165, .adv_w = 148, .box_w = 9, .box_h = 12, .ofs_x = 1, .ofs_y = 0},
    {.bitmap_index = 179, .adv_w = 148, .box_w = 8, .box_h = 12, .ofs_x = 1, .ofs_y = 0},
    {.bitmap_index = 191, .adv_w = 148, .box_w = 8, .box_h = 12, .ofs_x = 1, .ofs_y = 0},
    {.bitmap_index = 203, .adv_w = 148, .box_w = 8, .box_h = 12, .ofs_x = 1, .ofs_y = 0},
    {.bitmap_index = 215, .adv_w = 148, .box_w = 8, .box_h = 12, .ofs_x = 1, .ofs_y = 0},
    {.bitmap_index = 227, .adv_w = 148, .box_w = 8, .box_h = 12, .ofs_x = 1, .ofs_y = 0},
    {.bitmap_index = 239, .adv_w = 67, .box_w = 2, .box_h = 9, .ofs_x = 1, .ofs_y = 0},
    {.bitmap_index = 242, .adv_w = 67, .box_w = 3, .box_h = 10, .ofs_x = 0, .ofs_y = -1},
    {.bitmap_index = 246, .adv_w = 184, .box_w = 8, .box_h = 8, .ofs_x = 2, .ofs_y = 1},
    {.bitmap_index = 254, .adv_w = 184, .box_w = 8, .box_h = 5, .ofs_x = 2, .ofs_y = 2},
    {.bitmap_index = 259, .adv_w = 184, .box_w = 8, .box_h = 8, .ofs_x = 2, .ofs_y = 1},
    {.bitmap_index = 267, .adv_w = 116, .box_w = 7, .box_h = 12, .ofs_x = 0, .ofs_y = 0},
    {.bitmap_index = 278, .adv_w = 251, .box_w = 14, .box_h = 15, .ofs_x = 1, .ofs_y = -3},
    {.bitmap_index = 305, .adv_w = 180, .box_w = 11, .box_h = 12, .ofs_x = 0, .ofs_y = 0},
    {.bitmap_index = 322, .adv_w = 163, .box_w = 8, .box_h = 12, .ofs_x = 1, .ofs_y = 0},
    {.bitmap_index = 334, .adv_w = 164, .box_w = 9, .box_h = 12, .ofs_x = 1, .ofs_y = 0},
    {.bitmap_index = 348, .adv_w = 191, .box_w = 10, .box_h = 12, .ofs_x = 1, .ofs_y = 0},
    {.bitmap_index = 363, .adv_w = 138, .box_w = 7, .box_h = 12, .ofs_x = 1, .ofs_y = 0},
    {.bitmap_index = 374, .adv_w = 134, .box_w = 7, .box_h = 12, .ofs_x = 1, .ofs_y = 0},
    {.bitmap_index = 385, .adv_w = 185, .box_w = 10, .box_h = 12, .ofs_x = 1, .ofs_y = 0},
    {.bitmap_index = 400, .adv_w = 197, .box_w = 9, .box_h = 12, .ofs_x = 1, .ofs_y = 0},
    {.bitmap_index = 414, .adv_w = 79, .box_w = 2, .box_h = 12, .ofs_x = 1, .ofs_y = 0},
    {.bitmap_index = 417, .adv_w = 110, .box_w = 5, .box_h = 12, .ofs_x = 1, .ofs_y = 0},
    {.bitmap_index = 425, .adv_w = 165, .box_w = 9, .box_h = 12, .ofs_x = 1, .ofs_y = 0},
    {.bitmap_index = 439, .adv_w = 131, .box_w = 7, .box_h = 12, .ofs_x = 1, .ofs_y = 0},
    {.bitmap_index = 450, .adv_w = 247, .box_w = 13, .box_h = 12, .ofs_x = 1, .ofs_y = 0},
    {.bitmap_index = 470, .adv_w = 204, .box_w = 10, .box_h = 12, .ofs_x = 1, .ofs_y = 0},
    {.bitmap_index = 485, .adv_w = 199, .box_w = 11, .box_h = 12, .ofs_x = 1, .ofs_y = 0},
    {.bitmap_index = 502, .adv_w = 157, .box_w = 8, .box_h = 12, .ofs_x = 1, .ofs_y = 0},
    {.bitmap_index = 514, .adv_w = 199, .box_w = 12, .box_h = 14, .ofs_x = 1, .ofs_y = -2},
    {.bitmap_index = 535, .adv_w = 167, .box_w = 9, .box_h = 12, .ofs_x = 1, .ofs_y = 0},
    {.bitmap_index = 549, .adv_w = 145, .box_w = 7, .box_h = 12, .ofs_x = 1, .ofs_y = 0},
    {.bitmap_index = 560, .adv_w = 149, .box_w = 9, .box_h = 12, .ofs_x = 1, .ofs_y = 0},
    {.bitmap_index = 574, .adv_w = 187, .box_w = 9, .box_h = 12, .ofs_x = 1, .ofs_y = 0},
    {.bitmap_index = 588, .adv_w = 172, .box_w = 11, .box_h = 12, .ofs_x = 0, .ofs_y = 0},
    {.bitmap_index = 605, .adv_w = 259, .box_w = 15, .box_h = 12, .ofs_x = 1, .ofs_y = 0},
    {.bitmap_index = 628, .adv_w = 167, .box_w = 10, .box_h = 12, .ofs_x = 0, .ofs_y = 0},
    {.bitmap_index = 643, .adv_w = 155, .box_w = 10, .box_h = 12, .ofs_x = 0, .ofs_y = 0},
    {.bitmap_index = 658, .adv_w = 157, .box_w = 9, .box_h = 12, .ofs_x = 1, .ofs_y = 0},
    {.bitmap_index = 672, .adv_w = 92, .box_w = 4, .box_h = 16, .ofs_x = 2, .ofs_y = -4},
    {.bitmap_index = 680, .adv_w = 196, .box_w = 13, .box_h = 12, .ofs_x = 0, .ofs_y = 0},
    {.bitmap_index = 700, .adv_w = 92, .box_w = 4, .box_h = 16, .ofs_x = 0, .ofs_y = -4},
    {.bitmap_index = 708, .adv_w = 184, .box_w = 8, .box_h = 8, .ofs_x = 2, .ofs_y = 5},
    {.bitmap_index = 716, .adv_w = 109, .box_w = 7, .box_h = 1, .ofs_x = 0, .ofs_y = -3},
    {.bitmap_index = 717, .adv_w = 79, .box_w = 4, .box_h = 3, .ofs_x = 1, .ofs_y = 10},
    {.bitmap_index = 719, .adv_w = 139, .box_w = 7, .box_h = 9, .ofs_x = 1, .ofs_y = 0},
    {.bitmap_index = 727, .adv_w = 160, .box_w = 8, .box_h = 13, .ofs_x = 1, .ofs_y = 0},
    {.bitmap_index = 740, .adv_w = 125, .box_w = 7, .box_h = 9, .ofs_x = 1, .ofs_y = 0},
    {.bitmap_index = 748, .adv_w = 160, .box_w = 8, .box_h = 13, .ofs_x = 1, .ofs_y = 0},
    {.bitmap_index = 761, .adv_w = 141, .box_w = 8, .box_h = 9, .ofs_x = 1, .ofs_y = 0},
    {.bitmap_index = 770, .adv_w = 95, .box_w = 6, .box_h = 13, .ofs_x = 1, .ofs_y = 0},
    {.bitmap_index = 780, .adv_w = 160, .box_w = 8, .box_h = 13, .ofs_x = 1, .ofs_y = -4},
    {.bitmap_index = 793, .adv_w = 155, .box_w = 7, .box_h = 13, .ofs_x = 1, .ofs_y = 0},
    {.bitmap_index = 805, .adv_w = 70, .box_w = 2, .box_h = 13, .ofs_x = 1, .ofs_y = 0},
    {.bitmap_index = 809, .adv_w = 72, .box_w = 4, .box_h = 17, .ofs_x = -1, .ofs_y = -4},
    {.bitmap_index = 818, .adv_w = 142, .box_w = 8, .box_h = 13, .ofs_x = 1, .ofs_y = 0},
    {.bitmap_index = 831, .adv_w = 70, .box_w = 2, .box_h = 13, .ofs_x = 1, .ofs_y = 0},
    {.bitmap_index = 835, .adv_w = 236, .box_w = 12, .box_h = 9, .ofs_x = 1, .ofs_y = 0},
    {.bitmap_index = 849, .adv_w = 156, .box_w = 8, .box_h = 9, .ofs_x = 1, .ofs_y = 0},
    {.bitmap_index = 858, .adv_w = 159, .box_w = 9, .box_h = 9, .ofs_x = 1, .ofs_y = 0},
    {.bitmap_index = 869, .adv_w = 160, .box_w = 8, .box_h = 13, .ofs_x = 1, .ofs_y = -4},
    {.bitmap_index = 882, .adv_w = 160, .box_w = 8, .box_h = 13, .ofs_x = 1, .ofs_y = -4},
    {.bitmap_index = 895, .adv_w = 101, .box_w = 5, .box_h = 9, .ofs_x = 1, .ofs_y = 0},
    {.bitmap_index = 901, .adv_w = 118, .box_w = 6, .box_h = 9, .ofs_x = 1, .ofs_y = 0},
    {.bitmap_index = 908, .adv_w = 98, .box_w = 5, .box_h = 12, .ofs_x = 1, .ofs_y = 0},
    {.bitmap_index = 916, .adv_w = 156, .box_w = 8, .box_h = 9, .ofs_x = 1, .ofs_y = 0},
    {.bitmap_index = 925, .adv_w = 137, .box_w = 9, .box_h = 9, .ofs_x = 0, .ofs_y = 0},
    {.bitmap_index = 936, .adv_w = 204, .box_w = 13, .box_h = 9, .ofs_x = 0, .ofs_y = 0},
    {.bitmap_index = 951, .adv_w = 138, .box_w = 9, .box_h = 9, .ofs_x = 0, .ofs_y = 0},
    {.bitmap_index = 962, .adv_w = 137, .box_w = 8, .box_h = 13, .ofs_x = 0, .ofs_y = -4},
    {.bitmap_index = 975, .adv_w = 124, .box_w = 7, .box_h = 9, .ofs_x = 1, .ofs_y = 0},
    {.bitmap_index = 983, .adv_w = 92, .box_w = 4, .box_h = 16, .ofs_x = 1, .ofs_y = -4},
    {.bitmap_index = 991, .adv_w = 79, .box_w = 2, .box_h = 17, .ofs_x = 2, .ofs_y = -4},
    {.bitmap_index = 996, .adv_w = 92, .box_w = 5, .box_h = 16, .ofs_x = 0, .ofs_y = -4},
    {.bitmap_index = 1006, .adv_w = 184, .box_w = 9, .box_h = 3, .ofs_x = 2, .ofs_y = 4},
    {.bitmap_index = 1010, .adv_w = 256, .box_w = 14, .box_h = 14, .ofs_x = 1, .ofs_y = -1},
    {.bitmap_index = 1035, .adv_w = 256, .box_w = 14, .box_h = 14, .ofs_x = 1, .ofs_y = -1},
    {.bitmap_index = 1060, .adv_w = 256, .box_w = 14, .box_h = 14, .ofs_x = 1, .ofs_y = -1},
    {.bitmap_index = 1085, .adv_w = 256, .box_w = 14, .box_h = 14, .ofs_x = 1, .ofs_y = -1},
    {.bitmap_index = 1110, .adv_w = 256, .box_w = 14, .box_h = 14, .ofs_x = 2, .ofs_y = -1},
    {.bitmap_index = 1135, .adv_w = 256, .box_w = 14, .box_h = 14, .ofs_x = 1, .ofs_y = -1},
    {.bitmap_index = 1160, .adv_w = 256, .box_w = 14, .box_h = 14, .ofs_x = 1, .ofs_y = -1},
    {.bitmap_index = 1185, .adv_w = 256, .box_w = 14, .box_h = 14, .ofs_x = 1, .ofs_y = -1},
    {.bitmap_index = 1210, .adv_w = 256, .box_w = 14, .box_h = 14, .ofs_x = 1, .ofs_y = -1},
    {.bitmap_index = 1235, .adv_w = 256, .box_w = 14, .box_h = 14, .ofs_x = 1, .ofs_y = -1},
    {.bitmap_index = 1260, .adv_w = 256, .box_w = 13, .box_h = 14, .ofs_x = 1, .ofs_y = -1},
    {.bitmap_index = 1283, .adv_w = 256, .box_w = 13, .box_h = 14, .ofs_x = 1, .ofs_y = -1},
    {.bitmap_index = 1306, .adv_w = 256, .box_w = 14, .box_h = 14, .ofs_x = 1, .ofs_y = -1},
    {.bitmap_index = 1331, .adv_w = 256, .box_w = 13, .box_h = 14, .ofs_x = 1, .ofs_y = -1},
    {.bitmap_index = 1354, .adv_w = 256, .box_w = 13, .box_h = 14, .ofs_x = 1, .ofs_y = -1},
    {.bitmap_index = 1377, .adv_w = 256, .box_w = 13, .box_h = 14, .ofs_x = 1, .ofs_y = -1},
    {.bitmap_index = 1400, .adv_w = 256, .box_w = 13, .box_h = 14, .ofs_x = 1, .ofs_y = -1},
    {.bitmap_index = 1423, .adv_w = 256, .box_w = 13, .box_h = 14, .ofs_x = 1, .ofs_y = -1},
    {.bitmap_index = 1446, .adv_w = 256, .box_w = 13, .box_h = 14, .ofs_x = 1, .ofs_y = -1},
    {.bitmap_index = 1469, .adv_w = 256, .box_w = 13, .box_h = 14, .ofs_x = 1, .ofs_y = -1},
    {.bitmap_index = 1492, .adv_w = 256, .box_w = 14, .box_h = 15, .ofs_x = 1, .ofs_y = -2},
    {.bitmap_index = 1519, .adv_w = 256, .box_w = 13, .box_h = 14, .ofs_x = 1, .ofs_y = -1},
    {.bitmap_index = 1542, .adv_w = 256, .box_w = 13, .box_h = 14, .ofs_x = 1, .ofs_y = -1},
    {.bitmap_index = 1565, .adv_w = 256, .box_w = 13, .box_h = 14, .ofs_x = 1, .ofs_y = -1},
    {.bitmap_index = 1588, .adv_w = 256, .box_w = 13, .box_h = 14, .ofs_x = 1, .ofs_y = -1},
    {.bitmap_index = 1611, .adv_w = 256, .box_w = 13, .box_h = 14, .ofs_x = 1, .ofs_y = -1},
    {.bitmap_index = 1634, .adv_w = 256, .box_w = 13, .box_h = 14, .ofs_x = 1, .ofs_y = -1},
    {.bitmap_index = 1657, .adv_w = 256, .box_w = 13, .box_h = 14, .ofs_x = 1, .ofs_y = -1},
    {.bitmap_index = 1680, .adv_w = 256, .box_w = 13, .box_h = 14, .ofs_x = 1, .ofs_y = -1},
    {.bitmap_index = 1703, .adv_w = 256, .box_w = 13, .box_h = 14, .ofs_x = 1, .ofs_y = -1},
    {.bitmap_index = 1726, .adv_w = 256, .box_w = 14, .box_h = 11, .ofs_x = 1, .ofs_y = 1},
    {.bitmap_index = 1746, .adv_w = 256, .box_w = 14, .box_h = 14, .ofs_x = 1, .ofs_y = -1},
    {.bitmap_index = 1771, .adv_w = 256, .box_w = 14, .box_h = 14, .ofs_x = 1, .ofs_y = -1},
    {.bitmap_index = 1796, .adv_w = 256, .box_w = 14, .box_h = 14, .ofs_x = 1, .ofs_y = -1},
    {.bitmap_index = 1821, .adv_w = 256, .box_w = 14, .box_h = 14, .ofs_x = 1, .ofs_y = -1},
    {.bitmap_index = 1846, .adv_w = 256, .box_w = 14, .box_h = 14, .ofs_x = 1, .ofs_y = -1},
    {.bitmap_index = 1871, .adv_w = 256, .box_w = 14, .box_h = 14, .ofs_x = 1, .ofs_y = -1},
    {.bitmap_index = 1896, .adv_w = 256, .box_w = 14, .box_h = 14, .ofs_x = 1, .ofs_y = -1},
    {.bitmap_index = 1921, .adv_w = 256, .box_w = 14, .box_h = 14, .ofs_x = 1, .ofs_y = -1},
    {.bitmap_index = 1946, .adv_w = 256, .box_w = 15, .box_h = 14, .ofs_x = 1, .ofs_y = -1},
    {.bitmap_index = 1973, .adv_w = 256, .box_w = 14, .box_h = 14, .ofs_x = 1, .ofs_y = -1},
    {.bitmap_index = 1998, .adv_w = 256, .box_w = 14, .box_h = 14, .ofs_x = 1, .ofs_y = -1},
    {.bitmap_index = 2023, .adv_w = 256, .box_w = 14, .box_h = 14, .ofs_x = 0, .ofs_y = -1},
    {.bitmap_index = 2048, .adv_w = 256, .box_w = 14, .box_h = 14, .ofs_x = 0, .ofs_y = -1},
    {.bitmap_index = 2073, .adv_w = 256, .box_w = 13, .box_h = 14, .ofs_x = 1, .ofs_y = -1},
    {.bitmap_index = 2096, .adv_w = 256, .box_w = 14, .box_h = 11, .ofs_x = 1, .ofs_y = 1},
    {.bitmap_index = 2116, .adv_w = 256, .box_w = 14, .box_h = 14, .ofs_x = 1, .ofs_y = -1},
    {.bitmap_index = 2141, .adv_w = 256, .box_w = 14, .box_h = 14, .ofs_x = 1, .ofs_y = -1},
    {.bitmap_index = 2166, .adv_w = 256, .box_w = 14, .box_h = 14, .ofs_x = 1, .ofs_y = -1},
    {.bitmap_index = 2191, .adv_w = 256, .box_w = 14, .box_h = 14, .ofs_x = 1, .ofs_y = -1},
    {.bitmap_index = 2216, .adv_w = 256, .box_w = 14, .box_h = 14, .ofs_x = 1, .ofs_y = -1},
    {.bitmap_index = 2241, .adv_w = 256, .box_w = 14, .box_h = 14, .ofs_x = 1, .ofs_y = -1},
    {.bitmap_index = 2266, .adv_w = 256, .box_w = 14, .box_h = 14, .ofs_x = 1, .ofs_y = -1},
    {.bitmap_index = 2291, .adv_w = 256, .box_w = 14, .box_h = 14, .ofs_x = 1, .ofs_y = -1},
    {.bitmap_index = 2316, .adv_w = 256, .box_w = 14, .box_h = 14, .ofs_x = 0, .ofs_y = -1},
    {.bitmap_index = 2341, .adv_w = 256, .box_w = 13, .box_h = 14, .ofs_x = 1, .ofs_y = -1},
    {.bitmap_index = 2364, .adv_w = 256, .box_w = 14, .box_h = 14, .ofs_x = 1, .ofs_y = -1},
    {.bitmap_index = 2389, .adv_w = 256, .box_w = 14, .box_h = 14, .ofs_x = 1, .ofs_y = -1},
    {.bitmap_index = 2414, .adv_w = 256, .box_w = 14, .box_h = 11, .ofs_x = 1, .ofs_y = 1},
    {.bitmap_index = 2434, .adv_w = 256, .box_w = 14, .box_h = 14, .ofs_x = 1, .ofs_y = -1},
    {.bitmap_index = 2459, .adv_w = 256, .box_w = 14, .box_h = 14, .ofs_x = 1, .ofs_y = -1},
    {.bitmap_index = 2484, .adv_w = 256, .box_w = 14, .box_h = 14, .ofs_x = 1, .ofs_y = -1},
    {.bitmap_index = 2509, .adv_w = 256, .box_w = 14, .box_h = 14, .ofs_x = 1, .ofs_y = -1},
    {.bitmap_index = 2534, .adv_w = 256, .box_w = 14, .box_h = 14, .ofs_x = 1, .ofs_y = -1},
    {.bitmap_index = 2559, .adv_w = 256, .box_w = 14, .box_h = 14, .ofs_x = 1, .ofs_y = -1},
    {.bitmap_index = 2584, .adv_w = 256, .box_w = 12, .box_h = 14, .ofs_x = 1, .ofs_y = -1},
    {.bitmap_index = 2605, .adv_w = 256, .box_w = 12, .box_h = 14, .ofs_x = 2, .ofs_y = -1},
    {.bitmap_index = 2626, .adv_w = 256, .box_w = 12, .box_h = 14, .ofs_x = 2, .ofs_y = -1},
    {.bitmap_index = 2647, .adv_w = 256, .box_w = 13, .box_h = 14, .ofs_x = 1, .ofs_y = -1},
    {.bitmap_index = 2670, .adv_w = 256, .box_w = 13, .box_h = 14, .ofs_x = 1, .ofs_y = -1},
    {.bitmap_index = 2693, .adv_w = 256, .box_w = 15, .box_h = 14, .ofs_x = 1, .ofs_y = -1},
    {.bitmap_index = 2720, .adv_w = 256, .box_w = 15, .box_h = 14, .ofs_x = 0, .ofs_y = -1},
    {.bitmap_index = 2747, .adv_w = 256, .box_w = 15, .box_h = 14, .ofs_x = 0, .ofs_y = -1},
    {.bitmap_index = 2774, .adv_w = 256, .box_w = 15, .box_h = 14, .ofs_x = 1, .ofs_y = -1},
    {.bitmap_index = 2801, .adv_w = 256, .box_w = 15, .box_h = 14, .ofs_x = 0, .ofs_y = -1},
    {.bitmap_index = 2828, .adv_w = 256, .box_w = 15, .box_h = 14, .ofs_x = 0, .ofs_y = -1},
    {.bitmap_index = 2855, .adv_w = 256, .box_w = 15, .box_h = 14, .ofs_x = 0, .ofs_y = -1},
    {.bitmap_index = 2882, .adv_w = 256, .box_w = 14, .box_h = 14, .ofs_x = 1, .ofs_y = -1},
    {.bitmap_index = 2907, .adv_w = 256, .box_w = 13, .box_h = 14, .ofs_x = 1, .ofs_y = -1},
    {.bitmap_index = 2930, .adv_w = 256, .box_w = 13, .box_h = 14, .ofs_x = 1, .ofs_y = -1},
    {.bitmap_index = 2953, .adv_w = 256, .box_w = 13, .box_h = 14, .ofs_x = 1, .ofs_y = -1},
    {.bitmap_index = 2976, .adv_w = 256, .box_w = 14, .box_h = 14, .ofs_x = 1, .ofs_y = -1},
    {.bitmap_index = 3001, .adv_w = 256, .box_w = 14, .box_h = 11, .ofs_x = 1, .ofs_y = 1},
    {.bitmap_index = 3021, .adv_w = 256, .box_w = 14, .box_h = 14, .ofs_x = 1, .ofs_y = -1},
    {.bitmap_index = 3046, .adv_w = 256, .box_w = 14, .box_h = 14, .ofs_x = 1, .ofs_y = -1},
    {.bitmap_index = 3071, .adv_w = 256, .box_w = 14, .box_h = 14, .ofs_x = 1, .ofs_y = -1},
    {.bitmap_index = 3096, .adv_w = 256, .box_w = 14, .box_h = 14, .ofs_x = 1, .ofs_y = -1},
    {.bitmap_index = 3121, .adv_w = 256, .box_w = 15, .box_h = 14, .ofs_x = 0, .ofs_y = -1},
    {.bitmap_index = 3148, .adv_w = 256, .box_w = 14, .box_h = 14, .ofs_x = 0, .ofs_y = -1},
    {.bitmap_index = 3173, .adv_w = 256, .box_w = 14, .box_h = 14, .ofs_x = 1, .ofs_y = -1},
    {.bitmap_index = 3198, .adv_w = 256, .box_w = 14, .box_h = 14, .ofs_x = 1, .ofs_y = -1},
    {.bitmap_index = 3223, .adv_w = 256, .box_w = 14, .box_h = 11, .ofs_x = 1, .ofs_y = 1},
    {.bitmap_index = 3243, .adv_w = 256, .box_w = 14, .box_h = 14, .ofs_x = 1, .ofs_y = -1},
    {.bitmap_index = 3268, .adv_w = 256, .box_w = 14, .box_h = 14, .ofs_x = 1, .ofs_y = -1},
    {.bitmap_index = 3293, .adv_w = 256, .box_w = 14, .box_h = 14, .ofs_x = 1, .ofs_y = -1},
    {.bitmap_index = 3318, .adv_w = 256, .box_w = 14, .box_h = 14, .ofs_x = 1, .ofs_y = -1},
    {.bitmap_index = 3343, .adv_w = 256, .box_w = 14, .box_h = 14, .ofs_x = 1, .ofs_y = -1},
    {.bitmap_index = 3368, .adv_w = 256, .box_w = 13, .box_h = 14, .ofs_x = 1, .ofs_y = -1},
    {.bitmap_index = 3391, .adv_w = 256, .box_w = 13, .box_h = 14, .ofs_x = 2, .ofs_y = -1},
    {.bitmap_index = 3414, .adv_w = 256, .box_w = 13, .box_h = 14, .ofs_x = 2, .ofs_y = -1},
    {.bitmap_index = 3437, .adv_w = 256, .box_w = 13, .box_h = 14, .ofs_x = 2, .ofs_y = -1},
    {.bitmap_index = 3460, .adv_w = 256, .box_w = 13, .box_h = 14, .ofs_x = 2, .ofs_y = -1},
    {.bitmap_index = 3483, .adv_w = 256, .box_w = 13, .box_h = 14, .ofs_x = 2, .ofs_y = -1},
    {.bitmap_index = 3506, .adv_w = 256, .box_w = 13, .box_h = 14, .ofs_x = 2, .ofs_y = -1},
    {.bitmap_index = 3529, .adv_w = 256, .box_w = 13, .box_h = 15, .ofs_x = 2, .ofs_y = -2},
    {.bitmap_index = 3554, .adv_w = 256, .box_w = 13, .box_h = 13, .ofs_x = 2, .ofs_y = 0},
    {.bitmap_index = 3576, .adv_w = 256, .box_w = 13, .box_h = 14, .ofs_x = 2, .ofs_y = -1},
    {.bitmap_index = 3599, .adv_w = 256, .box_w = 12, .box_h = 14, .ofs_x = 2, .ofs_y = -1},
    {.bitmap_index = 3620, .adv_w = 256, .box_w = 12, .box_h = 14, .ofs_x = 2, .ofs_y = -1},
    {.bitmap_index = 3641, .adv_w = 256, .box_w = 12, .box_h = 14, .ofs_x = 2, .ofs_y = -1},
    {.bitmap_index = 3662, .adv_w = 256, .box_w = 13, .box_h = 14, .ofs_x = 2, .ofs_y = -1},
    {.bitmap_index = 3685, .adv_w = 256, .box_w = 12, .box_h = 14, .ofs_x = 2, .ofs_y = -1},
    {.bitmap_index = 3706, .adv_w = 256, .box_w = 12, .box_h = 14, .ofs_x = 2, .ofs_y = -1},
    {.bitmap_index = 3727, .adv_w = 256, .box_w = 12, .box_h = 14, .ofs_x = 2, .ofs_y = -1},
    {.bitmap_index = 3748, .adv_w = 256, .box_w = 12, .box_h = 14, .ofs_x = 2, .ofs_y = -1},
    {.bitmap_index = 3769, .adv_w = 256, .box_w = 12, .box_h = 14, .ofs_x = 2, .ofs_y = -1},
    {.bitmap_index = 3790, .adv_w = 256, .box_w = 12, .box_h = 14, .ofs_x = 2, .ofs_y = -1},
    {.bitmap_index = 3811, .adv_w = 256, .box_w = 13, .box_h = 15, .ofs_x = 2, .ofs_y = -2},
    {.bitmap_index = 3836, .adv_w = 256, .box_w = 12, .box_h = 14, .ofs_x = 2, .ofs_y = -1},
    {.bitmap_index = 3857, .adv_w = 256, .box_w = 12, .box_h = 14, .ofs_x = 2, .ofs_y = -1},
    {.bitmap_index = 3878, .adv_w = 256, .box_w = 12, .box_h = 14, .ofs_x = 2, .ofs_y = -1},
    {.bitmap_index = 3899, .adv_w = 256, .box_w = 12, .box_h = 14, .ofs_x = 2, .ofs_y = -1},
    {.bitmap_index = 3920, .adv_w = 256, .box_w = 14, .box_h = 11, .ofs_x = 1, .ofs_y = 1},
    {.bitmap_index = 3940, .adv_w = 256, .box_w = 14, .box_h = 14, .ofs_x = 1, .ofs_y = -1},
    {.bitmap_index = 3965, .adv_w = 256, .box_w = 14, .box_h = 14, .ofs_x = 1, .ofs_y = -1},
    {.bitmap_index = 3990, .adv_w = 256, .box_w = 14, .box_h = 14, .ofs_x = 1, .ofs_y = -1},
    {.bitmap_index = 4015, .adv_w = 256, .box_w = 14, .box_h = 14, .ofs_x = 1, .ofs_y = -1},
    {.bitmap_index = 4040, .adv_w = 256, .box_w = 14, .box_h = 14, .ofs_x = 1, .ofs_y = -1},
    {.bitmap_index = 4065, .adv_w = 256, .box_w = 14, .box_h = 14, .ofs_x = 0, .ofs_y = -1},
    {.bitmap_index = 4090, .adv_w = 256, .box_w = 14, .box_h = 14, .ofs_x = 1, .ofs_y = -1},
    {.bitmap_index = 4115, .adv_w = 256, .box_w = 14, .box_h = 14, .ofs_x = 1, .ofs_y = -1},
    {.bitmap_index = 4140, .adv_w = 256, .box_w = 14, .box_h = 11, .ofs_x = 1, .ofs_y = 1},
    {.bitmap_index = 4160, .adv_w = 256, .box_w = 14, .box_h = 14, .ofs_x = 1, .ofs_y = -1},
    {.bitmap_index = 4185, .adv_w = 256, .box_w = 14, .box_h = 14, .ofs_x = 1, .ofs_y = -1},
    {.bitmap_index = 4210, .adv_w = 256, .box_w = 14, .box_h = 14, .ofs_x = 1, .ofs_y = -1},
    {.bitmap_index = 4235, .adv_w = 256, .box_w = 14, .box_h = 14, .ofs_x = 0, .ofs_y = -1},
    {.bitmap_index = 4260, .adv_w = 256, .box_w = 11, .box_h = 14, .ofs_x = 2, .ofs_y = -1},
    {.bitmap_index = 4280, .adv_w = 256, .box_w = 12, .box_h = 14, .ofs_x = 2, .ofs_y = -1},
    {.bitmap_index = 4301, .adv_w = 256, .box_w = 11, .box_h = 14, .ofs_x = 2, .ofs_y = -1},
    {.bitmap_index = 4321, .adv_w = 256, .box_w = 14, .box_h = 14, .ofs_x = 2, .ofs_y = -1},
    {.bitmap_index = 4346, .adv_w = 256, .box_w = 14, .box_h = 14, .ofs_x = 2, .ofs_y = -1},
    {.bitmap_index = 4371, .adv_w = 256, .box_w = 13, .box_h = 14, .ofs_x = 2, .ofs_y = -1},
    {.bitmap_index = 4394, .adv_w = 256, .box_w = 14, .box_h = 14, .ofs_x = 2, .ofs_y = -1},
    {.bitmap_index = 4419, .adv_w = 256, .box_w = 14, .box_h = 14, .ofs_x = 2, .ofs_y = -1},
    {.bitmap_index = 4444, .adv_w = 256, .box_w = 13, .box_h = 14, .ofs_x = 2, .ofs_y = -1},
    {.bitmap_index = 4467, .adv_w = 256, .box_w = 13, .box_h = 14, .ofs_x = 2, .ofs_y = -1},
    {.bitmap_index = 4490, .adv_w = 256, .box_w = 14, .box_h = 14, .ofs_x = 2, .ofs_y = -1},
    {.bitmap_index = 4515, .adv_w = 256, .box_w = 14, .box_h = 14, .ofs_x = 2, .ofs_y = -1},
    {.bitmap_index = 4540, .adv_w = 256, .box_w = 14, .box_h = 15, .ofs_x = 2, .ofs_y = -2},
    {.bitmap_index = 4567, .adv_w = 256, .box_w = 14, .box_h = 14, .ofs_x = 2, .ofs_y = -1},
    {.bitmap_index = 4592, .adv_w = 256, .box_w = 14, .box_h = 14, .ofs_x = 2, .ofs_y = -1},
    {.bitmap_index = 4617, .adv_w = 256, .box_w = 13, .box_h = 14, .ofs_x = 2, .ofs_y = -1},
    {.bitmap_index = 4640, .adv_w = 256, .box_w = 13, .box_h = 14, .ofs_x = 2, .ofs_y = -1},
    {.bitmap_index = 4663, .adv_w = 256, .box_w = 13, .box_h = 14, .ofs_x = 2, .ofs_y = -1},
    {.bitmap_index = 4686, .adv_w = 256, .box_w = 12, .box_h = 14, .ofs_x = 2, .ofs_y = -1},
    {.bitmap_index = 4707, .adv_w = 256, .box_w = 12, .box_h = 14, .ofs_x = 2, .ofs_y = -1},
    {.bitmap_index = 4728, .adv_w = 256, .box_w = 12, .box_h = 14, .ofs_x = 2, .ofs_y = -1},
    {.bitmap_index = 4749, .adv_w = 256, .box_w = 12, .box_h = 14, .ofs_x = 2, .ofs_y = -1},
    {.bitmap_index = 4770, .adv_w = 256, .box_w = 12, .box_h = 14, .ofs_x = 2, .ofs_y = -1},
    {.bitmap_index = 4791, .adv_w = 256, .box_w = 13, .box_h = 15, .ofs_x = 2, .ofs_y = -2},
    {.bitmap_index = 4816, .adv_w = 256, .box_w = 12, .box_h = 14, .ofs_x = 2, .ofs_y = -1},
    {.bitmap_index = 4837, .adv_w = 256, .box_w = 12, .box_h = 14, .ofs_x = 2, .ofs_y = -1},
    {.bitmap_index = 4858, .adv_w = 256, .box_w = 12, .box_h = 14, .ofs_x = 2, .ofs_y = -1},
    {.bitmap_index = 4879, .adv_w = 256, .box_w = 12, .box_h = 14, .ofs_x = 2, .ofs_y = -1},
    {.bitmap_index = 4900, .adv_w = 256, .box_w = 14, .box_h = 11, .ofs_x = 1, .ofs_y = 1},
    {.bitmap_index = 4920, .adv_w = 256, .box_w = 14, .box_h = 14, .ofs_x = 1, .ofs_y = -1},
    {.bitmap_index = 4945, .adv_w = 256, .box_w = 14, .box_h = 14, .ofs_x = 1, .ofs_y = -1},
    {.bitmap_index = 4970, .adv_w = 256, .box_w = 14, .box_h = 14, .ofs_x = 1, .ofs_y = -1},
    {.bitmap_index = 4995, .adv_w = 256, .box_w = 14, .box_h = 14, .ofs_x = 1, .ofs_y = -1},
    {.bitmap_index = 5020, .adv_w = 256, .box_w = 14, .box_h = 14, .ofs_x = 0, .ofs_y = -1},
    {.bitmap_index = 5045, .adv_w = 256, .box_w = 14, .box_h = 14, .ofs_x = 1, .ofs_y = -1},
    {.bitmap_index = 5070, .adv_w = 256, .box_w = 14, .box_h = 14, .ofs_x = 1, .ofs_y = -1},
    {.bitmap_index = 5095, .adv_w = 256, .box_w = 14, .box_h = 14, .ofs_x = 1, .ofs_y = -1},
    {.bitmap_index = 5120, .adv_w = 256, .box_w = 14, .box_h = 11, .ofs_x = 1, .ofs_y = 1},
    {.bitmap_index = 5140, .adv_w = 256, .box_w = 14, .box_h = 14, .ofs_x = 1, .ofs_y = -1},
    {.bitmap_index = 5165, .adv_w = 256, .box_w = 14, .box_h = 14, .ofs_x = 1, .ofs_y = -1},
    {.bitmap_index = 5190, .adv_w = 256, .box_w = 14, .box_h = 14, .ofs_x = 1, .ofs_y = -1},
    {.bitmap_index = 5215, .adv_w = 256, .box_w = 14, .box_h = 14, .ofs_x = 1, .ofs_y = -1},
    {.bitmap_index = 5240, .adv_w = 256, .box_w = 14, .box_h = 14, .ofs_x = 1, .ofs_y = -1},
    {.bitmap_index = 5265, .adv_w = 256, .box_w = 14, .box_h = 14, .ofs_x = 1, .ofs_y = -1},
    {.bitmap_index = 5290, .adv_w = 256, .box_w = 14, .box_h = 14, .ofs_x = 1, .ofs_y = -1},
    {.bitmap_index = 5315, .adv_w = 256, .box_w = 12, .box_h = 14, .ofs_x = 2, .ofs_y = -1},
    {.bitmap_index = 5336, .adv_w = 256, .box_w = 13, .box_h = 14, .ofs_x = 2, .ofs_y = -1},
    {.bitmap_index = 5359, .adv_w = 256, .box_w = 14, .box_h = 14, .ofs_x = 1, .ofs_y = -1},
    {.bitmap_index = 5384, .adv_w = 256, .box_w = 14, .box_h = 14, .ofs_x = 1, .ofs_y = -1},
    {.bitmap_index = 5409, .adv_w = 256, .box_w = 13, .box_h = 14, .ofs_x = 1, .ofs_y = -1},
    {.bitmap_index = 5432, .adv_w = 256, .box_w = 12, .box_h = 14, .ofs_x = 2, .ofs_y = -1},
    {.bitmap_index = 5453, .adv_w = 256, .box_w = 14, .box_h = 14, .ofs_x = 1, .ofs_y = -1},
    {.bitmap_index = 5478, .adv_w = 256, .box_w = 14, .box_h = 11, .ofs_x = 1, .ofs_y = 1},
    {.bitmap_index = 5498, .adv_w = 256, .box_w = 14, .box_h = 14, .ofs_x = 1, .ofs_y = -1},
    {.bitmap_index = 5523, .adv_w = 256, .box_w = 13, .box_h = 14, .ofs_x = 2, .ofs_y = -1},
    {.bitmap_index = 5546, .adv_w = 256, .box_w = 14, .box_h = 14, .ofs_x = 2, .ofs_y = -1},
    {.bitmap_index = 5571, .adv_w = 256, .box_w = 13, .box_h = 14, .ofs_x = 2, .ofs_y = -1},
    {.bitmap_index = 5594, .adv_w = 256, .box_w = 14, .box_h = 14, .ofs_x = 2, .ofs_y = -1},
    {.bitmap_index = 5619, .adv_w = 256, .box_w = 14, .box_h = 14, .ofs_x = 2, .ofs_y = -1},
    {.bitmap_index = 5644, .adv_w = 256, .box_w = 14, .box_h = 14, .ofs_x = 2, .ofs_y = -1},
    {.bitmap_index = 5669, .adv_w = 256, .box_w = 13, .box_h = 14, .ofs_x = 2, .ofs_y = -1},
    {.bitmap_index = 5692, .adv_w = 256, .box_w = 13, .box_h = 14, .ofs_x = 2, .ofs_y = -1},
    {.bitmap_index = 5715, .adv_w = 256, .box_w = 13, .box_h = 14, .ofs_x = 1, .ofs_y = -1},
    {.bitmap_index = 5738, .adv_w = 256, .box_w = 13, .box_h = 14, .ofs_x = 1, .ofs_y = -1},
    {.bitmap_index = 5761, .adv_w = 256, .box_w = 13, .box_h = 14, .ofs_x = 1, .ofs_y = -1},
    {.bitmap_index = 5784, .adv_w = 256, .box_w = 14, .box_h = 14, .ofs_x = 1, .ofs_y = -1},
    {.bitmap_index = 5809, .adv_w = 256, .box_w = 14, .box_h = 14, .ofs_x = 2, .ofs_y = -1},
    {.bitmap_index = 5834, .adv_w = 256, .box_w = 12, .box_h = 14, .ofs_x = 2, .ofs_y = -1},
    {.bitmap_index = 5855, .adv_w = 256, .box_w = 12, .box_h = 14, .ofs_x = 2, .ofs_y = -1},
    {.bitmap_index = 5876, .adv_w = 256, .box_w = 12, .box_h = 14, .ofs_x = 2, .ofs_y = -1},
    {.bitmap_index = 5897, .adv_w = 256, .box_w = 12, .box_h = 14, .ofs_x = 2, .ofs_y = -1},
    {.bitmap_index = 5918, .adv_w = 256, .box_w = 12, .box_h = 14, .ofs_x = 2, .ofs_y = -1},
    {.bitmap_index = 5939, .adv_w = 256, .box_w = 13, .box_h = 14, .ofs_x = 2, .ofs_y = -1},
    {.bitmap_index = 5962, .adv_w = 256, .box_w = 13, .box_h = 14, .ofs_x = 2, .ofs_y = -1},
    {.bitmap_index = 5985, .adv_w = 256, .box_w = 13, .box_h = 14, .ofs_x = 2, .ofs_y = -1},
    {.bitmap_index = 6008, .adv_w = 256, .box_w = 12, .box_h = 14, .ofs_x = 2, .ofs_y = -1},
    {.bitmap_index = 6029, .adv_w = 256, .box_w = 12, .box_h = 14, .ofs_x = 2, .ofs_y = -1},
    {.bitmap_index = 6050, .adv_w = 256, .box_w = 12, .box_h = 14, .ofs_x = 2, .ofs_y = -1},
    {.bitmap_index = 6071, .adv_w = 256, .box_w = 12, .box_h = 14, .ofs_x = 2, .ofs_y = -1},
    {.bitmap_index = 6092, .adv_w = 256, .box_w = 12, .box_h = 14, .ofs_x = 2, .ofs_y = -1},
    {.bitmap_index = 6113, .adv_w = 256, .box_w = 12, .box_h = 14, .ofs_x = 2, .ofs_y = -1},
    {.bitmap_index = 6134, .adv_w = 256, .box_w = 13, .box_h = 14, .ofs_x = 2, .ofs_y = -1},
    {.bitmap_index = 6157, .adv_w = 256, .box_w = 14, .box_h = 11, .ofs_x = 1, .ofs_y = 1},
    {.bitmap_index = 6177, .adv_w = 256, .box_w = 14, .box_h = 14, .ofs_x = 1, .ofs_y = -1},
    {.bitmap_index = 6202, .adv_w = 256, .box_w = 14, .box_h = 14, .ofs_x = 1, .ofs_y = -1},
    {.bitmap_index = 6227, .adv_w = 256, .box_w = 14, .box_h = 14, .ofs_x = 1, .ofs_y = -1},
    {.bitmap_index = 6252, .adv_w = 256, .box_w = 14, .box_h = 14, .ofs_x = 1, .ofs_y = -1},
    {.bitmap_index = 6277, .adv_w = 256, .box_w = 14, .box_h = 14, .ofs_x = 1, .ofs_y = -1},
    {.bitmap_index = 6302, .adv_w = 256, .box_w = 14, .box_h = 11, .ofs_x = 1, .ofs_y = 1},
    {.bitmap_index = 6322, .adv_w = 256, .box_w = 14, .box_h = 14, .ofs_x = 1, .ofs_y = -1},
    {.bitmap_index = 6347, .adv_w = 256, .box_w = 14, .box_h = 14, .ofs_x = 1, .ofs_y = -1},
    {.bitmap_index = 6372, .adv_w = 256, .box_w = 14, .box_h = 14, .ofs_x = 0, .ofs_y = -1},
    {.bitmap_index = 6397, .adv_w = 256, .box_w = 14, .box_h = 14, .ofs_x = 1, .ofs_y = -1},
    {.bitmap_index = 6422, .adv_w = 256, .box_w = 14, .box_h = 14, .ofs_x = 1, .ofs_y = -1},
    {.bitmap_index = 6447, .adv_w = 256, .box_w = 14, .box_h = 14, .ofs_x = 1, .ofs_y = -1},
    {.bitmap_index = 6472, .adv_w = 256, .box_w = 14, .box_h = 11, .ofs_x = 1, .ofs_y = 1},
    {.bitmap_index = 6492, .adv_w = 256, .box_w = 14, .box_h = 14, .ofs_x = 1, .ofs_y = -1},
    {.bitmap_index = 6517, .adv_w = 256, .box_w = 14, .box_h = 14, .ofs_x = 1, .ofs_y = -1},
    {.bitmap_index = 6542, .adv_w = 256, .box_w = 14, .box_h = 14, .ofs_x = 1, .ofs_y = -1},
    {.bitmap_index = 6567, .adv_w = 256, .box_w = 14, .box_h = 14, .ofs_x = 1, .ofs_y = -1},
    {.bitmap_index = 6592, .adv_w = 256, .box_w = 12, .box_h = 14, .ofs_x = 2, .ofs_y = -1},
    {.bitmap_index = 6613, .adv_w = 256, .box_w = 12, .box_h = 14, .ofs_x = 2, .ofs_y = -1},
    {.bitmap_index = 6634, .adv_w = 256, .box_w = 12, .box_h = 14, .ofs_x = 2, .ofs_y = -1},
    {.bitmap_index = 6655, .adv_w = 256, .box_w = 13, .box_h = 15, .ofs_x = 2, .ofs_y = -2},
    {.bitmap_index = 6680, .adv_w = 256, .box_w = 13, .box_h = 14, .ofs_x = 2, .ofs_y = -1},
    {.bitmap_index = 6703, .adv_w = 256, .box_w = 14, .box_h = 14, .ofs_x = 2, .ofs_y = -1},
    {.bitmap_index = 6728, .adv_w = 256, .box_w = 13, .box_h = 14, .ofs_x = 2, .ofs_y = -1},
    {.bitmap_index = 6751, .adv_w = 256, .box_w = 14, .box_h = 14, .ofs_x = 2, .ofs_y = -1},
    {.bitmap_index = 6776, .adv_w = 256, .box_w = 14, .box_h = 14, .ofs_x = 2, .ofs_y = -1},
    {.bitmap_index = 6801, .adv_w = 256, .box_w = 14, .box_h = 15, .ofs_x = 2, .ofs_y = -2},
    {.bitmap_index = 6828, .adv_w = 256, .box_w = 14, .box_h = 14, .ofs_x = 2, .ofs_y = -1},
    {.bitmap_index = 6853, .adv_w = 256, .box_w = 14, .box_h = 14, .ofs_x = 2, .ofs_y = -1},
    {.bitmap_index = 6878, .adv_w = 256, .box_w = 14, .box_h = 14, .ofs_x = 2, .ofs_y = -1},
    {.bitmap_index = 6903, .adv_w = 256, .box_w = 13, .box_h = 14, .ofs_x = 2, .ofs_y = -1},
    {.bitmap_index = 6926, .adv_w = 256, .box_w = 13, .box_h = 14, .ofs_x = 2, .ofs_y = -1},
    {.bitmap_index = 6949, .adv_w = 256, .box_w = 13, .box_h = 14, .ofs_x = 2, .ofs_y = -1},
    {.bitmap_index = 6972, .adv_w = 256, .box_w = 13, .box_h = 14, .ofs_x = 2, .ofs_y = -1},
    {.bitmap_index = 6995, .adv_w = 256, .box_w = 14, .box_h = 13, .ofs_x = 2, .ofs_y = 0},
    {.bitmap_index = 7018, .adv_w = 256, .box_w = 12, .box_h = 14, .ofs_x = 2, .ofs_y = -1},
    {.bitmap_index = 7039, .adv_w = 256, .box_w = 12, .box_h = 14, .ofs_x = 2, .ofs_y = -1},
    {.bitmap_index = 7060, .adv_w = 256, .box_w = 12, .box_h = 14, .ofs_x = 2, .ofs_y = -1},
    {.bitmap_index = 7081, .adv_w = 256, .box_w = 12, .box_h = 14, .ofs_x = 2, .ofs_y = -1},
    {.bitmap_index = 7102, .adv_w = 256, .box_w = 12, .box_h = 14, .ofs_x = 2, .ofs_y = -1},
    {.bitmap_index = 7123, .adv_w = 256, .box_w = 13, .box_h = 15, .ofs_x = 2, .ofs_y = -2},
    {.bitmap_index = 7148, .adv_w = 256, .box_w = 12, .box_h = 14, .ofs_x = 2, .ofs_y = -1},
    {.bitmap_index = 7169, .adv_w = 256, .box_w = 13, .box_h = 14, .ofs_x = 2, .ofs_y = -1},
    {.bitmap_index = 7192, .adv_w = 256, .box_w = 12, .box_h = 14, .ofs_x = 2, .ofs_y = -1},
    {.bitmap_index = 7213, .adv_w = 256, .box_w = 12, .box_h = 14, .ofs_x = 2, .ofs_y = -1},
    {.bitmap_index = 7234, .adv_w = 256, .box_w = 12, .box_h = 14, .ofs_x = 2, .ofs_y = -1},
    {.bitmap_index = 7255, .adv_w = 256, .box_w = 13, .box_h = 14, .ofs_x = 2, .ofs_y = -1},
    {.bitmap_index = 7278, .adv_w = 256, .box_w = 14, .box_h = 11, .ofs_x = 1, .ofs_y = 1},
    {.bitmap_index = 7298, .adv_w = 256, .box_w = 14, .box_h = 14, .ofs_x = 1, .ofs_y = -1},
    {.bitmap_index = 7323, .adv_w = 256, .box_w = 14, .box_h = 14, .ofs_x = 1, .ofs_y = -1},
    {.bitmap_index = 7348, .adv_w = 256, .box_w = 14, .box_h = 14, .ofs_x = 1, .ofs_y = -1},
    {.bitmap_index = 7373, .adv_w = 256, .box_w = 14, .box_h = 14, .ofs_x = 1, .ofs_y = -1},
    {.bitmap_index = 7398, .adv_w = 256, .box_w = 14, .box_h = 14, .ofs_x = 1, .ofs_y = -1},
    {.bitmap_index = 7423, .adv_w = 256, .box_w = 14, .box_h = 14, .ofs_x = 1, .ofs_y = -1},
    {.bitmap_index = 7448, .adv_w = 256, .box_w = 14, .box_h = 14, .ofs_x = 1, .ofs_y = -1},
    {.bitmap_index = 7473, .adv_w = 256, .box_w = 14, .box_h = 14, .ofs_x = 1, .ofs_y = -1},
    {.bitmap_index = 7498, .adv_w = 256, .box_w = 14, .box_h = 14, .ofs_x = 1, .ofs_y = -1},
    {.bitmap_index = 7523, .adv_w = 256, .box_w = 14, .box_h = 14, .ofs_x = 1, .ofs_y = -1},
    {.bitmap_index = 7548, .adv_w = 256, .box_w = 14, .box_h = 14, .ofs_x = 1, .ofs_y = -1},
    {.bitmap_index = 7573, .adv_w = 256, .box_w = 14, .box_h = 14, .ofs_x = 1, .ofs_y = -1},
    {.bitmap_index = 7598, .adv_w = 256, .box_w = 14, .box_h = 14, .ofs_x = 0, .ofs_y = -1},
    {.bitmap_index = 7623, .adv_w = 256, .box_w = 12, .box_h = 14, .ofs_x = 2, .ofs_y = -1},
    {.bitmap_index = 7644, .adv_w = 256, .box_w = 12, .box_h = 14, .ofs_x = 2, .ofs_y = -1},
    {.bitmap_index = 7665, .adv_w = 256, .box_w = 12, .box_h = 14, .ofs_x = 2, .ofs_y = -1},
    {.bitmap_index = 7686, .adv_w = 256, .box_w = 12, .box_h = 14, .ofs_x = 2, .ofs_y = -1},
    {.bitmap_index = 7707, .adv_w = 256, .box_w = 13, .box_h = 14, .ofs_x = 2, .ofs_y = -1},
    {.bitmap_index = 7730, .adv_w = 256, .box_w = 14, .box_h = 14, .ofs_x = 2, .ofs_y = -1},
    {.bitmap_index = 7755, .adv_w = 256, .box_w = 14, .box_h = 14, .ofs_x = 2, .ofs_y = -1},
    {.bitmap_index = 7780, .adv_w = 256, .box_w = 14, .box_h = 14, .ofs_x = 2, .ofs_y = -1},
    {.bitmap_index = 7805, .adv_w = 256, .box_w = 14, .box_h = 14, .ofs_x = 2, .ofs_y = -1},
    {.bitmap_index = 7830, .adv_w = 256, .box_w = 14, .box_h = 14, .ofs_x = 2, .ofs_y = -1},
    {.bitmap_index = 7855, .adv_w = 256, .box_w = 13, .box_h = 14, .ofs_x = 2, .ofs_y = -1},
    {.bitmap_index = 7878, .adv_w = 256, .box_w = 13, .box_h = 14, .ofs_x = 2, .ofs_y = -1},
    {.bitmap_index = 7901, .adv_w = 256, .box_w = 13, .box_h = 14, .ofs_x = 2, .ofs_y = -1},
    {.bitmap_index = 7924, .adv_w = 256, .box_w = 14, .box_h = 14, .ofs_x = 2, .ofs_y = -1},
    {.bitmap_index = 7949, .adv_w = 256, .box_w = 14, .box_h = 14, .ofs_x = 2, .ofs_y = -1},
    {.bitmap_index = 7974, .adv_w = 256, .box_w = 13, .box_h = 14, .ofs_x = 2, .ofs_y = -1},
    {.bitmap_index = 7997, .adv_w = 256, .box_w = 13, .box_h = 14, .ofs_x = 2, .ofs_y = -1},
    {.bitmap_index = 8020, .adv_w = 256, .box_w = 13, .box_h = 14, .ofs_x = 2, .ofs_y = -1},
    {.bitmap_index = 8043, .adv_w = 256, .box_w = 14, .box_h = 14, .ofs_x = 2, .ofs_y = -1},
    {.bitmap_index = 8068, .adv_w = 256, .box_w = 12, .box_h = 14, .ofs_x = 2, .ofs_y = -1},
    {.bitmap_index = 8089, .adv_w = 256, .box_w = 12, .box_h = 14, .ofs_x = 2, .ofs_y = -1},
    {.bitmap_index = 8110, .adv_w = 256, .box_w = 12, .box_h = 14, .ofs_x = 2, .ofs_y = -1},
    {.bitmap_index = 8131, .adv_w = 256, .box_w = 12, .box_h = 14, .ofs_x = 2, .ofs_y = -1},
    {.bitmap_index = 8152, .adv_w = 256, .box_w = 12, .box_h = 14, .ofs_x = 2, .ofs_y = -1},
    {.bitmap_index = 8173, .adv_w = 256, .box_w = 13, .box_h = 15, .ofs_x = 2, .ofs_y = -2},
    {.bitmap_index = 8198, .adv_w = 256, .box_w = 12, .box_h = 14, .ofs_x = 2, .ofs_y = -1},
    {.bitmap_index = 8219, .adv_w = 256, .box_w = 12, .box_h = 14, .ofs_x = 2, .ofs_y = -1},
    {.bitmap_index = 8240, .adv_w = 256, .box_w = 12, .box_h = 14, .ofs_x = 2, .ofs_y = -1},
    {.bitmap_index = 8261, .adv_w = 256, .box_w = 12, .box_h = 14, .ofs_x = 2, .ofs_y = -1},
    {.bitmap_index = 8282, .adv_w = 256, .box_w = 12, .box_h = 14, .ofs_x = 2, .ofs_y = -1},
    {.bitmap_index = 8303, .adv_w = 256, .box_w = 14, .box_h = 11, .ofs_x = 1, .ofs_y = 1},
    {.bitmap_index = 8323, .adv_w = 256, .box_w = 14, .box_h = 14, .ofs_x = 1, .ofs_y = -1},
    {.bitmap_index = 8348, .adv_w = 256, .box_w = 14, .box_h = 14, .ofs_x = 1, .ofs_y = -1},
    {.bitmap_index = 8373, .adv_w = 256, .box_w = 14, .box_h = 14, .ofs_x = 1, .ofs_y = -1},
    {.bitmap_index = 8398, .adv_w = 256, .box_w = 14, .box_h = 14, .ofs_x = 1, .ofs_y = -1},
    {.bitmap_index = 8423, .adv_w = 256, .box_w = 14, .box_h = 14, .ofs_x = 1, .ofs_y = -1},
    {.bitmap_index = 8448, .adv_w = 256, .box_w = 14, .box_h = 14, .ofs_x = 1, .ofs_y = -1},
    {.bitmap_index = 8473, .adv_w = 256, .box_w = 14, .box_h = 14, .ofs_x = 1, .ofs_y = -1},
    {.bitmap_index = 8498, .adv_w = 256, .box_w = 14, .box_h = 14, .ofs_x = 1, .ofs_y = -1},
    {.bitmap_index = 8523, .adv_w = 256, .box_w = 14, .box_h = 14, .ofs_x = 1, .ofs_y = -1},
    {.bitmap_index = 8548, .adv_w = 256, .box_w = 14, .box_h = 14, .ofs_x = 1, .ofs_y = -1},
    {.bitmap_index = 8573, .adv_w = 256, .box_w = 14, .box_h = 14, .ofs_x = 1, .ofs_y = -1},
    {.bitmap_index = 8598, .adv_w = 256, .box_w = 14, .box_h = 14, .ofs_x = 1, .ofs_y = -1},
    {.bitmap_index = 8623, .adv_w = 256, .box_w = 14, .box_h = 11, .ofs_x = 1, .ofs_y = 1},
    {.bitmap_index = 8643, .adv_w = 256, .box_w = 14, .box_h = 14, .ofs_x = 1, .ofs_y = -1},
    {.bitmap_index = 8668, .adv_w = 256, .box_w = 12, .box_h = 14, .ofs_x = 2, .ofs_y = -1},
    {.bitmap_index = 8689, .adv_w = 256, .box_w = 12, .box_h = 14, .ofs_x = 2, .ofs_y = -1},
    {.bitmap_index = 8710, .adv_w = 256, .box_w = 13, .box_h = 14, .ofs_x = 2, .ofs_y = -1},
    {.bitmap_index = 8733, .adv_w = 256, .box_w = 15, .box_h = 14, .ofs_x = 1, .ofs_y = -1},
    {.bitmap_index = 8760, .adv_w = 256, .box_w = 15, .box_h = 14, .ofs_x = 1, .ofs_y = -1},
    {.bitmap_index = 8787, .adv_w = 256, .box_w = 15, .box_h = 14, .ofs_x = 1, .ofs_y = -1},
    {.bitmap_index = 8814, .adv_w = 256, .box_w = 14, .box_h = 14, .ofs_x = 1, .ofs_y = -1},
    {.bitmap_index = 8839, .adv_w = 256, .box_w = 15, .box_h = 14, .ofs_x = 1, .ofs_y = -1},
    {.bitmap_index = 8866, .adv_w = 256, .box_w = 13, .box_h = 14, .ofs_x = 1, .ofs_y = -1},
    {.bitmap_index = 8889, .adv_w = 256, .box_w = 14, .box_h = 14, .ofs_x = 1, .ofs_y = -1},
    {.bitmap_index = 8914, .adv_w = 256, .box_w = 13, .box_h = 14, .ofs_x = 1, .ofs_y = -1},
    {.bitmap_index = 8937, .adv_w = 256, .box_w = 13, .box_h = 14, .ofs_x = 1, .ofs_y = -1},
    {.bitmap_index = 8960, .adv_w = 256, .box_w = 14, .box_h = 14, .ofs_x = 1, .ofs_y = -1},
    {.bitmap_index = 8985, .adv_w = 256, .box_w = 14, .box_h = 14, .ofs_x = 1, .ofs_y = -1},
    {.bitmap_index = 9010, .adv_w = 256, .box_w = 14, .box_h = 12, .ofs_x = 1, .ofs_y = 1},
    {.bitmap_index = 9031, .adv_w = 256, .box_w = 14, .box_h = 14, .ofs_x = 1, .ofs_y = -1},
    {.bitmap_index = 9056, .adv_w = 256, .box_w = 15, .box_h = 14, .ofs_x = 1, .ofs_y = -1},
    {.bitmap_index = 9083, .adv_w = 256, .box_w = 14, .box_h = 14, .ofs_x = 1, .ofs_y = -1},
    {.bitmap_index = 9108, .adv_w = 256, .box_w = 14, .box_h = 14, .ofs_x = 1, .ofs_y = -1},
    {.bitmap_index = 9133, .adv_w = 256, .box_w = 14, .box_h = 14, .ofs_x = 1, .ofs_y = -1},
    {.bitmap_index = 9158, .adv_w = 256, .box_w = 15, .box_h = 14, .ofs_x = 0, .ofs_y = -1},
    {.bitmap_index = 9185, .adv_w = 256, .box_w = 13, .box_h = 14, .ofs_x = 1, .ofs_y = -1},
    {.bitmap_index = 9208, .adv_w = 256, .box_w = 13, .box_h = 14, .ofs_x = 1, .ofs_y = -1},
    {.bitmap_index = 9231, .adv_w = 256, .box_w = 13, .box_h = 14, .ofs_x = 1, .ofs_y = -1},
    {.bitmap_index = 9254, .adv_w = 256, .box_w = 13, .box_h = 14, .ofs_x = 1, .ofs_y = -1},
    {.bitmap_index = 9277, .adv_w = 256, .box_w = 13, .box_h = 14, .ofs_x = 1, .ofs_y = -1},
    {.bitmap_index = 9300, .adv_w = 256, .box_w = 13, .box_h = 14, .ofs_x = 0, .ofs_y = -1},
    {.bitmap_index = 9323, .adv_w = 256, .box_w = 12, .box_h = 14, .ofs_x = 1, .ofs_y = -1},
    {.bitmap_index = 9344, .adv_w = 256, .box_w = 13, .box_h = 14, .ofs_x = 1, .ofs_y = -1},
    {.bitmap_index = 9367, .adv_w = 256, .box_w = 13, .box_h = 14, .ofs_x = 1, .ofs_y = -1},
    {.bitmap_index = 9390, .adv_w = 256, .box_w = 13, .box_h = 14, .ofs_x = 1, .ofs_y = -1},
    {.bitmap_index = 9413, .adv_w = 256, .box_w = 13, .box_h = 14, .ofs_x = 1, .ofs_y = -1},
    {.bitmap_index = 9436, .adv_w = 256, .box_w = 13, .box_h = 14, .ofs_x = 1, .ofs_y = -1},
    {.bitmap_index = 9459, .adv_w = 256, .box_w = 14, .box_h = 14, .ofs_x = 1, .ofs_y = -1},
    {.bitmap_index = 9484, .adv_w = 256, .box_w = 13, .box_h = 14, .ofs_x = 1, .ofs_y = -1},
    {.bitmap_index = 9507, .adv_w = 256, .box_w = 14, .box_h = 12, .ofs_x = 1, .ofs_y = 1},
    {.bitmap_index = 9528, .adv_w = 256, .box_w = 14, .box_h = 14, .ofs_x = 1, .ofs_y = -1},
    {.bitmap_index = 9553, .adv_w = 256, .box_w = 14, .box_h = 14, .ofs_x = 1, .ofs_y = -1},
    {.bitmap_index = 9578, .adv_w = 256, .box_w = 14, .box_h = 14, .ofs_x = 1, .ofs_y = -1},
    {.bitmap_index = 9603, .adv_w = 256, .box_w = 14, .box_h = 14, .ofs_x = 1, .ofs_y = -1},
    {.bitmap_index = 9628, .adv_w = 256, .box_w = 14, .box_h = 14, .ofs_x = 1, .ofs_y = -1},
    {.bitmap_index = 9653, .adv_w = 256, .box_w = 14, .box_h = 14, .ofs_x = 1, .ofs_y = -1},
    {.bitmap_index = 9678, .adv_w = 256, .box_w = 13, .box_h = 14, .ofs_x = 1, .ofs_y = -1},
    {.bitmap_index = 9701, .adv_w = 256, .box_w = 14, .box_h = 14, .ofs_x = 0, .ofs_y = -1},
    {.bitmap_index = 9726, .adv_w = 256, .box_w = 14, .box_h = 14, .ofs_x = 1, .ofs_y = -1},
    {.bitmap_index = 9751, .adv_w = 256, .box_w = 14, .box_h = 14, .ofs_x = 1, .ofs_y = -1},
    {.bitmap_index = 9776, .adv_w = 256, .box_w = 14, .box_h = 14, .ofs_x = 1, .ofs_y = -1},
    {.bitmap_index = 9801, .adv_w = 256, .box_w = 14, .box_h = 14, .ofs_x = 1, .ofs_y = -1},
    {.bitmap_index = 9826, .adv_w = 256, .box_w = 14, .box_h = 14, .ofs_x = 1, .ofs_y = -1},
    {.bitmap_index = 9851, .adv_w = 256, .box_w = 14, .box_h = 14, .ofs_x = 1, .ofs_y = -1},
    {.bitmap_index = 9876, .adv_w = 256, .box_w = 13, .box_h = 14, .ofs_x = 1, .ofs_y = -1},
    {.bitmap_index = 9899, .adv_w = 256, .box_w = 13, .box_h = 14, .ofs_x = 1, .ofs_y = -1},
    {.bitmap_index = 9922, .adv_w = 256, .box_w = 14, .box_h = 12, .ofs_x = 1, .ofs_y = 1},
    {.bitmap_index = 9943, .adv_w = 256, .box_w = 14, .box_h = 14, .ofs_x = 1, .ofs_y = -1},
    {.bitmap_index = 9968, .adv_w = 256, .box_w = 14, .box_h = 14, .ofs_x = 1, .ofs_y = -1},
    {.bitmap_index = 9993, .adv_w = 256, .box_w = 14, .box_h = 14, .ofs_x = 1, .ofs_y = -1},
    {.bitmap_index = 10018, .adv_w = 256, .box_w = 13, .box_h = 14, .ofs_x = 1, .ofs_y = -1},
    {.bitmap_index = 10041, .adv_w = 256, .box_w = 13, .box_h = 14, .ofs_x = 1, .ofs_y = -1},
    {.bitmap_index = 10064, .adv_w = 256, .box_w = 13, .box_h = 14, .ofs_x = 1, .ofs_y = -1},
    {.bitmap_index = 10087, .adv_w = 256, .box_w = 13, .box_h = 14, .ofs_x = 1, .ofs_y = -1},
    {.bitmap_index = 10110, .adv_w = 256, .box_w = 13, .box_h = 14, .ofs_x = 1, .ofs_y = -1},
    {.bitmap_index = 10133, .adv_w = 256, .box_w = 13, .box_h = 14, .ofs_x = 1, .ofs_y = -1},
    {.bitmap_index = 10156, .adv_w = 256, .box_w = 13, .box_h = 14, .ofs_x = 1, .ofs_y = -1},
    {.bitmap_index = 10179, .adv_w = 256, .box_w = 13, .box_h = 14, .ofs_x = 1, .ofs_y = -1},
    {.bitmap_index = 10202, .adv_w = 256, .box_w = 14, .box_h = 14, .ofs_x = 1, .ofs_y = -1},
    {.bitmap_index = 10227, .adv_w = 256, .box_w = 15, .box_h = 14, .ofs_x = 1, .ofs_y = -1},
    {.bitmap_index = 10254, .adv_w = 256, .box_w = 14, .box_h = 14, .ofs_x = 1, .ofs_y = -1},
    {.bitmap_index = 10279, .adv_w = 256, .box_w = 13, .box_h = 14, .ofs_x = 1, .ofs_y = -1},
    {.bitmap_index = 10302, .adv_w = 256, .box_w = 13, .box_h = 14, .ofs_x = 1, .ofs_y = -1},
    {.bitmap_index = 10325, .adv_w = 256, .box_w = 14, .box_h = 14, .ofs_x = 0, .ofs_y = -1},
    {.bitmap_index = 10350, .adv_w = 256, .box_w = 14, .box_h = 11, .ofs_x = 1, .ofs_y = 1},
    {.bitmap_index = 10370, .adv_w = 256, .box_w = 14, .box_h = 14, .ofs_x = 1, .ofs_y = -1},
    {.bitmap_index = 10395, .adv_w = 256, .box_w = 14, .box_h = 11, .ofs_x = 1, .ofs_y = 1},
    {.bitmap_index = 10415, .adv_w = 256, .box_w = 14, .box_h = 14, .ofs_x = 1, .ofs_y = -1},
    {.bitmap_index = 10440, .adv_w = 256, .box_w = 13, .box_h = 14, .ofs_x = 1, .ofs_y = -1},
    {.bitmap_index = 10463, .adv_w = 256, .box_w = 13, .box_h = 14, .ofs_x = 1, .ofs_y = -1},
    {.bitmap_index = 10486, .adv_w = 256, .box_w = 13, .box_h = 14, .ofs_x = 1, .ofs_y = -1},
    {.bitmap_index = 10509, .adv_w = 256, .box_w = 14, .box_h = 14, .ofs_x = 1, .ofs_y = -1},
    {.bitmap_index = 10534, .adv_w = 256, .box_w = 14, .box_h = 14, .ofs_x = 1, .ofs_y = -1},
    {.bitmap_index = 10559, .adv_w = 256, .box_w = 14, .box_h = 14, .ofs_x = 1, .ofs_y = -1},
    {.bitmap_index = 10584, .adv_w = 256, .box_w = 15, .box_h = 14, .ofs_x = 1, .ofs_y = -1},
    {.bitmap_index = 10611, .adv_w = 256, .box_w = 14, .box_h = 14, .ofs_x = 1, .ofs_y = -1},
    {.bitmap_index = 10636, .adv_w = 256, .box_w = 14, .box_h = 14, .ofs_x = 1, .ofs_y = -1},
    {.bitmap_index = 10661, .adv_w = 256, .box_w = 14, .box_h = 14, .ofs_x = 1, .ofs_y = -1},
    {.bitmap_index = 10686, .adv_w = 256, .box_w = 14, .box_h = 14, .ofs_x = 1, .ofs_y = -1},
    {.bitmap_index = 10711, .adv_w = 256, .box_w = 14, .box_h = 14, .ofs_x = 1, .ofs_y = -1},
    {.bitmap_index = 10736, .adv_w = 256, .box_w = 13, .box_h = 14, .ofs_x = 1, .ofs_y = -1},
    {.bitmap_index = 10759, .adv_w = 256, .box_w = 13, .box_h = 14, .ofs_x = 1, .ofs_y = -1},
    {.bitmap_index = 10782, .adv_w = 256, .box_w = 14, .box_h = 14, .ofs_x = 1, .ofs_y = -1},
    {.bitmap_index = 10807, .adv_w = 256, .box_w = 14, .box_h = 14, .ofs_x = 1, .ofs_y = -1},
    {.bitmap_index = 10832, .adv_w = 256, .box_w = 14, .box_h = 14, .ofs_x = 1, .ofs_y = -1},
    {.bitmap_index = 10857, .adv_w = 256, .box_w = 14, .box_h = 14, .ofs_x = 1, .ofs_y = -1},
    {.bitmap_index = 10882, .adv_w = 256, .box_w = 14, .box_h = 14, .ofs_x = 1, .ofs_y = -1},
    {.bitmap_index = 10907, .adv_w = 256, .box_w = 13, .box_h = 14, .ofs_x = 1, .ofs_y = -1},
    {.bitmap_index = 10930, .adv_w = 256, .box_w = 13, .box_h = 14, .ofs_x = 1, .ofs_y = -1},
    {.bitmap_index = 10953, .adv_w = 256, .box_w = 12, .box_h = 14, .ofs_x = 1, .ofs_y = -1},
    {.bitmap_index = 10974, .adv_w = 256, .box_w = 13, .box_h = 14, .ofs_x = 1, .ofs_y = -1},
    {.bitmap_index = 10997, .adv_w = 256, .box_w = 14, .box_h = 14, .ofs_x = 1, .ofs_y = -1},
    {.bitmap_index = 11022, .adv_w = 256, .box_w = 13, .box_h = 14, .ofs_x = 1, .ofs_y = -1},
    {.bitmap_index = 11045, .adv_w = 256, .box_w = 12, .box_h = 14, .ofs_x = 1, .ofs_y = -1},
    {.bitmap_index = 11066, .adv_w = 256, .box_w = 12, .box_h = 14, .ofs_x = 1, .ofs_y = -1},
    {.bitmap_index = 11087, .adv_w = 256, .box_w = 14, .box_h = 15, .ofs_x = 1, .ofs_y = -2},
    {.bitmap_index = 11114, .adv_w = 256, .box_w = 12, .box_h = 14, .ofs_x = 1, .ofs_y = -1},
    {.bitmap_index = 11135, .adv_w = 256, .box_w = 12, .box_h = 14, .ofs_x = 1, .ofs_y = -1},
    {.bitmap_index = 11156, .adv_w = 256, .box_w = 13, .box_h = 14, .ofs_x = 1, .ofs_y = -1},
    {.bitmap_index = 11179, .adv_w = 256, .box_w = 12, .box_h = 14, .ofs_x = 1, .ofs_y = -1},
    {.bitmap_index = 11200, .adv_w = 256, .box_w = 12, .box_h = 14, .ofs_x = 1, .ofs_y = -1},
    {.bitmap_index = 11221, .adv_w = 256, .box_w = 13, .box_h = 14, .ofs_x = 1, .ofs_y = -1},
    {.bitmap_index = 11244, .adv_w = 256, .box_w = 13, .box_h = 14, .ofs_x = 1, .ofs_y = -1},
    {.bitmap_index = 11267, .adv_w = 256, .box_w = 13, .box_h = 14, .ofs_x = 1, .ofs_y = -1},
    {.bitmap_index = 11290, .adv_w = 256, .box_w = 12, .box_h = 14, .ofs_x = 1, .ofs_y = -1},
    {.bitmap_index = 11311, .adv_w = 256, .box_w = 12, .box_h = 14, .ofs_x = 1, .ofs_y = -1},
    {.bitmap_index = 11332, .adv_w = 256, .box_w = 13, .box_h = 14, .ofs_x = 1, .ofs_y = -1},
    {.bitmap_index = 11355, .adv_w = 256, .box_w = 14, .box_h = 15, .ofs_x = 1, .ofs_y = -2},
    {.bitmap_index = 11382, .adv_w = 256, .box_w = 14, .box_h = 12, .ofs_x = 1, .ofs_y = 1},
    {.bitmap_index = 11403, .adv_w = 256, .box_w = 14, .box_h = 14, .ofs_x = 1, .ofs_y = -1},
    {.bitmap_index = 11428, .adv_w = 256, .box_w = 14, .box_h = 14, .ofs_x = 1, .ofs_y = -1},
    {.bitmap_index = 11453, .adv_w = 256, .box_w = 14, .box_h = 14, .ofs_x = 1, .ofs_y = -1},
    {.bitmap_index = 11478, .adv_w = 256, .box_w = 14, .box_h = 14, .ofs_x = 1, .ofs_y = -1},
    {.bitmap_index = 11503, .adv_w = 256, .box_w = 15, .box_h = 14, .ofs_x = 0, .ofs_y = -1},
    {.bitmap_index = 11530, .adv_w = 256, .box_w = 14, .box_h = 14, .ofs_x = 1, .ofs_y = -1},
    {.bitmap_index = 11555, .adv_w = 256, .box_w = 15, .box_h = 14, .ofs_x = 1, .ofs_y = -1},
    {.bitmap_index = 11582, .adv_w = 256, .box_w = 14, .box_h = 14, .ofs_x = 0, .ofs_y = -1},
    {.bitmap_index = 11607, .adv_w = 256, .box_w = 14, .box_h = 14, .ofs_x = 0, .ofs_y = -1},
    {.bitmap_index = 11632, .adv_w = 256, .box_w = 13, .box_h = 14, .ofs_x = 1, .ofs_y = -1},
    {.bitmap_index = 11655, .adv_w = 256, .box_w = 13, .box_h = 14, .ofs_x = 1, .ofs_y = -1},
    {.bitmap_index = 11678, .adv_w = 256, .box_w = 14, .box_h = 12, .ofs_x = 1, .ofs_y = 1},
    {.bitmap_index = 11699, .adv_w = 256, .box_w = 14, .box_h = 14, .ofs_x = 1, .ofs_y = -1},
    {.bitmap_index = 11724, .adv_w = 256, .box_w = 14, .box_h = 14, .ofs_x = 1, .ofs_y = -1},
    {.bitmap_index = 11749, .adv_w = 256, .box_w = 14, .box_h = 14, .ofs_x = 1, .ofs_y = -1},
    {.bitmap_index = 11774, .adv_w = 256, .box_w = 14, .box_h = 14, .ofs_x = 1, .ofs_y = -1},
    {.bitmap_index = 11799, .adv_w = 256, .box_w = 14, .box_h = 14, .ofs_x = 1, .ofs_y = -1},
    {.bitmap_index = 11824, .adv_w = 256, .box_w = 14, .box_h = 14, .ofs_x = 1, .ofs_y = -1},
    {.bitmap_index = 11849, .adv_w = 256, .box_w = 14, .box_h = 14, .ofs_x = 1, .ofs_y = -1},
    {.bitmap_index = 11874, .adv_w = 256, .box_w = 14, .box_h = 14, .ofs_x = 1, .ofs_y = -1},
    {.bitmap_index = 11899, .adv_w = 256, .box_w = 13, .box_h = 14, .ofs_x = 1, .ofs_y = -1},
    {.bitmap_index = 11922, .adv_w = 256, .box_w = 13, .box_h = 14, .ofs_x = 1, .ofs_y = -1},
    {.bitmap_index = 11945, .adv_w = 256, .box_w = 13, .box_h = 14, .ofs_x = 1, .ofs_y = -1},
    {.bitmap_index = 11968, .adv_w = 256, .box_w = 14, .box_h = 14, .ofs_x = 0, .ofs_y = -1},
    {.bitmap_index = 11993, .adv_w = 256, .box_w = 14, .box_h = 14, .ofs_x = 0, .ofs_y = -1},
    {.bitmap_index = 12018, .adv_w = 256, .box_w = 13, .box_h = 14, .ofs_x = 1, .ofs_y = -1},
    {.bitmap_index = 12041, .adv_w = 256, .box_w = 14, .box_h = 14, .ofs_x = 1, .ofs_y = -1},
    {.bitmap_index = 12066, .adv_w = 256, .box_w = 14, .box_h = 14, .ofs_x = 1, .ofs_y = -1},
    {.bitmap_index = 12091, .adv_w = 256, .box_w = 14, .box_h = 14, .ofs_x = 1, .ofs_y = -1},
    {.bitmap_index = 12116, .adv_w = 256, .box_w = 14, .box_h = 12, .ofs_x = 1, .ofs_y = 1},
    {.bitmap_index = 12137, .adv_w = 256, .box_w = 14, .box_h = 14, .ofs_x = 1, .ofs_y = -1},
    {.bitmap_index = 12162, .adv_w = 256, .box_w = 14, .box_h = 14, .ofs_x = 1, .ofs_y = -1},
    {.bitmap_index = 12187, .adv_w = 256, .box_w = 14, .box_h = 14, .ofs_x = 1, .ofs_y = -1},
    {.bitmap_index = 12212, .adv_w = 256, .box_w = 14, .box_h = 14, .ofs_x = 1, .ofs_y = -1},
    {.bitmap_index = 12237, .adv_w = 256, .box_w = 14, .box_h = 14, .ofs_x = 1, .ofs_y = -1},
    {.bitmap_index = 12262, .adv_w = 256, .box_w = 13, .box_h = 14, .ofs_x = 1, .ofs_y = -1},
    {.bitmap_index = 12285, .adv_w = 256, .box_w = 12, .box_h = 14, .ofs_x = 1, .ofs_y = -1},
    {.bitmap_index = 12306, .adv_w = 256, .box_w = 12, .box_h = 14, .ofs_x = 1, .ofs_y = -1},
    {.bitmap_index = 12327, .adv_w = 256, .box_w = 13, .box_h = 14, .ofs_x = 1, .ofs_y = -1},
    {.bitmap_index = 12350, .adv_w = 256, .box_w = 13, .box_h = 14, .ofs_x = 1, .ofs_y = -1},
    {.bitmap_index = 12373, .adv_w = 256, .box_w = 13, .box_h = 14, .ofs_x = 2, .ofs_y = -1},
    {.bitmap_index = 12396, .adv_w = 256, .box_w = 12, .box_h = 14, .ofs_x = 2, .ofs_y = -1},
    {.bitmap_index = 12417, .adv_w = 256, .box_w = 12, .box_h = 14, .ofs_x = 2, .ofs_y = -1},
    {.bitmap_index = 12438, .adv_w = 256, .box_w = 13, .box_h = 15, .ofs_x = 1, .ofs_y = -2},
    {.bitmap_index = 12463, .adv_w = 256, .box_w = 13, .box_h = 14, .ofs_x = 1, .ofs_y = -1},
    {.bitmap_index = 12486, .adv_w = 256, .box_w = 13, .box_h = 14, .ofs_x = 1, .ofs_y = -1},
    {.bitmap_index = 12509, .adv_w = 256, .box_w = 15, .box_h = 14, .ofs_x = 1, .ofs_y = -1},
    {.bitmap_index = 12536, .adv_w = 256, .box_w = 15, .box_h = 14, .ofs_x = 0, .ofs_y = -1},
    {.bitmap_index = 12563, .adv_w = 256, .box_w = 15, .box_h = 14, .ofs_x = 0, .ofs_y = -1},
    {.bitmap_index = 12590, .adv_w = 256, .box_w = 15, .box_h = 14, .ofs_x = 0, .ofs_y = -1},
    {.bitmap_index = 12617, .adv_w = 256, .box_w = 15, .box_h = 14, .ofs_x = 0, .ofs_y = -1},
    {.bitmap_index = 12644, .adv_w = 256, .box_w = 15, .box_h = 14, .ofs_x = 0, .ofs_y = -1},
    {.bitmap_index = 12671, .adv_w = 256, .box_w = 15, .box_h = 14, .ofs_x = 0, .ofs_y = -1},
    {.bitmap_index = 12698, .adv_w = 256, .box_w = 14, .box_h = 14, .ofs_x = 0, .ofs_y = -1},
    {.bitmap_index = 12723, .adv_w = 256, .box_w = 14, .box_h = 14, .ofs_x = 0, .ofs_y = -1},
    {.bitmap_index = 12748, .adv_w = 256, .box_w = 13, .box_h = 14, .ofs_x = 0, .ofs_y = -1},
    {.bitmap_index = 12771, .adv_w = 256, .box_w = 13, .box_h = 14, .ofs_x = 1, .ofs_y = -1},
    {.bitmap_index = 12794, .adv_w = 256, .box_w = 13, .box_h = 14, .ofs_x = 1, .ofs_y = -1},
    {.bitmap_index = 12817, .adv_w = 256, .box_w = 13, .box_h = 14, .ofs_x = 1, .ofs_y = -1},
    {.bitmap_index = 12840, .adv_w = 256, .box_w = 13, .box_h = 14, .ofs_x = 1, .ofs_y = -1},
    {.bitmap_index = 12863, .adv_w = 256, .box_w = 13, .box_h = 14, .ofs_x = 1, .ofs_y = -1},
    {.bitmap_index = 12886, .adv_w = 256, .box_w = 13, .box_h = 14, .ofs_x = 1, .ofs_y = -1},
    {.bitmap_index = 12909, .adv_w = 256, .box_w = 14, .box_h = 15, .ofs_x = 0, .ofs_y = -2},
    {.bitmap_index = 12936, .adv_w = 256, .box_w = 13, .box_h = 14, .ofs_x = 0, .ofs_y = -1},
    {.bitmap_index = 12959, .adv_w = 256, .box_w = 14, .box_h = 14, .ofs_x = 0, .ofs_y = -1},
    {.bitmap_index = 12984, .adv_w = 256, .box_w = 14, .box_h = 14, .ofs_x = 0, .ofs_y = -1},
    {.bitmap_index = 13009, .adv_w = 256, .box_w = 14, .box_h = 14, .ofs_x = 0, .ofs_y = -1},
    {.bitmap_index = 13034, .adv_w = 256, .box_w = 13, .box_h = 14, .ofs_x = 1, .ofs_y = -1},
    {.bitmap_index = 13057, .adv_w = 256, .box_w = 14, .box_h = 11, .ofs_x = 1, .ofs_y = 1},
    {.bitmap_index = 13077, .adv_w = 256, .box_w = 14, .box_h = 14, .ofs_x = 1, .ofs_y = -1},
    {.bitmap_index = 13102, .adv_w = 256, .box_w = 14, .box_h = 14, .ofs_x = 1, .ofs_y = -1},
    {.bitmap_index = 13127, .adv_w = 256, .box_w = 14, .box_h = 14, .ofs_x = 1, .ofs_y = -1},
    {.bitmap_index = 13152, .adv_w = 256, .box_w = 14, .box_h = 14, .ofs_x = 1, .ofs_y = -1},
    {.bitmap_index = 13177, .adv_w = 256, .box_w = 14, .box_h = 14, .ofs_x = 1, .ofs_y = -1},
    {.bitmap_index = 13202, .adv_w = 256, .box_w = 14, .box_h = 14, .ofs_x = 1, .ofs_y = -1},
    {.bitmap_index = 13227, .adv_w = 256, .box_w = 15, .box_h = 14, .ofs_x = 1, .ofs_y = -1},
    {.bitmap_index = 13254, .adv_w = 256, .box_w = 13, .box_h = 14, .ofs_x = 1, .ofs_y = -1},
    {.bitmap_index = 13277, .adv_w = 256, .box_w = 14, .box_h = 14, .ofs_x = 1, .ofs_y = -1},
    {.bitmap_index = 13302, .adv_w = 256, .box_w = 14, .box_h = 14, .ofs_x = 1, .ofs_y = -1},
    {.bitmap_index = 13327, .adv_w = 256, .box_w = 14, .box_h = 14, .ofs_x = 1, .ofs_y = -1},
    {.bitmap_index = 13352, .adv_w = 256, .box_w = 14, .box_h = 14, .ofs_x = 1, .ofs_y = -1},
    {.bitmap_index = 13377, .adv_w = 256, .box_w = 14, .box_h = 14, .ofs_x = 1, .ofs_y = -1},
    {.bitmap_index = 13402, .adv_w = 256, .box_w = 14, .box_h = 14, .ofs_x = 1, .ofs_y = -1},
    {.bitmap_index = 13427, .adv_w = 256, .box_w = 14, .box_h = 14, .ofs_x = 1, .ofs_y = -1},
    {.bitmap_index = 13452, .adv_w = 256, .box_w = 13, .box_h = 14, .ofs_x = 1, .ofs_y = -1},
    {.bitmap_index = 13475, .adv_w = 256, .box_w = 14, .box_h = 11, .ofs_x = 1, .ofs_y = 1},
    {.bitmap_index = 13495, .adv_w = 256, .box_w = 14, .box_h = 14, .ofs_x = 1, .ofs_y = -1},
    {.bitmap_index = 13520, .adv_w = 256, .box_w = 14, .box_h = 14, .ofs_x = 1, .ofs_y = -1},
    {.bitmap_index = 13545, .adv_w = 256, .box_w = 14, .box_h = 14, .ofs_x = 1, .ofs_y = -1},
    {.bitmap_index = 13570, .adv_w = 256, .box_w = 13, .box_h = 14, .ofs_x = 1, .ofs_y = -1},
    {.bitmap_index = 13593, .adv_w = 256, .box_w = 13, .box_h = 14, .ofs_x = 1, .ofs_y = -1},
    {.bitmap_index = 13616, .adv_w = 256, .box_w = 13, .box_h = 14, .ofs_x = 1, .ofs_y = -1},
    {.bitmap_index = 13639, .adv_w = 256, .box_w = 13, .box_h = 14, .ofs_x = 1, .ofs_y = -1},
    {.bitmap_index = 13662, .adv_w = 256, .box_w = 13, .box_h = 14, .ofs_x = 1, .ofs_y = -1},
    {.bitmap_index = 13685, .adv_w = 256, .box_w = 13, .box_h = 14, .ofs_x = 1, .ofs_y = -1},
    {.bitmap_index = 13708, .adv_w = 256, .box_w = 14, .box_h = 15, .ofs_x = 1, .ofs_y = -2},
    {.bitmap_index = 13735, .adv_w = 256, .box_w = 13, .box_h = 14, .ofs_x = 1, .ofs_y = -1},
    {.bitmap_index = 13758, .adv_w = 256, .box_w = 13, .box_h = 14, .ofs_x = 1, .ofs_y = -1},
    {.bitmap_index = 13781, .adv_w = 256, .box_w = 13, .box_h = 14, .ofs_x = 1, .ofs_y = -1},
    {.bitmap_index = 13804, .adv_w = 256, .box_w = 15, .box_h = 14, .ofs_x = 0, .ofs_y = -1},
    {.bitmap_index = 13831, .adv_w = 256, .box_w = 15, .box_h = 14, .ofs_x = 0, .ofs_y = -1},
    {.bitmap_index = 13858, .adv_w = 256, .box_w = 13, .box_h = 14, .ofs_x = 1, .ofs_y = -1},
    {.bitmap_index = 13881, .adv_w = 256, .box_w = 14, .box_h = 15, .ofs_x = 1, .ofs_y = -2},
    {.bitmap_index = 13908, .adv_w = 256, .box_w = 14, .box_h = 14, .ofs_x = 0, .ofs_y = -1},
    {.bitmap_index = 13933, .adv_w = 256, .box_w = 14, .box_h = 14, .ofs_x = 1, .ofs_y = -1},
    {.bitmap_index = 13958, .adv_w = 256, .box_w = 14, .box_h = 14, .ofs_x = 1, .ofs_y = -1},
    {.bitmap_index = 13983, .adv_w = 256, .box_w = 13, .box_h = 14, .ofs_x = 0, .ofs_y = -1},
    {.bitmap_index = 14006, .adv_w = 256, .box_w = 13, .box_h = 14, .ofs_x = 1, .ofs_y = -1},
    {.bitmap_index = 14029, .adv_w = 256, .box_w = 14, .box_h = 14, .ofs_x = 1, .ofs_y = -1},
    {.bitmap_index = 14054, .adv_w = 256, .box_w = 14, .box_h = 15, .ofs_x = 1, .ofs_y = -1},
    {.bitmap_index = 14081, .adv_w = 256, .box_w = 14, .box_h = 14, .ofs_x = 1, .ofs_y = -1},
    {.bitmap_index = 14106, .adv_w = 256, .box_w = 14, .box_h = 15, .ofs_x = 1, .ofs_y = -1},
    {.bitmap_index = 14133, .adv_w = 256, .box_w = 14, .box_h = 14, .ofs_x = 1, .ofs_y = -1},
    {.bitmap_index = 14158, .adv_w = 256, .box_w = 14, .box_h = 14, .ofs_x = 1, .ofs_y = -1},
    {.bitmap_index = 14183, .adv_w = 256, .box_w = 14, .box_h = 15, .ofs_x = 1, .ofs_y = -1},
    {.bitmap_index = 14210, .adv_w = 256, .box_w = 14, .box_h = 14, .ofs_x = 0, .ofs_y = -1},
    {.bitmap_index = 14235, .adv_w = 256, .box_w = 14, .box_h = 14, .ofs_x = 0, .ofs_y = -1},
    {.bitmap_index = 14260, .adv_w = 256, .box_w = 14, .box_h = 14, .ofs_x = 0, .ofs_y = -1},
    {.bitmap_index = 14285, .adv_w = 256, .box_w = 13, .box_h = 14, .ofs_x = 1, .ofs_y = -1},
    {.bitmap_index = 14308, .adv_w = 256, .box_w = 13, .box_h = 15, .ofs_x = 1, .ofs_y = -1},
    {.bitmap_index = 14333, .adv_w = 256, .box_w = 13, .box_h = 14, .ofs_x = 1, .ofs_y = -1},
    {.bitmap_index = 14356, .adv_w = 256, .box_w = 13, .box_h = 15, .ofs_x = 1, .ofs_y = -1},
    {.bitmap_index = 14381, .adv_w = 256, .box_w = 14, .box_h = 16, .ofs_x = 1, .ofs_y = -2},
    {.bitmap_index = 14409, .adv_w = 256, .box_w = 13, .box_h = 15, .ofs_x = 1, .ofs_y = -1},
    {.bitmap_index = 14434, .adv_w = 256, .box_w = 14, .box_h = 14, .ofs_x = 0, .ofs_y = -1},
    {.bitmap_index = 14459, .adv_w = 256, .box_w = 13, .box_h = 14, .ofs_x = 1, .ofs_y = -1},
    {.bitmap_index = 14482, .adv_w = 256, .box_w = 14, .box_h = 12, .ofs_x = 1, .ofs_y = 1},
    {.bitmap_index = 14503, .adv_w = 256, .box_w = 14, .box_h = 14, .ofs_x = 1, .ofs_y = -1},
    {.bitmap_index = 14528, .adv_w = 256, .box_w = 14, .box_h = 15, .ofs_x = 1, .ofs_y = -1},
    {.bitmap_index = 14555, .adv_w = 256, .box_w = 14, .box_h = 15, .ofs_x = 1, .ofs_y = -1},
    {.bitmap_index = 14582, .adv_w = 256, .box_w = 14, .box_h = 14, .ofs_x = 1, .ofs_y = -1},
    {.bitmap_index = 14607, .adv_w = 256, .box_w = 14, .box_h = 14, .ofs_x = 0, .ofs_y = -1},
    {.bitmap_index = 14632, .adv_w = 256, .box_w = 14, .box_h = 14, .ofs_x = 1, .ofs_y = -1},
    {.bitmap_index = 14657, .adv_w = 256, .box_w = 14, .box_h = 14, .ofs_x = 1, .ofs_y = -1},
    {.bitmap_index = 14682, .adv_w = 256, .box_w = 14, .box_h = 15, .ofs_x = 1, .ofs_y = -1},
    {.bitmap_index = 14709, .adv_w = 256, .box_w = 14, .box_h = 15, .ofs_x = 1, .ofs_y = -1},
    {.bitmap_index = 14736, .adv_w = 256, .box_w = 14, .box_h = 15, .ofs_x = 1, .ofs_y = -1},
    {.bitmap_index = 14763, .adv_w = 256, .box_w = 14, .box_h = 15, .ofs_x = 1, .ofs_y = -1},
    {.bitmap_index = 14790, .adv_w = 256, .box_w = 14, .box_h = 15, .ofs_x = 1, .ofs_y = -1},
    {.bitmap_index = 14817, .adv_w = 256, .box_w = 14, .box_h = 15, .ofs_x = 1, .ofs_y = -1},
    {.bitmap_index = 14844, .adv_w = 256, .box_w = 13, .box_h = 14, .ofs_x = 1, .ofs_y = -1},
    {.bitmap_index = 14867, .adv_w = 256, .box_w = 14, .box_h = 12, .ofs_x = 1, .ofs_y = 1},
    {.bitmap_index = 14888, .adv_w = 256, .box_w = 14, .box_h = 14, .ofs_x = 1, .ofs_y = -1},
    {.bitmap_index = 14913, .adv_w = 256, .box_w = 14, .box_h = 14, .ofs_x = 1, .ofs_y = -1},
    {.bitmap_index = 14938, .adv_w = 256, .box_w = 12, .box_h = 14, .ofs_x = 1, .ofs_y = -1},
    {.bitmap_index = 14959, .adv_w = 256, .box_w = 12, .box_h = 15, .ofs_x = 1, .ofs_y = -1},
    {.bitmap_index = 14982, .adv_w = 256, .box_w = 13, .box_h = 14, .ofs_x = 1, .ofs_y = -1},
    {.bitmap_index = 15005, .adv_w = 256, .box_w = 13, .box_h = 15, .ofs_x = 1, .ofs_y = -1},
    {.bitmap_index = 15030, .adv_w = 256, .box_w = 12, .box_h = 15, .ofs_x = 1, .ofs_y = -1},
    {.bitmap_index = 15053, .adv_w = 256, .box_w = 12, .box_h = 15, .ofs_x = 1, .ofs_y = -1},
    {.bitmap_index = 15076, .adv_w = 256, .box_w = 14, .box_h = 14, .ofs_x = 1, .ofs_y = -1},
    {.bitmap_index = 15101, .adv_w = 256, .box_w = 14, .box_h = 14, .ofs_x = 1, .ofs_y = -1},
    {.bitmap_index = 15126, .adv_w = 256, .box_w = 13, .box_h = 14, .ofs_x = 1, .ofs_y = -1},
    {.bitmap_index = 15149, .adv_w = 256, .box_w = 13, .box_h = 14, .ofs_x = 1, .ofs_y = -1},
    {.bitmap_index = 15172, .adv_w = 256, .box_w = 13, .box_h = 14, .ofs_x = 1, .ofs_y = -1},
    {.bitmap_index = 15195, .adv_w = 256, .box_w = 13, .box_h = 14, .ofs_x = 1, .ofs_y = -1},
    {.bitmap_index = 15218, .adv_w = 256, .box_w = 14, .box_h = 11, .ofs_x = 1, .ofs_y = 1},
    {.bitmap_index = 15238, .adv_w = 256, .box_w = 14, .box_h = 14, .ofs_x = 1, .ofs_y = -1},
    {.bitmap_index = 15263, .adv_w = 256, .box_w = 14, .box_h = 14, .ofs_x = 1, .ofs_y = -1},
    {.bitmap_index = 15288, .adv_w = 256, .box_w = 14, .box_h = 11, .ofs_x = 1, .ofs_y = 1},
    {.bitmap_index = 15308, .adv_w = 256, .box_w = 14, .box_h = 14, .ofs_x = 1, .ofs_y = -1},
    {.bitmap_index = 15333, .adv_w = 256, .box_w = 14, .box_h = 14, .ofs_x = 1, .ofs_y = -1},
    {.bitmap_index = 15358, .adv_w = 256, .box_w = 14, .box_h = 14, .ofs_x = 1, .ofs_y = -1},
    {.bitmap_index = 15383, .adv_w = 256, .box_w = 12, .box_h = 14, .ofs_x = 1, .ofs_y = -1},
    {.bitmap_index = 15404, .adv_w = 256, .box_w = 12, .box_h = 14, .ofs_x = 2, .ofs_y = -1},
    {.bitmap_index = 15425, .adv_w = 256, .box_w = 14, .box_h = 14, .ofs_x = 2, .ofs_y = -1},
    {.bitmap_index = 15450, .adv_w = 256, .box_w = 14, .box_h = 14, .ofs_x = 2, .ofs_y = -1},
    {.bitmap_index = 15475, .adv_w = 256, .box_w = 14, .box_h = 14, .ofs_x = 2, .ofs_y = -1},
    {.bitmap_index = 15500, .adv_w = 256, .box_w = 14, .box_h = 15, .ofs_x = 2, .ofs_y = -2},
    {.bitmap_index = 15527, .adv_w = 256, .box_w = 14, .box_h = 14, .ofs_x = 2, .ofs_y = -1},
    {.bitmap_index = 15552, .adv_w = 256, .box_w = 13, .box_h = 14, .ofs_x = 2, .ofs_y = -1},
    {.bitmap_index = 15575, .adv_w = 256, .box_w = 13, .box_h = 14, .ofs_x = 2, .ofs_y = -1},
    {.bitmap_index = 15598, .adv_w = 256, .box_w = 13, .box_h = 14, .ofs_x = 2, .ofs_y = -1},
    {.bitmap_index = 15621, .adv_w = 256, .box_w = 12, .box_h = 14, .ofs_x = 2, .ofs_y = -1},
    {.bitmap_index = 15642, .adv_w = 256, .box_w = 12, .box_h = 14, .ofs_x = 2, .ofs_y = -1},
    {.bitmap_index = 15663, .adv_w = 256, .box_w = 12, .box_h = 14, .ofs_x = 2, .ofs_y = -1},
    {.bitmap_index = 15684, .adv_w = 256, .box_w = 12, .box_h = 14, .ofs_x = 2, .ofs_y = -1},
    {.bitmap_index = 15705, .adv_w = 256, .box_w = 13, .box_h = 14, .ofs_x = 2, .ofs_y = -1},
    {.bitmap_index = 15728, .adv_w = 256, .box_w = 13, .box_h = 14, .ofs_x = 2, .ofs_y = -1},
    {.bitmap_index = 15751, .adv_w = 256, .box_w = 12, .box_h = 14, .ofs_x = 2, .ofs_y = -1},
    {.bitmap_index = 15772, .adv_w = 256, .box_w = 13, .box_h = 14, .ofs_x = 2, .ofs_y = -1},
    {.bitmap_index = 15795, .adv_w = 256, .box_w = 14, .box_h = 11, .ofs_x = 1, .ofs_y = 1},
    {.bitmap_index = 15815, .adv_w = 256, .box_w = 14, .box_h = 14, .ofs_x = 1, .ofs_y = -1},
    {.bitmap_index = 15840, .adv_w = 256, .box_w = 14, .box_h = 14, .ofs_x = 1, .ofs_y = -1},
    {.bitmap_index = 15865, .adv_w = 256, .box_w = 14, .box_h = 14, .ofs_x = 1, .ofs_y = -1},
    {.bitmap_index = 15890, .adv_w = 256, .box_w = 14, .box_h = 11, .ofs_x = 1, .ofs_y = 1},
    {.bitmap_index = 15910, .adv_w = 256, .box_w = 14, .box_h = 14, .ofs_x = 1, .ofs_y = -1},
    {.bitmap_index = 15935, .adv_w = 256, .box_w = 14, .box_h = 14, .ofs_x = 1, .ofs_y = -1},
    {.bitmap_index = 15960, .adv_w = 256, .box_w = 14, .box_h = 14, .ofs_x = 1, .ofs_y = -1},
    {.bitmap_index = 15985, .adv_w = 256, .box_w = 14, .box_h = 14, .ofs_x = 1, .ofs_y = -1},
    {.bitmap_index = 16010, .adv_w = 256, .box_w = 14, .box_h = 14, .ofs_x = 1, .ofs_y = -1},
    {.bitmap_index = 16035, .adv_w = 256, .box_w = 12, .box_h = 14, .ofs_x = 2, .ofs_y = -1},
    {.bitmap_index = 16056, .adv_w = 256, .box_w = 12, .box_h = 14, .ofs_x = 2, .ofs_y = -1},
    {.bitmap_index = 16077, .adv_w = 256, .box_w = 14, .box_h = 14, .ofs_x = 1, .ofs_y = -1},
    {.bitmap_index = 16102, .adv_w = 256, .box_w = 14, .box_h = 14, .ofs_x = 1, .ofs_y = -1},
    {.bitmap_index = 16127, .adv_w = 256, .box_w = 14, .box_h = 14, .ofs_x = 1, .ofs_y = -1},
    {.bitmap_index = 16152, .adv_w = 256, .box_w = 13, .box_h = 14, .ofs_x = 1, .ofs_y = -1},
    {.bitmap_index = 16175, .adv_w = 256, .box_w = 13, .box_h = 14, .ofs_x = 1, .ofs_y = -1},
    {.bitmap_index = 16198, .adv_w = 256, .box_w = 13, .box_h = 14, .ofs_x = 1, .ofs_y = -1},
    {.bitmap_index = 16221, .adv_w = 256, .box_w = 14, .box_h = 14, .ofs_x = 0, .ofs_y = -1},
    {.bitmap_index = 16246, .adv_w = 256, .box_w = 13, .box_h = 14, .ofs_x = 1, .ofs_y = -1},
    {.bitmap_index = 16269, .adv_w = 256, .box_w = 13, .box_h = 14, .ofs_x = 1, .ofs_y = -1},
    {.bitmap_index = 16292, .adv_w = 256, .box_w = 13, .box_h = 14, .ofs_x = 1, .ofs_y = -1},
    {.bitmap_index = 16315, .adv_w = 256, .box_w = 13, .box_h = 14, .ofs_x = 1, .ofs_y = -1},
    {.bitmap_index = 16338, .adv_w = 256, .box_w = 14, .box_h = 11, .ofs_x = 1, .ofs_y = 1},
    {.bitmap_index = 16358, .adv_w = 256, .box_w = 14, .box_h = 14, .ofs_x = 1, .ofs_y = -1},
    {.bitmap_index = 16383, .adv_w = 256, .box_w = 14, .box_h = 11, .ofs_x = 1, .ofs_y = 1},
    {.bitmap_index = 16403, .adv_w = 256, .box_w = 14, .box_h = 14, .ofs_x = 1, .ofs_y = -1},
    {.bitmap_index = 16428, .adv_w = 256, .box_w = 14, .box_h = 14, .ofs_x = 1, .ofs_y = -1},
    {.bitmap_index = 16453, .adv_w = 256, .box_w = 14, .box_h = 14, .ofs_x = 1, .ofs_y = -1},
    {.bitmap_index = 16478, .adv_w = 256, .box_w = 14, .box_h = 14, .ofs_x = 1, .ofs_y = -1},
    {.bitmap_index = 16503, .adv_w = 256, .box_w = 14, .box_h = 11, .ofs_x = 1, .ofs_y = 1},
    {.bitmap_index = 16523, .adv_w = 256, .box_w = 14, .box_h = 14, .ofs_x = 1, .ofs_y = -1},
    {.bitmap_index = 16548, .adv_w = 256, .box_w = 14, .box_h = 14, .ofs_x = 1, .ofs_y = -1},
    {.bitmap_index = 16573, .adv_w = 256, .box_w = 13, .box_h = 14, .ofs_x = 1, .ofs_y = -1},
    {.bitmap_index = 16596, .adv_w = 256, .box_w = 12, .box_h = 14, .ofs_x = 1, .ofs_y = -1},
    {.bitmap_index = 16617, .adv_w = 256, .box_w = 13, .box_h = 14, .ofs_x = 1, .ofs_y = -1},
    {.bitmap_index = 16640, .adv_w = 256, .box_w = 14, .box_h = 15, .ofs_x = 0, .ofs_y = -2},
    {.bitmap_index = 16667, .adv_w = 256, .box_w = 14, .box_h = 14, .ofs_x = 1, .ofs_y = -1},
    {.bitmap_index = 16692, .adv_w = 256, .box_w = 14, .box_h = 15, .ofs_x = 1, .ofs_y = -1},
    {.bitmap_index = 16719, .adv_w = 256, .box_w = 14, .box_h = 15, .ofs_x = 1, .ofs_y = -1},
    {.bitmap_index = 16746, .adv_w = 256, .box_w = 14, .box_h = 15, .ofs_x = 1, .ofs_y = -1},
    {.bitmap_index = 16773, .adv_w = 256, .box_w = 14, .box_h = 15, .ofs_x = 1, .ofs_y = -1},
    {.bitmap_index = 16800, .adv_w = 256, .box_w = 14, .box_h = 15, .ofs_x = 1, .ofs_y = -1},
    {.bitmap_index = 16827, .adv_w = 256, .box_w = 13, .box_h = 14, .ofs_x = 1, .ofs_y = -1},
    {.bitmap_index = 16850, .adv_w = 256, .box_w = 13, .box_h = 14, .ofs_x = 1, .ofs_y = -1},
    {.bitmap_index = 16873, .adv_w = 256, .box_w = 14, .box_h = 15, .ofs_x = 1, .ofs_y = -2},
    {.bitmap_index = 16900, .adv_w = 256, .box_w = 13, .box_h = 14, .ofs_x = 1, .ofs_y = -1},
    {.bitmap_index = 16923, .adv_w = 256, .box_w = 14, .box_h = 15, .ofs_x = 1, .ofs_y = -1},
    {.bitmap_index = 16950, .adv_w = 256, .box_w = 13, .box_h = 14, .ofs_x = 1, .ofs_y = -1},
    {.bitmap_index = 16973, .adv_w = 256, .box_w = 13, .box_h = 15, .ofs_x = 1, .ofs_y = -1},
    {.bitmap_index = 16998, .adv_w = 256, .box_w = 13, .box_h = 14, .ofs_x = 1, .ofs_y = -1},
    {.bitmap_index = 17021, .adv_w = 256, .box_w = 13, .box_h = 14, .ofs_x = 1, .ofs_y = -1},
    {.bitmap_index = 17044, .adv_w = 256, .box_w = 13, .box_h = 15, .ofs_x = 1, .ofs_y = -1},
    {.bitmap_index = 17069, .adv_w = 256, .box_w = 13, .box_h = 15, .ofs_x = 1, .ofs_y = -1},
    {.bitmap_index = 17094, .adv_w = 256, .box_w = 13, .box_h = 15, .ofs_x = 1, .ofs_y = -1},
    {.bitmap_index = 17119, .adv_w = 256, .box_w = 14, .box_h = 14, .ofs_x = 1, .ofs_y = -1},
    {.bitmap_index = 17144, .adv_w = 256, .box_w = 14, .box_h = 12, .ofs_x = 1, .ofs_y = 1},
    {.bitmap_index = 17165, .adv_w = 256, .box_w = 14, .box_h = 15, .ofs_x = 1, .ofs_y = -1},
    {.bitmap_index = 17192, .adv_w = 256, .box_w = 14, .box_h = 15, .ofs_x = 1, .ofs_y = -1},
    {.bitmap_index = 17219, .adv_w = 256, .box_w = 14, .box_h = 15, .ofs_x = 1, .ofs_y = -1},
    {.bitmap_index = 17246, .adv_w = 256, .box_w = 14, .box_h = 15, .ofs_x = 1, .ofs_y = -1},
    {.bitmap_index = 17273, .adv_w = 256, .box_w = 15, .box_h = 15, .ofs_x = 0, .ofs_y = -1},
    {.bitmap_index = 17302, .adv_w = 256, .box_w = 13, .box_h = 14, .ofs_x = 2, .ofs_y = -1},
    {.bitmap_index = 17325, .adv_w = 256, .box_w = 14, .box_h = 15, .ofs_x = 1, .ofs_y = -1},
    {.bitmap_index = 17352, .adv_w = 256, .box_w = 15, .box_h = 15, .ofs_x = 0, .ofs_y = -1},
    {.bitmap_index = 17381, .adv_w = 256, .box_w = 15, .box_h = 15, .ofs_x = 0, .ofs_y = -1},
    {.bitmap_index = 17410, .adv_w = 256, .box_w = 13, .box_h = 15, .ofs_x = 1, .ofs_y = -1},
    {.bitmap_index = 17435, .adv_w = 256, .box_w = 13, .box_h = 14, .ofs_x = 1, .ofs_y = -1},
    {.bitmap_index = 17458, .adv_w = 256, .box_w = 14, .box_h = 12, .ofs_x = 1, .ofs_y = 1},
    {.bitmap_index = 17479, .adv_w = 256, .box_w = 14, .box_h = 15, .ofs_x = 1, .ofs_y = -1},
    {.bitmap_index = 17506, .adv_w = 256, .box_w = 14, .box_h = 15, .ofs_x = 1, .ofs_y = -1},
    {.bitmap_index = 17533, .adv_w = 256, .box_w = 14, .box_h = 15, .ofs_x = 1, .ofs_y = -1},
    {.bitmap_index = 17560, .adv_w = 256, .box_w = 13, .box_h = 14, .ofs_x = 1, .ofs_y = -1},
    {.bitmap_index = 17583, .adv_w = 256, .box_w = 13, .box_h = 15, .ofs_x = 1, .ofs_y = -1},
    {.bitmap_index = 17608, .adv_w = 256, .box_w = 14, .box_h = 15, .ofs_x = 1, .ofs_y = -1},
    {.bitmap_index = 17635, .adv_w = 256, .box_w = 14, .box_h = 15, .ofs_x = 1, .ofs_y = -1},
    {.bitmap_index = 17662, .adv_w = 256, .box_w = 14, .box_h = 12, .ofs_x = 1, .ofs_y = 1},
    {.bitmap_index = 17683, .adv_w = 256, .box_w = 14, .box_h = 14, .ofs_x = 1, .ofs_y = -1},
    {.bitmap_index = 17708, .adv_w = 256, .box_w = 14, .box_h = 15, .ofs_x = 1, .ofs_y = -1},
    {.bitmap_index = 17735, .adv_w = 256, .box_w = 14, .box_h = 15, .ofs_x = 1, .ofs_y = -1},
    {.bitmap_index = 17762, .adv_w = 256, .box_w = 14, .box_h = 15, .ofs_x = 1, .ofs_y = -1},
    {.bitmap_index = 17789, .adv_w = 256, .box_w = 14, .box_h = 15, .ofs_x = 1, .ofs_y = -1},
    {.bitmap_index = 17816, .adv_w = 256, .box_w = 14, .box_h = 15, .ofs_x = 1, .ofs_y = -1},
    {.bitmap_index = 17843, .adv_w = 256, .box_w = 13, .box_h = 15, .ofs_x = 1, .ofs_y = -1},
    {.bitmap_index = 17868, .adv_w = 256, .box_w = 13, .box_h = 15, .ofs_x = 1, .ofs_y = -1},
    {.bitmap_index = 17893, .adv_w = 256, .box_w = 12, .box_h = 14, .ofs_x = 1, .ofs_y = -1},
    {.bitmap_index = 17914, .adv_w = 256, .box_w = 12, .box_h = 15, .ofs_x = 1, .ofs_y = -1}
};

/*---------------------
 *  CHARACTER MAPPING
 *--------------------*/

static const uint16_t unicode_list_1[] = {
    0x0, 0x1, 0x4, 0x8, 0x10, 0x11, 0x15, 0x16,
    0x1a, 0x1b, 0x1c, 0x1d, 0x40, 0x54, 0x70, 0x71,
    0x74, 0x78, 0x80, 0x81, 0x83, 0x89, 0x8c, 0xa8,
    0xa9, 0xac, 0xb0, 0xbd, 0xc1, 0xc4, 0xe0, 0xe1,
    0xe4, 0xe7, 0xe8, 0xf0, 0xf1, 0xf3, 0xf5, 0xfc,
    0x100, 0x111, 0x11c, 0x134, 0x149, 0x150, 0x16c, 0x16d,
    0x170, 0x173, 0x175, 0x176, 0x17d, 0x181, 0x18c, 0x1c0,
    0x1dc, 0x1e0, 0x1f8, 0x1f9, 0x1fc, 0x200, 0x208, 0x209,
    0x20d, 0x230, 0x234, 0x238, 0x240, 0x24a, 0x24c, 0x24e,
    0x250, 0x254, 0x25c, 0x25d, 0x265, 0x268, 0x2bc, 0x2be,
    0x2cd, 0x2d8, 0x32c, 0x32d, 0x334, 0x342, 0x343, 0x349,
    0x364, 0x3b8, 0x3c8, 0x444, 0x44a, 0x44c, 0x453, 0x457,
    0x45d, 0x47c, 0x498, 0x49a, 0x49c, 0x4a0, 0x4a1, 0x4a8,
    0x4ab, 0x4ae, 0x4af, 0x4b4, 0x4c4, 0x4c9, 0x4d0, 0x508,
    0x510, 0x513, 0x518, 0x523, 0x524, 0x537, 0x540, 0x544,
    0x550, 0x555, 0x578, 0x57c, 0x580, 0x58d, 0x592, 0x593,
    0x5cc, 0x604, 0x608, 0x690, 0x698, 0x699, 0x6a5, 0x6ac,
    0x6c8, 0x6d0, 0x6d8, 0x6e4, 0x6e5, 0x6e8, 0x6eb, 0x6ec,
    0x6ed, 0x6ee, 0x6f4, 0x6f5, 0x6f7, 0x6f9, 0x6ff, 0x700,
    0x701, 0x710, 0x754, 0x755, 0x75c, 0x764, 0x765, 0x767,
    0x769, 0x76e, 0x770, 0x778, 0x7c4, 0x7c5, 0x7c8, 0x7cc,
    0x7d9, 0x818, 0x850, 0x860, 0x861, 0x8dc, 0x8dd, 0x8e0,
    0x8e3, 0x8e4, 0x8ec, 0x8ed, 0x8f1, 0x914, 0x92a, 0x930,
    0x945, 0x94c, 0x9a1, 0xab1, 0xb28, 0xb29, 0xb7c, 0xb7d,
    0xb80, 0xb8c, 0xb8d, 0xb91, 0xb97, 0xb98, 0xb99, 0xb9c,
    0xba8, 0xbab, 0xbc9, 0xbec, 0xbed, 0xbf0, 0xbfc, 0xbfd,
    0xc07, 0xc08, 0xc09, 0xc24, 0xc25, 0xc28, 0xc2c, 0xc35,
    0xc39, 0xc40, 0xc5c, 0xc5d, 0xc60, 0xc64, 0xc6d, 0xc6f,
    0xccc, 0xce8, 0xce9, 0xd04, 0xd58, 0xd59, 0xd60, 0xd74,
    0xd78, 0xd84, 0xd87, 0xd8e, 0xdac, 0xdbc, 0xdbd, 0xdbf,
    0xdc8, 0xdc9, 0xdcc, 0xdce, 0xdd0, 0xddb, 0xddd, 0xdde,
    0xde1, 0xde3, 0xde4, 0xde5, 0xde8, 0xdfa, 0xe38, 0xe39,
    0xe3c, 0xe40, 0xe48, 0xe4b, 0xe4d, 0xe54, 0xe70, 0xe74,
    0xe85, 0xe87, 0xea8, 0xea9, 0xeb0, 0xeb8, 0xeb9, 0xebb,
    0xf34, 0xf35, 0xf36, 0xf38, 0xf3b, 0xf3c, 0xf47, 0xf54,
    0xff8, 0xffc, 0xfff, 0x1000, 0x1014, 0x1015, 0x1016, 0x1018,
    0x101b, 0x101c, 0x101d, 0x101f, 0x1025, 0x1029, 0x102d, 0x1030,
    0x1031, 0x1034, 0x1043, 0x1084, 0x1088, 0x108c, 0x1094, 0x1095,
    0x1097, 0x10bd, 0x10c0, 0x10c4, 0x10cd, 0x10d1, 0x10f4, 0x10f5,
    0x10f6, 0x10f8, 0x1109, 0x1180, 0x1181, 0x1184, 0x1188, 0x1189,
    0x1193, 0x1195, 0x1199, 0x120c, 0x1214, 0x1244, 0x124c, 0x125b,
    0x1260, 0x1268, 0x1275, 0x127c, 0x12a8, 0x12d0, 0x12d4, 0x12d7,
    0x1308, 0x1351, 0x13cc, 0x1458, 0x1468, 0x14ac, 0x14b0, 0x14b4,
    0x14b6, 0x14c1, 0x14c8, 0x14c9, 0x14cc, 0x14dd, 0x151c, 0x151d,
    0x151e, 0x1520, 0x1524, 0x152c, 0x1531, 0x1538, 0x154b, 0x1558,
    0x158c, 0x158d, 0x1590, 0x1594, 0x159c, 0x159f, 0x15a1, 0x15c4,
    0x15e0, 0x1618, 0x1619, 0x161c, 0x1620, 0x1628, 0x162b, 0x166c,
    0x167d, 0x16a4, 0x16ac, 0x16b5, 0x16b9, 0x16dc, 0x16dd, 0x16e0,
    0x16e3, 0x16e4, 0x16eb, 0x16ec, 0x16ed, 0x16f8, 0x170d, 0x1713,
    0x1769, 0x1779, 0x1784, 0x17d8, 0x17df, 0x18f0, 0x1900, 0x1928,
    0x1929, 0x1939, 0x1944, 0x1945, 0x1948, 0x1949, 0x194a, 0x194c,
    0x1953, 0x1955, 0x195e, 0x1960, 0x1961, 0x197c, 0x197d, 0x1987,
    0x1991, 0x1997, 0x1998, 0x19b4, 0x19b5, 0x19b8, 0x19b9, 0x19bc,
    0x19c4, 0x19c5, 0x19c6, 0x19c9, 0x19cc, 0x19d0, 0x19ec, 0x19ed,
    0x19f0, 0x19f4, 0x19fc, 0x19fd, 0x1a01, 0x1a08, 0x1a1b, 0x1a24,
    0x1a25, 0x1a28, 0x1a2c, 0x1a33, 0x1a40, 0x1a44, 0x1a55, 0x1a5c,
    0x1a60, 0x1a78, 0x1a7c, 0x1a94, 0x1a95, 0x1aa9, 0x1ab0, 0x1ab1,
    0x1ab4, 0x1ab8, 0x1ac0, 0x1ac3, 0x1acc, 0x1ad0, 0x1ad4, 0x1ae8,
    0x1aec, 0x1b04, 0x1b20, 0x1b21, 0x1b28, 0x1b3c, 0x1b3d, 0x1b40,
    0x1b44, 0x1b4c, 0x1b51, 0x1b58, 0x1b74, 0x1b75, 0x1b78, 0x1b7c,
    0x1b83, 0x1b84, 0x1b85, 0x1b87, 0x1b8a, 0x1b8e, 0x1b90, 0x1b91,
    0x1b94, 0x1b98, 0x1ba0, 0x1ba1, 0x1ba5, 0x1bac, 0x1bc1, 0x1c00,
    0x1c01, 0x1c04, 0x1c08, 0x1c0a, 0x1c10, 0x1c11, 0x1c13, 0x1c15,
    0x1c16, 0x1c1c, 0x1c20, 0x1c38, 0x1c70, 0x1c71, 0x1c74, 0x1c78,
    0x1c81, 0x1c85, 0x1c8b, 0x1c8c, 0x1cc4, 0x1cfc, 0x1cfd, 0x1d00,
    0x1d04, 0x1d0c, 0x1d0d, 0x1d11, 0x1d50, 0x1d88, 0x1d89, 0x1d90,
    0x1d9d, 0x1dc0, 0x1dc1, 0x1dc4, 0x1dc8, 0x1dd0, 0x1dd1, 0x1dd3,
    0x1dd5, 0x1dd9, 0x1dda, 0x1ddc, 0x1ddd, 0x1df8, 0x1e0c, 0x1e4c,
    0x1ebd, 0x1ed3, 0x200c, 0x200d, 0x2028, 0x2029, 0x202c, 0x2030,
    0x2038, 0x203d, 0x203e, 0x2044, 0x2045, 0x2059, 0x2098, 0x2099,
    0x209c, 0x20a0, 0x20ab, 0x20ad, 0x20b4, 0x20d0, 0x2108, 0x2109,
    0x210c, 0x211d, 0x212c, 0x215c, 0x2194, 0x2195, 0x2198, 0x219c,
    0x21a4, 0x21a5, 0x21a7, 0x21a9, 0x21e8, 0x2220, 0x2230, 0x2235,
    0x2258, 0x2259, 0x225c, 0x2260, 0x2268, 0x226d, 0x2274, 0x227c,
    0x22e4, 0x22e8, 0x22f5, 0x231c, 0x2354, 0x2364, 0x2369, 0x246c,
    0x2470, 0x2474, 0x247c, 0x24a4, 0x24ac, 0x24c0, 0x24c1, 0x24d1,
    0x24d3, 0x24d5, 0x24dc, 0x24dd, 0x24e4, 0x2530, 0x2531, 0x2534,
    0x2538, 0x254c, 0x254d, 0x2554, 0x255c, 0x25a0, 0x25a4, 0x25b5,
    0x262c, 0x26b8, 0x26b9, 0x26bc, 0x26bf, 0x26c0, 0x26c8, 0x26f0,
    0x26f1, 0x270c, 0x2710, 0x2714, 0x2728, 0x272c, 0x277c, 0x2798,
    0x27b4, 0x27b8, 0x27bc, 0x27c9, 0x27ec, 0x27ed, 0x285c, 0x2878,
    0x2880, 0x2888, 0x288d, 0x2904, 0x290c, 0x2914, 0x293c, 0x293d,
    0x2944, 0x294f, 0x2958, 0x2959, 0x295c, 0x2968, 0x2969, 0x296d,
    0x2974, 0x2975, 0x2987, 0x2989, 0x29a5, 0x29c8, 0x29d8, 0x29e4,
    0x2a00, 0x2a04, 0x2a11, 0x2a15, 0x2a1c, 0x2a38, 0x2a39, 0x2a3c,
    0x2a40, 0x2a4d, 0x2a54, 0x2a55, 0x2a58, 0x2a5c, 0x2a69, 0x2a8c,
    0x2a8d, 0x2aa8, 0x2ac4, 0x2ac8, 0x2ad4, 0x2b18, 0x2b20, 0x2b34,
    0x2b49, 0x2b50, 0x2b54, 0x2b58, 0x2b59, 0x2b61, 0x2b65, 0x2b69,
    0x2b6c, 0x2b70, 0x2b88, 0x2b98
};

/*Collect the unicode lists and glyph_id offsets*/
static const lv_font_fmt_txt_cmap_t cmaps[] =
{
    {
        .range_start = 32, .range_length = 95, .glyph_id_start = 1,
        .unicode_list = NULL, .glyph_id_ofs_list = NULL, .list_length = 0, .type = LV_FONT_FMT_TXT_CMAP_FORMAT0_TINY
    },
    {
        .range_start = 44032, .range_length = 11161, .glyph_id_start = 96,
        .unicode_list = unicode_list_1, .glyph_id_ofs_list = NULL, .list_length = 708, .type = LV_FONT_FMT_TXT_CMAP_SPARSE_TINY
    }
};



/*--------------------
 *  ALL CUSTOM DATA
 *--------------------*/

#if LVGL_VERSION_MAJOR == 8
/*Store all the custom data of the font*/
static  lv_font_fmt_txt_glyph_cache_t cache;
#endif

#if LVGL_VERSION_MAJOR >= 8
static const lv_font_fmt_txt_dsc_t font_dsc = {
#else
static lv_font_fmt_txt_dsc_t font_dsc = {
#endif
    .glyph_bitmap = glyph_bitmap,
    .glyph_dsc = glyph_dsc,
    .cmaps = cmaps,
    .kern_dsc = NULL,
    .kern_scale = 0,
    .cmap_num = 2,
    .bpp = 1,
    .kern_classes = 0,
    .bitmap_format = 0,
#if LVGL_VERSION_MAJOR == 8
    .cache = &cache
#endif
};



/*-----------------
 *  PUBLIC FONT
 *----------------*/

/*Initialize a public general font descriptor*/
#if LVGL_VERSION_MAJOR >= 8
const lv_font_t ui_font_Font1 = {
#else
lv_font_t ui_font_Font1 = {
#endif
    .get_glyph_dsc = lv_font_get_glyph_dsc_fmt_txt,    /*Function pointer to get glyph's data*/
    .get_glyph_bitmap = lv_font_get_bitmap_fmt_txt,    /*Function pointer to get glyph's bitmap*/
    .line_height = 18,          /*The maximum line height required by the font*/
    .base_line = 4,             /*Baseline measured from the bottom of the line*/
#if !(LVGL_VERSION_MAJOR == 6 && LVGL_VERSION_MINOR == 0)
    .subpx = LV_FONT_SUBPX_NONE,
#endif
#if LV_VERSION_CHECK(7, 4, 0) || LVGL_VERSION_MAJOR >= 8
    .underline_position = -3,
    .underline_thickness = 1,
#endif
    .dsc = &font_dsc,          /*The custom font data. Will be accessed by `get_glyph_bitmap/dsc` */
#if LV_VERSION_CHECK(8, 2, 0) || LVGL_VERSION_MAJOR >= 9
    .fallback = NULL,
#endif
    .user_data = NULL,
};



#endif /*#if UI_FONT_FONT1*/

